partner_iso,partner_id,sector,sector_id,period,period_id,trade_value_m_usd,net_mass_mt,china_share,treated,post,treat_post,dose_post,treat_dose_post
CHN,0,3926,0,202301,0,552.4,88350.08,0.592931327318276,0,0,0,0.0,0.0
CHN,0,3926,0,202302,1,466.27,71563.51,0.592931327318276,0,0,0,0.0,0.0
CHN,0,3926,0,202303,2,450.31,75328.42,0.592931327318276,0,0,0,0.0,0.0
CHN,0,3926,0,202304,3,549.15,94730.01,0.592931327318276,0,0,0,0.0,0.0
CHN,0,3926,0,202305,4,558.99,112163.83,0.592931327318276,0,0,0,0.0,0.0
CHN,0,3926,0,202306,5,551.61,93311.5,0.592931327318276,0,0,0,0.0,0.0
CHN,0,3926,0,202307,6,528.64,87438.99,0.592931327318276,0,0,0,0.0,0.0
CHN,0,3926,0,202308,7,572.54,82766.61,0.592931327318276,0,0,0,0.0,0.0
CHN,0,3926,0,202309,8,541.51,87197.66,0.592931327318276,0,0,0,0.0,0.0
CHN,0,3926,0,202310,9,564.95,97279.63,0.592931327318276,0,0,0,0.0,0.0
CHN,0,3926,0,202311,10,502.22,91444.79,0.592931327318276,0,0,0,0.0,0.0
CHN,0,3926,0,202312,11,511.58,84185.49,0.592931327318276,0,0,0,0.0,0.0
CHN,0,3926,0,202401,12,597.17,100478.8,0.592931327318276,0,0,0,0.0,0.0
CHN,0,3926,0,202402,13,558.22,102755.58,0.592931327318276,0,0,0,0.0,0.0
CHN,0,3926,0,202403,14,491.91,78175.05,0.592931327318276,0,0,0,0.0,0.0
CHN,0,3926,0,202404,15,526.11,43465.74,0.592931327318276,0,0,0,0.0,0.0
CHN,0,3926,0,202405,16,584.06,52426.09,0.592931327318276,0,0,0,0.0,0.0
CHN,0,3926,0,202406,17,558.21,51054.75,0.592931327318276,0,0,0,0.0,0.0
CHN,0,3926,0,202407,18,622.92,66086.47,0.592931327318276,0,0,0,0.0,0.0
CHN,0,3926,0,202408,19,633.61,59594.18,0.592931327318276,0,0,0,0.0,0.0
CHN,0,3926,0,202409,20,620.13,61615.29,0.592931327318276,0,0,0,0.0,0.0
CHN,0,3926,0,202410,21,583.02,54517.04,0.592931327318276,0,0,0,0.0,0.0
CHN,0,3926,0,202411,22,539.37,51657.69,0.592931327318276,0,0,0,0.0,0.0
CHN,0,3926,0,202412,23,602.4,55095.28,0.592931327318276,0,0,0,0.0,0.0
CHN,0,3926,0,202501,24,658.17,60436.06,0.592931327318276,0,0,0,0.0,0.0
CHN,0,3926,0,202502,25,541.75,49751.55,0.592931327318276,0,0,0,0.0,0.0
CHN,0,3926,0,202503,26,517.5,47609.13,0.592931327318276,0,0,0,0.0,0.0
CHN,0,3926,0,202504,27,491.87,51618.71,0.592931327318276,0,1,0,0.592931327318276,0.0
CHN,0,3926,0,202505,28,412.58,44548.16,0.592931327318276,0,1,0,0.592931327318276,0.0
CHN,0,3926,0,202506,29,397.26,50878.07,0.592931327318276,0,1,0,0.592931327318276,0.0
CHN,0,3926,0,202507,30,535.01,63350.57,0.592931327318276,0,1,0,0.592931327318276,0.0
CHN,0,3926,0,202508,31,541.61,122908.19,0.592931327318276,0,1,0,0.592931327318276,0.0
CHN,0,3926,0,202509,32,446.36,112966.31,0.592931327318276,0,1,0,0.592931327318276,0.0
CHN,0,3926,0,202510,33,461.41,119869.01,0.592931327318276,0,1,0,0.592931327318276,0.0
CHN,0,3926,0,202511,34,408.31,56916.36,0.592931327318276,0,1,0,0.592931327318276,0.0
CHN,0,3926,0,202512,35,429.97,53972.83,0.592931327318276,0,1,0,0.592931327318276,0.0
CHN,0,4202,1,202301,0,268.53,27023.6,0.5082599842937704,0,0,0,0.0,0.0
CHN,0,4202,1,202302,1,226.67,20923.01,0.5082599842937704,0,0,0,0.0,0.0
CHN,0,4202,1,202303,2,176.27,18681.94,0.5082599842937704,0,0,0,0.0,0.0
CHN,0,4202,1,202304,3,234.81,24848.53,0.5082599842937704,0,0,0,0.0,0.0
CHN,0,4202,1,202305,4,294.3,31860.48,0.5082599842937704,0,0,0,0.0,0.0
CHN,0,4202,1,202306,5,277.81,30290.3,0.5082599842937704,0,0,0,0.0,0.0
CHN,0,4202,1,202307,6,229.9,24415.71,0.5082599842937704,0,0,0,0.0,0.0
CHN,0,4202,1,202308,7,248.36,24329.03,0.5082599842937704,0,0,0,0.0,0.0
CHN,0,4202,1,202309,8,242.27,23693.93,0.5082599842937704,0,0,0,0.0,0.0
CHN,0,4202,1,202310,9,236.4,25786.29,0.5082599842937704,0,0,0,0.0,0.0
CHN,0,4202,1,202311,10,207.27,21993.7,0.5082599842937704,0,0,0,0.0,0.0
CHN,0,4202,1,202312,11,218.07,21105.61,0.5082599842937704,0,0,0,0.0,0.0
CHN,0,4202,1,202401,12,235.79,24620.65,0.5082599842937704,0,0,0,0.0,0.0
CHN,0,4202,1,202402,13,238.3,24066.71,0.5082599842937704,0,0,0,0.0,0.0
CHN,0,4202,1,202403,14,196.7,19596.57,0.5082599842937704,0,0,0,0.0,0.0
CHN,0,4202,1,202404,15,201.17,8968.72,0.5082599842937704,0,0,0,0.0,0.0
CHN,0,4202,1,202405,16,254.01,11521.18,0.5082599842937704,0,0,0,0.0,0.0
CHN,0,4202,1,202406,17,263.4,11731.15,0.5082599842937704,0,0,0,0.0,0.0
CHN,0,4202,1,202407,18,277.26,12855.76,0.5082599842937704,0,0,0,0.0,0.0
CHN,0,4202,1,202408,19,242.28,11148.09,0.5082599842937704,0,0,0,0.0,0.0
CHN,0,4202,1,202409,20,258.79,12157.93,0.5082599842937704,0,0,0,0.0,0.0
CHN,0,4202,1,202410,21,242.31,11318.21,0.5082599842937704,0,0,0,0.0,0.0
CHN,0,4202,1,202411,22,220.53,10623.94,0.5082599842937704,0,0,0,0.0,0.0
CHN,0,4202,1,202412,23,212.97,10050.14,0.5082599842937704,0,0,0,0.0,0.0
CHN,0,4202,1,202501,24,250.94,11445.62,0.5082599842937704,0,0,0,0.0,0.0
CHN,0,4202,1,202502,25,224.22,10471.03,0.5082599842937704,0,0,0,0.0,0.0
CHN,0,4202,1,202503,26,179.54,8446.47,0.5082599842937704,0,0,0,0.0,0.0
CHN,0,4202,1,202504,27,177.03,8477.68,0.5082599842937704,0,1,0,0.5082599842937704,0.0
CHN,0,4202,1,202505,28,143.45,6741.22,0.5082599842937704,0,1,0,0.5082599842937704,0.0
CHN,0,4202,1,202506,29,151.49,7175.76,0.5082599842937704,0,1,0,0.5082599842937704,0.0
CHN,0,4202,1,202507,30,181.8,8503.39,0.5082599842937704,0,1,0,0.5082599842937704,0.0
CHN,0,4202,1,202508,31,155.08,17576.79,0.5082599842937704,0,1,0,0.5082599842937704,0.0
CHN,0,4202,1,202509,32,118.43,14879.32,0.5082599842937704,0,1,0,0.5082599842937704,0.0
CHN,0,4202,1,202510,33,126.08,14867.92,0.5082599842937704,0,1,0,0.5082599842937704,0.0
CHN,0,4202,1,202511,34,117.89,5326.41,0.5082599842937704,0,1,0,0.5082599842937704,0.0
CHN,0,4202,1,202512,35,123.21,5583.4,0.5082599842937704,0,1,0,0.5082599842937704,0.0
CHN,0,6110,2,202301,0,155.24,9593.64,0.43468577984429585,0,0,0,0.0,0.0
CHN,0,6110,2,202302,1,93.02,5864.6,0.43468577984429585,0,0,0,0.0,0.0
CHN,0,6110,2,202303,2,82.05,5080.27,0.43468577984429585,0,0,0,0.0,0.0
CHN,0,6110,2,202304,3,85.64,5893.63,0.43468577984429585,0,0,0,0.0,0.0
CHN,0,6110,2,202305,4,137.98,11225.6,0.43468577984429585,0,0,0,0.0,0.0
CHN,0,6110,2,202306,5,231.47,18632.69,0.43468577984429585,0,0,0,0.0,0.0
CHN,0,6110,2,202307,6,336.03,25641.17,0.43468577984429585,0,0,0,0.0,0.0
CHN,0,6110,2,202308,7,372.82,30439.77,0.43468577984429585,0,0,0,0.0,0.0
CHN,0,6110,2,202309,8,397.56,32193.89,0.43468577984429585,0,0,0,0.0,0.0
CHN,0,6110,2,202310,9,284.5,23205.64,0.43468577984429585,0,0,0,0.0,0.0
CHN,0,6110,2,202311,10,179.77,15059.93,0.43468577984429585,0,0,0,0.0,0.0
CHN,0,6110,2,202312,11,155.93,12512.56,0.43468577984429585,0,0,0,0.0,0.0
CHN,0,6110,2,202401,12,174.58,12810.49,0.43468577984429585,0,0,0,0.0,0.0
CHN,0,6110,2,202402,13,113.3,8494.5,0.43468577984429585,0,0,0,0.0,0.0
CHN,0,6110,2,202403,14,91.04,5913.16,0.43468577984429585,0,0,0,0.0,0.0
CHN,0,6110,2,202404,15,84.2,2460.7,0.43468577984429585,0,0,0,0.0,0.0
CHN,0,6110,2,202405,16,115.06,3375.62,0.43468577984429585,0,0,0,0.0,0.0
CHN,0,6110,2,202406,17,208.29,5909.54,0.43468577984429585,0,0,0,0.0,0.0
CHN,0,6110,2,202407,18,365.72,9505.34,0.43468577984429585,0,0,0,0.0,0.0
CHN,0,6110,2,202408,19,387.67,10170.71,0.43468577984429585,0,0,0,0.0,0.0
CHN,0,6110,2,202409,20,388.57,10403.29,0.43468577984429585,0,0,0,0.0,0.0
CHN,0,6110,2,202410,21,343.38,9509.94,0.43468577984429585,0,0,0,0.0,0.0
CHN,0,6110,2,202411,22,236.13,6811.97,0.43468577984429585,0,0,0,0.0,0.0
CHN,0,6110,2,202412,23,202.68,5967.15,0.43468577984429585,0,0,0,0.0,0.0
CHN,0,6110,2,202501,24,216.01,6388.9,0.43468577984429585,0,0,0,0.0,0.0
CHN,0,6110,2,202502,25,124.93,3734.41,0.43468577984429585,0,0,0,0.0,0.0
CHN,0,6110,2,202503,26,90.64,2800.06,0.43468577984429585,0,0,0,0.0,0.0
CHN,0,6110,2,202504,27,90.13,2819.71,0.43468577984429585,0,1,0,0.43468577984429585,0.0
CHN,0,6110,2,202505,28,63.72,1906.18,0.43468577984429585,0,1,0,0.43468577984429585,0.0
CHN,0,6110,2,202506,29,125.77,3600.91,0.43468577984429585,0,1,0,0.43468577984429585,0.0
CHN,0,6110,2,202507,30,207.53,4977.02,0.43468577984429585,0,1,0,0.43468577984429585,0.0
CHN,0,6110,2,202508,31,198.12,19144.52,0.43468577984429585,0,1,0,0.43468577984429585,0.0
CHN,0,6110,2,202509,32,160.66,18697.72,0.43468577984429585,0,1,0,0.43468577984429585,0.0
CHN,0,6110,2,202510,33,142.62,13819.0,0.43468577984429585,0,1,0,0.43468577984429585,0.0
CHN,0,6110,2,202511,34,111.41,2984.71,0.43468577984429585,0,1,0,0.43468577984429585,0.0
CHN,0,6110,2,202512,35,94.04,2588.74,0.43468577984429585,0,1,0,0.43468577984429585,0.0
CHN,0,6204,3,202301,0,261.26,16469.94,0.42349635741507496,0,0,0,0.0,0.0
CHN,0,6204,3,202302,1,190.13,12231.13,0.42349635741507496,0,0,0,0.0,0.0
CHN,0,6204,3,202303,2,184.18,12786.75,0.42349635741507496,0,0,0,0.0,0.0
CHN,0,6204,3,202304,3,206.23,13790.4,0.42349635741507496,0,0,0,0.0,0.0
CHN,0,6204,3,202305,4,212.53,16781.69,0.42349635741507496,0,0,0,0.0,0.0
CHN,0,6204,3,202306,5,204.59,17338.84,0.42349635741507496,0,0,0,0.0,0.0
CHN,0,6204,3,202307,6,209.16,15787.53,0.42349635741507496,0,0,0,0.0,0.0
CHN,0,6204,3,202308,7,178.56,14276.07,0.42349635741507496,0,0,0,0.0,0.0
CHN,0,6204,3,202309,8,150.26,11158.79,0.42349635741507496,0,0,0,0.0,0.0
CHN,0,6204,3,202310,9,155.05,11345.5,0.42349635741507496,0,0,0,0.0,0.0
CHN,0,6204,3,202311,10,141.27,11188.02,0.42349635741507496,0,0,0,0.0,0.0
CHN,0,6204,3,202312,11,169.25,13447.5,0.42349635741507496,0,0,0,0.0,0.0
CHN,0,6204,3,202401,12,253.11,19017.2,0.42349635741507496,0,0,0,0.0,0.0
CHN,0,6204,3,202402,13,215.02,16226.77,0.42349635741507496,0,0,0,0.0,0.0
CHN,0,6204,3,202403,14,156.86,10046.38,0.42349635741507496,0,0,0,0.0,0.0
CHN,0,6204,3,202404,15,178.87,4133.47,0.42349635741507496,0,0,0,0.0,0.0
CHN,0,6204,3,202405,16,196.69,4593.34,0.42349635741507496,0,0,0,0.0,0.0
CHN,0,6204,3,202406,17,199.31,4935.67,0.42349635741507496,0,0,0,0.0,0.0
CHN,0,6204,3,202407,18,233.15,6252.29,0.42349635741507496,0,0,0,0.0,0.0
CHN,0,6204,3,202408,19,179.65,4854.73,0.42349635741507496,0,0,0,0.0,0.0
CHN,0,6204,3,202409,20,165.47,4430.99,0.42349635741507496,0,0,0,0.0,0.0
CHN,0,6204,3,202410,21,162.24,4440.49,0.42349635741507496,0,0,0,0.0,0.0
CHN,0,6204,3,202411,22,148.75,4169.83,0.42349635741507496,0,0,0,0.0,0.0
CHN,0,6204,3,202412,23,183.5,5047.36,0.42349635741507496,0,0,0,0.0,0.0
CHN,0,6204,3,202501,24,292.53,7589.7,0.42349635741507496,0,0,0,0.0,0.0
CHN,0,6204,3,202502,25,217.92,5785.21,0.42349635741507496,0,0,0,0.0,0.0
CHN,0,6204,3,202503,26,166.28,4156.52,0.42349635741507496,0,0,0,0.0,0.0
CHN,0,6204,3,202504,27,139.37,3645.57,0.42349635741507496,0,1,0,0.42349635741507496,0.0
CHN,0,6204,3,202505,28,103.47,2540.13,0.42349635741507496,0,1,0,0.42349635741507496,0.0
CHN,0,6204,3,202506,29,124.99,3337.45,0.42349635741507496,0,1,0,0.42349635741507496,0.0
CHN,0,6204,3,202507,30,124.39,3107.1,0.42349635741507496,0,1,0,0.42349635741507496,0.0
CHN,0,6204,3,202508,31,104.0,9618.55,0.42349635741507496,0,1,0,0.42349635741507496,0.0
CHN,0,6204,3,202509,32,81.7,7502.86,0.42349635741507496,0,1,0,0.42349635741507496,0.0
CHN,0,6204,3,202510,33,91.51,7661.19,0.42349635741507496,0,1,0,0.42349635741507496,0.0
CHN,0,6204,3,202511,34,79.81,2078.26,0.42349635741507496,0,1,0,0.42349635741507496,0.0
CHN,0,6204,3,202512,35,93.32,2345.71,0.42349635741507496,0,1,0,0.42349635741507496,0.0
CHN,0,6402,4,202301,0,513.63,22066.59,0.6876787251706538,0,0,0,0.0,0.0
CHN,0,6402,4,202302,1,356.01,15149.87,0.6876787251706538,0,0,0,0.0,0.0
CHN,0,6402,4,202303,2,234.06,9904.17,0.6876787251706538,0,0,0,0.0,0.0
CHN,0,6402,4,202304,3,289.77,12306.48,0.6876787251706538,0,0,0,0.0,0.0
CHN,0,6402,4,202305,4,298.96,12747.49,0.6876787251706538,0,0,0,0.0,0.0
CHN,0,6402,4,202306,5,310.07,13273.31,0.6876787251706538,0,0,0,0.0,0.0
CHN,0,6402,4,202307,6,326.76,12596.32,0.6876787251706538,0,0,0,0.0,0.0
CHN,0,6402,4,202308,7,310.01,11901.78,0.6876787251706538,0,0,0,0.0,0.0
CHN,0,6402,4,202309,8,249.34,9559.3,0.6876787251706538,0,0,0,0.0,0.0
CHN,0,6402,4,202310,9,225.9,8717.32,0.6876787251706538,0,0,0,0.0,0.0
CHN,0,6402,4,202311,10,201.64,7708.78,0.6876787251706538,0,0,0,0.0,0.0
CHN,0,6402,4,202312,11,262.2,9913.8,0.6876787251706538,0,0,0,0.0,0.0
CHN,0,6402,4,202401,12,412.43,15748.6,0.6876787251706538,0,0,0,0.0,0.0
CHN,0,6402,4,202402,13,393.73,14873.76,0.6876787251706538,0,0,0,0.0,0.0
CHN,0,6402,4,202403,14,278.34,10337.31,0.6876787251706538,0,0,0,0.0,0.0
CHN,0,6402,4,202404,15,269.57,10072.83,0.6876787251706538,0,0,0,0.0,0.0
CHN,0,6402,4,202405,16,271.59,10215.6,0.6876787251706538,0,0,0,0.0,0.0
CHN,0,6402,4,202406,17,281.51,10640.69,0.6876787251706538,0,0,0,0.0,0.0
CHN,0,6402,4,202407,18,370.5,15240.38,0.6876787251706538,0,0,0,0.0,0.0
CHN,0,6402,4,202408,19,314.91,12940.19,0.6876787251706538,0,0,0,0.0,0.0
CHN,0,6402,4,202409,20,270.48,11088.4,0.6876787251706538,0,0,0,0.0,0.0
CHN,0,6402,4,202410,21,232.17,9487.79,0.6876787251706538,0,0,0,0.0,0.0
CHN,0,6402,4,202411,22,217.04,8897.21,0.6876787251706538,0,0,0,0.0,0.0
CHN,0,6402,4,202412,23,312.78,12844.1,0.6876787251706538,0,0,0,0.0,0.0
CHN,0,6402,4,202501,24,431.18,18002.94,0.6876787251706538,0,0,0,0.0,0.0
CHN,0,6402,4,202502,25,384.72,15936.45,0.6876787251706538,0,0,0,0.0,0.0
CHN,0,6402,4,202503,26,256.88,10388.95,0.6876787251706538,0,0,0,0.0,0.0
CHN,0,6402,4,202504,27,247.9,9990.33,0.6876787251706538,0,1,0,0.6876787251706538,0.0
CHN,0,6402,4,202505,28,136.33,5318.49,0.6876787251706538,0,1,0,0.6876787251706538,0.0
CHN,0,6402,4,202506,29,199.38,7745.67,0.6876787251706538,0,1,0,0.6876787251706538,0.0
CHN,0,6402,4,202507,30,213.54,8316.5,0.6876787251706538,0,1,0,0.6876787251706538,0.0
CHN,0,6402,4,202508,31,207.84,8057.34,0.6876787251706538,0,1,0,0.6876787251706538,0.0
CHN,0,6402,4,202509,32,152.21,5896.65,0.6876787251706538,0,1,0,0.6876787251706538,0.0
CHN,0,6402,4,202510,33,134.12,5262.91,0.6876787251706538,0,1,0,0.6876787251706538,0.0
CHN,0,6402,4,202511,34,134.05,5254.78,0.6876787251706538,0,1,0,0.6876787251706538,0.0
CHN,0,6402,4,202512,35,144.43,5739.74,0.6876787251706538,0,1,0,0.6876787251706538,0.0
CHN,0,6403,5,202301,0,280.14,7706.36,0.3564216173855382,0,0,0,0.0,0.0
CHN,0,6403,5,202302,1,209.32,5767.56,0.3564216173855382,0,0,0,0.0,0.0
CHN,0,6403,5,202303,2,137.49,3805.95,0.3564216173855382,0,0,0,0.0,0.0
CHN,0,6403,5,202304,3,159.33,4567.09,0.3564216173855382,0,0,0,0.0,0.0
CHN,0,6403,5,202305,4,202.47,5571.53,0.3564216173855382,0,0,0,0.0,0.0
CHN,0,6403,5,202306,5,233.8,6463.64,0.3564216173855382,0,0,0,0.0,0.0
CHN,0,6403,5,202307,6,253.64,6188.98,0.3564216173855382,0,0,0,0.0,0.0
CHN,0,6403,5,202308,7,276.5,6577.44,0.3564216173855382,0,0,0,0.0,0.0
CHN,0,6403,5,202309,8,257.02,6143.81,0.3564216173855382,0,0,0,0.0,0.0
CHN,0,6403,5,202310,9,223.88,5536.38,0.3564216173855382,0,0,0,0.0,0.0
CHN,0,6403,5,202311,10,184.08,4534.81,0.3564216173855382,0,0,0,0.0,0.0
CHN,0,6403,5,202312,11,183.83,4440.0,0.3564216173855382,0,0,0,0.0,0.0
CHN,0,6403,5,202401,12,235.11,5694.95,0.3564216173855382,0,0,0,0.0,0.0
CHN,0,6403,5,202402,13,190.47,4617.63,0.3564216173855382,0,0,0,0.0,0.0
CHN,0,6403,5,202403,14,160.1,3890.9,0.3564216173855382,0,0,0,0.0,0.0
CHN,0,6403,5,202404,15,145.09,3493.87,0.3564216173855382,0,0,0,0.0,0.0
CHN,0,6403,5,202405,16,173.15,4195.26,0.3564216173855382,0,0,0,0.0,0.0
CHN,0,6403,5,202406,17,190.95,4575.97,0.3564216173855382,0,0,0,0.0,0.0
CHN,0,6403,5,202407,18,282.58,6470.07,0.3564216173855382,0,0,0,0.0,0.0
CHN,0,6403,5,202408,19,276.12,6239.34,0.3564216173855382,0,0,0,0.0,0.0
CHN,0,6403,5,202409,20,257.47,5928.78,0.3564216173855382,0,0,0,0.0,0.0
CHN,0,6403,5,202410,21,199.5,4634.8,0.3564216173855382,0,0,0,0.0,0.0
CHN,0,6403,5,202411,22,166.07,3962.34,0.3564216173855382,0,0,0,0.0,0.0
CHN,0,6403,5,202412,23,192.06,4486.26,0.3564216173855382,0,0,0,0.0,0.0
CHN,0,6403,5,202501,24,199.1,4686.34,0.3564216173855382,0,0,0,0.0,0.0
CHN,0,6403,5,202502,25,206.52,4710.61,0.3564216173855382,0,0,0,0.0,0.0
CHN,0,6403,5,202503,26,141.09,3205.36,0.3564216173855382,0,0,0,0.0,0.0
CHN,0,6403,5,202504,27,144.32,3438.65,0.3564216173855382,0,1,0,0.3564216173855382,0.0
CHN,0,6403,5,202505,28,105.3,2410.6,0.3564216173855382,0,1,0,0.3564216173855382,0.0
CHN,0,6403,5,202506,29,135.43,3097.27,0.3564216173855382,0,1,0,0.3564216173855382,0.0
CHN,0,6403,5,202507,30,182.25,4090.92,0.3564216173855382,0,1,0,0.3564216173855382,0.0
CHN,0,6403,5,202508,31,148.03,3470.99,0.3564216173855382,0,1,0,0.3564216173855382,0.0
CHN,0,6403,5,202509,32,107.69,2514.29,0.3564216173855382,0,1,0,0.3564216173855382,0.0
CHN,0,6403,5,202510,33,95.7,2227.05,0.3564216173855382,0,1,0,0.3564216173855382,0.0
CHN,0,6403,5,202511,34,68.51,1598.22,0.3564216173855382,0,1,0,0.3564216173855382,0.0
CHN,0,6403,5,202512,35,78.55,1823.67,0.3564216173855382,0,1,0,0.3564216173855382,0.0
CHN,0,7326,6,202301,0,172.78,45556.84,0.371942620179757,0,0,0,0.0,0.0
CHN,0,7326,6,202302,1,140.97,39842.51,0.371942620179757,0,0,0,0.0,0.0
CHN,0,7326,6,202303,2,121.83,33160.22,0.371942620179757,0,0,0,0.0,0.0
CHN,0,7326,6,202304,3,159.96,46832.56,0.371942620179757,0,0,0,0.0,0.0
CHN,0,7326,6,202305,4,171.64,50644.41,0.371942620179757,0,0,0,0.0,0.0
CHN,0,7326,6,202306,5,169.42,48096.86,0.371942620179757,0,0,0,0.0,0.0
CHN,0,7326,6,202307,6,165.14,47758.38,0.371942620179757,0,0,0,0.0,0.0
CHN,0,7326,6,202308,7,157.72,43437.0,0.371942620179757,0,0,0,0.0,0.0
CHN,0,7326,6,202309,8,150.98,39869.27,0.371942620179757,0,0,0,0.0,0.0
CHN,0,7326,6,202310,9,162.13,46188.25,0.371942620179757,0,0,0,0.0,0.0
CHN,0,7326,6,202311,10,134.9,40398.65,0.371942620179757,0,0,0,0.0,0.0
CHN,0,7326,6,202312,11,151.86,44080.69,0.371942620179757,0,0,0,0.0,0.0
CHN,0,7326,6,202401,12,177.66,52021.9,0.371942620179757,0,0,0,0.0,0.0
CHN,0,7326,6,202402,13,159.84,48263.82,0.371942620179757,0,0,0,0.0,0.0
CHN,0,7326,6,202403,14,159.55,47954.72,0.371942620179757,0,0,0,0.0,0.0
CHN,0,7326,6,202404,15,152.03,45706.42,0.371942620179757,0,0,0,0.0,0.0
CHN,0,7326,6,202405,16,170.33,51794.38,0.371942620179757,0,0,0,0.0,0.0
CHN,0,7326,6,202406,17,174.93,53857.92,0.371942620179757,0,0,0,0.0,0.0
CHN,0,7326,6,202407,18,194.39,59372.34,0.371942620179757,0,0,0,0.0,0.0
CHN,0,7326,6,202408,19,190.68,57303.79,0.371942620179757,0,0,0,0.0,0.0
CHN,0,7326,6,202409,20,178.06,51423.82,0.371942620179757,0,0,0,0.0,0.0
CHN,0,7326,6,202410,21,169.73,47615.31,0.371942620179757,0,0,0,0.0,0.0
CHN,0,7326,6,202411,22,152.05,45080.53,0.371942620179757,0,0,0,0.0,0.0
CHN,0,7326,6,202412,23,174.83,51905.51,0.371942620179757,0,0,0,0.0,0.0
CHN,0,7326,6,202501,24,209.04,68110.25,0.371942620179757,0,0,0,0.0,0.0
CHN,0,7326,6,202502,25,168.19,51350.06,0.371942620179757,0,0,0,0.0,0.0
CHN,0,7326,6,202503,26,144.18,43882.45,0.371942620179757,0,0,0,0.0,0.0
CHN,0,7326,6,202504,27,136.41,42252.17,0.371942620179757,0,1,0,0.371942620179757,0.0
CHN,0,7326,6,202505,28,146.03,47767.94,0.371942620179757,0,1,0,0.371942620179757,0.0
CHN,0,7326,6,202506,29,111.28,35512.35,0.371942620179757,0,1,0,0.371942620179757,0.0
CHN,0,7326,6,202507,30,153.23,48440.04,0.371942620179757,0,1,0,0.371942620179757,0.0
CHN,0,7326,6,202508,31,134.55,43743.92,0.371942620179757,0,1,0,0.371942620179757,0.0
CHN,0,7326,6,202509,32,120.39,37955.51,0.371942620179757,0,1,0,0.371942620179757,0.0
CHN,0,7326,6,202510,33,113.31,37608.24,0.371942620179757,0,1,0,0.371942620179757,0.0
CHN,0,7326,6,202511,34,98.51,31855.45,0.371942620179757,0,1,0,0.371942620179757,0.0
CHN,0,7326,6,202512,35,114.63,39874.6,0.371942620179757,0,1,0,0.371942620179757,0.0
CHN,0,8443,7,202301,0,178.41,5128.56,0.1675662022525517,0,0,0,0.0,0.0
CHN,0,8443,7,202302,1,162.48,4811.12,0.1675662022525517,0,0,0,0.0,0.0
CHN,0,8443,7,202303,2,175.32,5421.19,0.1675662022525517,0,0,0,0.0,0.0
CHN,0,8443,7,202304,3,157.35,4799.52,0.1675662022525517,0,0,0,0.0,0.0
CHN,0,8443,7,202305,4,178.58,5593.81,0.1675662022525517,0,0,0,0.0,0.0
CHN,0,8443,7,202306,5,162.39,4924.61,0.1675662022525517,0,0,0,0.0,0.0
CHN,0,8443,7,202307,6,140.61,3740.04,0.1675662022525517,0,0,0,0.0,0.0
CHN,0,8443,7,202308,7,172.76,4625.97,0.1675662022525517,0,0,0,0.0,0.0
CHN,0,8443,7,202309,8,147.95,3914.96,0.1675662022525517,0,0,0,0.0,0.0
CHN,0,8443,7,202310,9,133.28,3213.82,0.1675662022525517,0,0,0,0.0,0.0
CHN,0,8443,7,202311,10,144.49,3736.8,0.1675662022525517,0,0,0,0.0,0.0
CHN,0,8443,7,202312,11,157.0,4410.51,0.1675662022525517,0,0,0,0.0,0.0
CHN,0,8443,7,202401,12,155.4,4022.55,0.1675662022525517,0,0,0,0.0,0.0
CHN,0,8443,7,202402,13,156.43,3850.68,0.1675662022525517,0,0,0,0.0,0.0
CHN,0,8443,7,202403,14,147.48,3755.61,0.1675662022525517,0,0,0,0.0,0.0
CHN,0,8443,7,202404,15,148.68,3886.55,0.1675662022525517,0,0,0,0.0,0.0
CHN,0,8443,7,202405,16,149.04,3904.62,0.1675662022525517,0,0,0,0.0,0.0
CHN,0,8443,7,202406,17,140.8,3674.5,0.1675662022525517,0,0,0,0.0,0.0
CHN,0,8443,7,202407,18,154.92,4134.76,0.1675662022525517,0,0,0,0.0,0.0
CHN,0,8443,7,202408,19,156.68,4017.31,0.1675662022525517,0,0,0,0.0,0.0
CHN,0,8443,7,202409,20,164.36,4325.6,0.1675662022525517,0,0,0,0.0,0.0
CHN,0,8443,7,202410,21,156.47,4023.84,0.1675662022525517,0,0,0,0.0,0.0
CHN,0,8443,7,202411,22,169.68,4443.1,0.1675662022525517,0,0,0,0.0,0.0
CHN,0,8443,7,202412,23,169.99,4590.12,0.1675662022525517,0,0,0,0.0,0.0
CHN,0,8443,7,202501,24,165.73,4009.07,0.1675662022525517,0,0,0,0.0,0.0
CHN,0,8443,7,202502,25,147.63,3811.2,0.1675662022525517,0,0,0,0.0,0.0
CHN,0,8443,7,202503,26,124.46,3027.55,0.1675662022525517,0,0,0,0.0,0.0
CHN,0,8443,7,202504,27,121.94,3273.86,0.1675662022525517,0,1,0,0.1675662022525517,0.0
CHN,0,8443,7,202505,28,93.64,2175.89,0.1675662022525517,0,1,0,0.1675662022525517,0.0
CHN,0,8443,7,202506,29,72.54,1539.07,0.1675662022525517,0,1,0,0.1675662022525517,0.0
CHN,0,8443,7,202507,30,99.99,2020.19,0.1675662022525517,0,1,0,0.1675662022525517,0.0
CHN,0,8443,7,202508,31,76.5,1607.56,0.1675662022525517,0,1,0,0.1675662022525517,0.0
CHN,0,8443,7,202509,32,71.47,1553.23,0.1675662022525517,0,1,0,0.1675662022525517,0.0
CHN,0,8443,7,202510,33,69.82,1467.48,0.1675662022525517,0,1,0,0.1675662022525517,0.0
CHN,0,8443,7,202511,34,65.52,1359.48,0.1675662022525517,0,1,0,0.1675662022525517,0.0
CHN,0,8443,7,202512,35,68.01,1399.49,0.1675662022525517,0,1,0,0.1675662022525517,0.0
CHN,0,8471,8,202301,0,3201.32,11574.26,0.39643031296790476,0,0,0,0.0,0.0
CHN,0,8471,8,202302,1,2679.13,9514.91,0.39643031296790476,0,0,0,0.0,0.0
CHN,0,8471,8,202303,2,3138.82,11172.43,0.39643031296790476,0,0,0,0.0,0.0
CHN,0,8471,8,202304,3,3308.08,11692.47,0.39643031296790476,0,0,0,0.0,0.0
CHN,0,8471,8,202305,4,4338.56,15228.24,0.39643031296790476,0,0,0,0.0,0.0
CHN,0,8471,8,202306,5,3787.17,13470.22,0.39643031296790476,0,0,0,0.0,0.0
CHN,0,8471,8,202307,6,3476.03,12183.93,0.39643031296790476,0,0,0,0.0,0.0
CHN,0,8471,8,202308,7,3214.52,11355.35,0.39643031296790476,0,0,0,0.0,0.0
CHN,0,8471,8,202309,8,3177.54,11335.66,0.39643031296790476,0,0,0,0.0,0.0
CHN,0,8471,8,202310,9,3585.52,12612.97,0.39643031296790476,0,0,0,0.0,0.0
CHN,0,8471,8,202311,10,3240.97,11296.95,0.39643031296790476,0,0,0,0.0,0.0
CHN,0,8471,8,202312,11,2492.85,8983.11,0.39643031296790476,0,0,0,0.0,0.0
CHN,0,8471,8,202401,12,2537.4,9006.01,0.39643031296790476,0,0,0,0.0,0.0
CHN,0,8471,8,202402,13,2394.73,8456.3,0.39643031296790476,0,0,0,0.0,0.0
CHN,0,8471,8,202403,14,2784.47,9663.01,0.39643031296790476,0,0,0,0.0,0.0
CHN,0,8471,8,202404,15,3030.83,10924.15,0.39643031296790476,0,0,0,0.0,0.0
CHN,0,8471,8,202405,16,3498.68,12455.64,0.39643031296790476,0,0,0,0.0,0.0
CHN,0,8471,8,202406,17,3122.39,11120.55,0.39643031296790476,0,0,0,0.0,0.0
CHN,0,8471,8,202407,18,3796.24,13687.79,0.39643031296790476,0,0,0,0.0,0.0
CHN,0,8471,8,202408,19,3040.86,11069.61,0.39643031296790476,0,0,0,0.0,0.0
CHN,0,8471,8,202409,20,3110.97,11343.87,0.39643031296790476,0,0,0,0.0,0.0
CHN,0,8471,8,202410,21,3510.89,12734.52,0.39643031296790476,0,0,0,0.0,0.0
CHN,0,8471,8,202411,22,3248.41,11608.88,0.39643031296790476,0,0,0,0.0,0.0
CHN,0,8471,8,202412,23,2659.96,9638.46,0.39643031296790476,0,0,0,0.0,0.0
CHN,0,8471,8,202501,24,3925.71,14062.46,0.39643031296790476,0,0,0,0.0,0.0
CHN,0,8471,8,202502,25,1827.69,6607.8,0.39643031296790476,0,0,0,0.0,0.0
CHN,0,8471,8,202503,26,1444.5,5389.25,0.39643031296790476,0,0,0,0.0,0.0
CHN,0,8471,8,202504,27,820.82,3173.52,0.39643031296790476,0,1,0,0.39643031296790476,0.0
CHN,0,8471,8,202505,28,546.17,2263.97,0.39643031296790476,0,1,0,0.39643031296790476,0.0
CHN,0,8471,8,202506,29,533.97,2264.65,0.39643031296790476,0,1,0,0.39643031296790476,0.0
CHN,0,8471,8,202507,30,423.94,1878.75,0.39643031296790476,0,1,0,0.39643031296790476,0.0
CHN,0,8471,8,202508,31,339.9,1532.74,0.39643031296790476,0,1,0,0.39643031296790476,0.0
CHN,0,8471,8,202509,32,286.05,1292.38,0.39643031296790476,0,1,0,0.39643031296790476,0.0
CHN,0,8471,8,202510,33,295.41,1346.96,0.39643031296790476,0,1,0,0.39643031296790476,0.0
CHN,0,8471,8,202511,34,284.09,1254.08,0.39643031296790476,0,1,0,0.39643031296790476,0.0
CHN,0,8471,8,202512,35,282.11,1267.67,0.39643031296790476,0,1,0,0.39643031296790476,0.0
CHN,0,8473,9,202301,0,396.68,2401.52,0.20922547448162448,0,0,0,0.0,0.0
CHN,0,8473,9,202302,1,421.55,2092.04,0.20922547448162448,0,0,0,0.0,0.0
CHN,0,8473,9,202303,2,576.28,2840.77,0.20922547448162448,0,0,0,0.0,0.0
CHN,0,8473,9,202304,3,514.55,2559.86,0.20922547448162448,0,0,0,0.0,0.0
CHN,0,8473,9,202305,4,523.66,2262.92,0.20922547448162448,0,0,0,0.0,0.0
CHN,0,8473,9,202306,5,549.05,2459.11,0.20922547448162448,0,0,0,0.0,0.0
CHN,0,8473,9,202307,6,685.65,2946.71,0.20922547448162448,0,0,0,0.0,0.0
CHN,0,8473,9,202308,7,643.76,2728.45,0.20922547448162448,0,0,0,0.0,0.0
CHN,0,8473,9,202309,8,593.37,2670.58,0.20922547448162448,0,0,0,0.0,0.0
CHN,0,8473,9,202310,9,549.52,2561.7,0.20922547448162448,0,0,0,0.0,0.0
CHN,0,8473,9,202311,10,595.78,2665.53,0.20922547448162448,0,0,0,0.0,0.0
CHN,0,8473,9,202312,11,532.85,2368.2,0.20922547448162448,0,0,0,0.0,0.0
CHN,0,8473,9,202401,12,546.41,2586.36,0.20922547448162448,0,0,0,0.0,0.0
CHN,0,8473,9,202402,13,443.03,2437.17,0.20922547448162448,0,0,0,0.0,0.0
CHN,0,8473,9,202403,14,511.17,2352.48,0.20922547448162448,0,0,0,0.0,0.0
CHN,0,8473,9,202404,15,646.81,3055.69,0.20922547448162448,0,0,0,0.0,0.0
CHN,0,8473,9,202405,16,633.21,2949.49,0.20922547448162448,0,0,0,0.0,0.0
CHN,0,8473,9,202406,17,568.67,3058.3,0.20922547448162448,0,0,0,0.0,0.0
CHN,0,8473,9,202407,18,532.96,2419.94,0.20922547448162448,0,0,0,0.0,0.0
CHN,0,8473,9,202408,19,586.59,2755.51,0.20922547448162448,0,0,0,0.0,0.0
CHN,0,8473,9,202409,20,562.68,2803.84,0.20922547448162448,0,0,0,0.0,0.0
CHN,0,8473,9,202410,21,622.44,2975.98,0.20922547448162448,0,0,0,0.0,0.0
CHN,0,8473,9,202411,22,527.1,2558.57,0.20922547448162448,0,0,0,0.0,0.0
CHN,0,8473,9,202412,23,503.8,2400.16,0.20922547448162448,0,0,0,0.0,0.0
CHN,0,8473,9,202501,24,677.07,3122.97,0.20922547448162448,0,0,0,0.0,0.0
CHN,0,8473,9,202502,25,527.79,2393.6,0.20922547448162448,0,0,0,0.0,0.0
CHN,0,8473,9,202503,26,592.17,2603.93,0.20922547448162448,0,0,0,0.0,0.0
CHN,0,8473,9,202504,27,541.05,2509.75,0.20922547448162448,0,1,0,0.20922547448162448,0.0
CHN,0,8473,9,202505,28,541.41,2450.98,0.20922547448162448,0,1,0,0.20922547448162448,0.0
CHN,0,8473,9,202506,29,413.5,1806.52,0.20922547448162448,0,1,0,0.20922547448162448,0.0
CHN,0,8473,9,202507,30,424.08,1844.28,0.20922547448162448,0,1,0,0.20922547448162448,0.0
CHN,0,8473,9,202508,31,394.63,2172.96,0.20922547448162448,0,1,0,0.20922547448162448,0.0
CHN,0,8473,9,202509,32,347.3,1672.2,0.20922547448162448,0,1,0,0.20922547448162448,0.0
CHN,0,8473,9,202510,33,458.61,2090.73,0.20922547448162448,0,1,0,0.20922547448162448,0.0
CHN,0,8473,9,202511,34,469.15,2060.95,0.20922547448162448,0,1,0,0.20922547448162448,0.0
CHN,0,8473,9,202512,35,521.93,2276.94,0.20922547448162448,0,1,0,0.20922547448162448,0.0
CHN,0,8504,10,202301,0,355.41,7304.8,0.20349559537261644,0,0,0,0.0,0.0
CHN,0,8504,10,202302,1,315.44,6530.22,0.20349559537261644,0,0,0,0.0,0.0
CHN,0,8504,10,202303,2,364.8,7472.72,0.20349559537261644,0,0,0,0.0,0.0
CHN,0,8504,10,202304,3,365.47,7937.81,0.20349559537261644,0,0,0,0.0,0.0
CHN,0,8504,10,202305,4,400.56,9058.1,0.20349559537261644,0,0,0,0.0,0.0
CHN,0,8504,10,202306,5,359.6,8264.12,0.20349559537261644,0,0,0,0.0,0.0
CHN,0,8504,10,202307,6,373.62,6947.92,0.20349559537261644,0,0,0,0.0,0.0
CHN,0,8504,10,202308,7,384.19,7443.8,0.20349559537261644,0,0,0,0.0,0.0
CHN,0,8504,10,202309,8,350.33,7036.54,0.20349559537261644,0,0,0,0.0,0.0
CHN,0,8504,10,202310,9,356.18,7823.72,0.20349559537261644,0,0,0,0.0,0.0
CHN,0,8504,10,202311,10,319.92,6542.21,0.20349559537261644,0,0,0,0.0,0.0
CHN,0,8504,10,202312,11,326.17,7289.09,0.20349559537261644,0,0,0,0.0,0.0
CHN,0,8504,10,202401,12,360.69,8270.89,0.20349559537261644,0,0,0,0.0,0.0
CHN,0,8504,10,202402,13,303.08,6384.04,0.20349559537261644,0,0,0,0.0,0.0
CHN,0,8504,10,202403,14,293.05,6112.11,0.20349559537261644,0,0,0,0.0,0.0
CHN,0,8504,10,202404,15,301.75,6254.3,0.20349559537261644,0,0,0,0.0,0.0
CHN,0,8504,10,202405,16,338.98,6918.5,0.20349559537261644,0,0,0,0.0,0.0
CHN,0,8504,10,202406,17,326.88,8341.82,0.20349559537261644,0,0,0,0.0,0.0
CHN,0,8504,10,202407,18,350.34,7296.64,0.20349559537261644,0,0,0,0.0,0.0
CHN,0,8504,10,202408,19,346.89,7580.26,0.20349559537261644,0,0,0,0.0,0.0
CHN,0,8504,10,202409,20,341.76,7902.62,0.20349559537261644,0,0,0,0.0,0.0
CHN,0,8504,10,202410,21,334.98,7680.35,0.20349559537261644,0,0,0,0.0,0.0
CHN,0,8504,10,202411,22,345.74,8162.9,0.20349559537261644,0,0,0,0.0,0.0
CHN,0,8504,10,202412,23,355.63,8663.69,0.20349559537261644,0,0,0,0.0,0.0
CHN,0,8504,10,202501,24,398.44,9008.27,0.20349559537261644,0,0,0,0.0,0.0
CHN,0,8504,10,202502,25,364.68,9629.58,0.20349559537261644,0,0,0,0.0,0.0
CHN,0,8504,10,202503,26,304.64,7572.97,0.20349559537261644,0,0,0,0.0,0.0
CHN,0,8504,10,202504,27,340.99,10286.21,0.20349559537261644,0,1,0,0.20349559537261644,0.0
CHN,0,8504,10,202505,28,264.63,6158.93,0.20349559537261644,0,1,0,0.20349559537261644,0.0
CHN,0,8504,10,202506,29,234.38,5126.44,0.20349559537261644,0,1,0,0.20349559537261644,0.0
CHN,0,8504,10,202507,30,323.26,7792.23,0.20349559537261644,0,1,0,0.20349559537261644,0.0
CHN,0,8504,10,202508,31,309.88,13589.55,0.20349559537261644,0,1,0,0.20349559537261644,0.0
CHN,0,8504,10,202509,32,265.94,6257.24,0.20349559537261644,0,1,0,0.20349559537261644,0.0
CHN,0,8504,10,202510,33,291.98,7221.07,0.20349559537261644,0,1,0,0.20349559537261644,0.0
CHN,0,8504,10,202511,34,249.11,6224.18,0.20349559537261644,0,1,0,0.20349559537261644,0.0
CHN,0,8504,10,202512,35,277.93,7858.0,0.20349559537261644,0,1,0,0.20349559537261644,0.0
CHN,0,8516,11,202301,0,429.23,41885.54,0.6255708163552058,0,0,0,0.0,0.0
CHN,0,8516,11,202302,1,367.52,36840.98,0.6255708163552058,0,0,0,0.0,0.0
CHN,0,8516,11,202303,2,336.13,34201.0,0.6255708163552058,0,0,0,0.0,0.0
CHN,0,8516,11,202304,3,472.65,48382.16,0.6255708163552058,0,0,0,0.0,0.0
CHN,0,8516,11,202305,4,501.5,49413.09,0.6255708163552058,0,0,0,0.0,0.0
CHN,0,8516,11,202306,5,504.15,51246.05,0.6255708163552058,0,0,0,0.0,0.0
CHN,0,8516,11,202307,6,541.1,48569.32,0.6255708163552058,0,0,0,0.0,0.0
CHN,0,8516,11,202308,7,684.81,58717.97,0.6255708163552058,0,0,0,0.0,0.0
CHN,0,8516,11,202309,8,751.34,64610.75,0.6255708163552058,0,0,0,0.0,0.0
CHN,0,8516,11,202310,9,700.92,61363.26,0.6255708163552058,0,0,0,0.0,0.0
CHN,0,8516,11,202311,10,590.98,51472.23,0.6255708163552058,0,0,0,0.0,0.0
CHN,0,8516,11,202312,11,530.82,49318.67,0.6255708163552058,0,0,0,0.0,0.0
CHN,0,8516,11,202401,12,528.15,47087.29,0.6255708163552058,0,0,0,0.0,0.0
CHN,0,8516,11,202402,13,486.42,43247.49,0.6255708163552058,0,0,0,0.0,0.0
CHN,0,8516,11,202403,14,397.79,37405.05,0.6255708163552058,0,0,0,0.0,0.0
CHN,0,8516,11,202404,15,450.86,41346.6,0.6255708163552058,0,0,0,0.0,0.0
CHN,0,8516,11,202405,16,517.25,47249.9,0.6255708163552058,0,0,0,0.0,0.0
CHN,0,8516,11,202406,17,536.21,48752.65,0.6255708163552058,0,0,0,0.0,0.0
CHN,0,8516,11,202407,18,645.52,61007.65,0.6255708163552058,0,0,0,0.0,0.0
CHN,0,8516,11,202408,19,689.48,65435.17,0.6255708163552058,0,0,0,0.0,0.0
CHN,0,8516,11,202409,20,808.45,75472.37,0.6255708163552058,0,0,0,0.0,0.0
CHN,0,8516,11,202410,21,709.33,67162.25,0.6255708163552058,0,0,0,0.0,0.0
CHN,0,8516,11,202411,22,657.83,64035.4,0.6255708163552058,0,0,0,0.0,0.0
CHN,0,8516,11,202412,23,574.77,57967.6,0.6255708163552058,0,0,0,0.0,0.0
CHN,0,8516,11,202501,24,570.15,55898.07,0.6255708163552058,0,0,0,0.0,0.0
CHN,0,8516,11,202502,25,488.51,49504.39,0.6255708163552058,0,0,0,0.0,0.0
CHN,0,8516,11,202503,26,422.98,47017.28,0.6255708163552058,0,0,0,0.0,0.0
CHN,0,8516,11,202504,27,428.15,46072.59,0.6255708163552058,0,1,0,0.6255708163552058,0.0
CHN,0,8516,11,202505,28,271.2,29867.25,0.6255708163552058,0,1,0,0.6255708163552058,0.0
CHN,0,8516,11,202506,29,271.63,28827.4,0.6255708163552058,0,1,0,0.6255708163552058,0.0
CHN,0,8516,11,202507,30,479.52,48251.57,0.6255708163552058,0,1,0,0.6255708163552058,0.0
CHN,0,8516,11,202508,31,474.04,48497.61,0.6255708163552058,0,1,0,0.6255708163552058,0.0
CHN,0,8516,11,202509,32,411.69,41433.63,0.6255708163552058,0,1,0,0.6255708163552058,0.0
CHN,0,8516,11,202510,33,451.03,44690.89,0.6255708163552058,0,1,0,0.6255708163552058,0.0
CHN,0,8516,11,202511,34,389.94,39124.93,0.6255708163552058,0,1,0,0.6255708163552058,0.0
CHN,0,8516,11,202512,35,348.54,36285.42,0.6255708163552058,0,1,0,0.6255708163552058,0.0
CHN,0,8517,12,202301,0,6036.74,10753.48,0.49320772139853813,0,0,0,0.0,0.0
CHN,0,8517,12,202302,1,3385.2,11978.1,0.49320772139853813,0,0,0,0.0,0.0
CHN,0,8517,12,202303,2,3267.28,8217.26,0.49320772139853813,0,0,0,0.0,0.0
CHN,0,8517,12,202304,3,3691.59,9361.02,0.49320772139853813,0,0,0,0.0,0.0
CHN,0,8517,12,202305,4,3694.69,9031.65,0.49320772139853813,0,0,0,0.0,0.0
CHN,0,8517,12,202306,5,3301.53,6871.76,0.49320772139853813,0,0,0,0.0,0.0
CHN,0,8517,12,202307,6,3670.34,6939.57,0.49320772139853813,0,0,0,0.0,0.0
CHN,0,8517,12,202308,7,3050.32,6609.79,0.49320772139853813,0,0,0,0.0,0.0
CHN,0,8517,12,202309,8,6717.29,9901.98,0.49320772139853813,0,0,0,0.0,0.0
CHN,0,8517,12,202310,9,7259.41,10326.34,0.49320772139853813,0,0,0,0.0,0.0
CHN,0,8517,12,202311,10,6046.96,8810.38,0.49320772139853813,0,0,0,0.0,0.0
CHN,0,8517,12,202312,11,5095.39,7536.18,0.49320772139853813,0,0,0,0.0,0.0
CHN,0,8517,12,202401,12,4036.96,6753.95,0.49320772139853813,0,0,0,0.0,0.0
CHN,0,8517,12,202402,13,3354.25,5653.93,0.49320772139853813,0,0,0,0.0,0.0
CHN,0,8517,12,202403,14,2912.86,5282.36,0.49320772139853813,0,0,0,0.0,0.0
CHN,0,8517,12,202404,15,3389.43,5754.8,0.49320772139853813,0,0,0,0.0,0.0
CHN,0,8517,12,202405,16,3772.21,6580.43,0.49320772139853813,0,0,0,0.0,0.0
CHN,0,8517,12,202406,17,3056.63,6160.7,0.49320772139853813,0,0,0,0.0,0.0
CHN,0,8517,12,202407,18,3877.31,8066.16,0.49320772139853813,0,0,0,0.0,0.0
CHN,0,8517,12,202408,19,3579.3,7908.37,0.49320772139853813,0,0,0,0.0,0.0
CHN,0,8517,12,202409,20,6215.74,10280.09,0.49320772139853813,0,0,0,0.0,0.0
CHN,0,8517,12,202410,21,7119.68,11123.0,0.49320772139853813,0,0,0,0.0,0.0
CHN,0,8517,12,202411,22,5562.32,9271.82,0.49320772139853813,0,0,0,0.0,0.0
CHN,0,8517,12,202412,23,4591.33,8311.49,0.49320772139853813,0,0,0,0.0,0.0
CHN,0,8517,12,202501,24,4444.56,7735.03,0.49320772139853813,0,0,0,0.0,0.0
CHN,0,8517,12,202502,25,3145.99,5546.49,0.49320772139853813,0,0,0,0.0,0.0
CHN,0,8517,12,202503,26,3667.85,6219.08,0.49320772139853813,0,0,0,0.0,0.0
CHN,0,8517,12,202504,27,1419.66,3807.24,0.49320772139853813,0,1,0,0.49320772139853813,0.0
CHN,0,8517,12,202505,28,1091.89,4527.11,0.49320772139853813,0,1,0,0.49320772139853813,0.0
CHN,0,8517,12,202506,29,1245.81,4984.02,0.49320772139853813,0,1,0,0.49320772139853813,0.0
CHN,0,8517,12,202507,30,1276.84,2517.03,0.49320772139853813,0,1,0,0.49320772139853813,0.0
CHN,0,8517,12,202508,31,1400.83,2610.01,0.49320772139853813,0,1,0,0.49320772139853813,0.0
CHN,0,8517,12,202509,32,3989.6,5088.2,0.49320772139853813,0,1,0,0.49320772139853813,0.0
CHN,0,8517,12,202510,33,3921.61,5094.27,0.49320772139853813,0,1,0,0.49320772139853813,0.0
CHN,0,8517,12,202511,34,2970.05,3943.61,0.49320772139853813,0,1,0,0.49320772139853813,0.0
CHN,0,8517,12,202512,35,1931.57,2867.93,0.49320772139853813,0,1,0,0.49320772139853813,0.0
CHN,0,8528,13,202301,0,485.6,10903.42,0.3347814968181058,0,0,0,0.0,0.0
CHN,0,8528,13,202302,1,436.85,9697.87,0.3347814968181058,0,0,0,0.0,0.0
CHN,0,8528,13,202303,2,483.49,10746.8,0.3347814968181058,0,0,0,0.0,0.0
CHN,0,8528,13,202304,3,527.66,11810.93,0.3347814968181058,0,0,0,0.0,0.0
CHN,0,8528,13,202305,4,577.58,12938.55,0.3347814968181058,0,0,0,0.0,0.0
CHN,0,8528,13,202306,5,538.34,11940.49,0.3347814968181058,0,0,0,0.0,0.0
CHN,0,8528,13,202307,6,570.21,12816.73,0.3347814968181058,0,0,0,0.0,0.0
CHN,0,8528,13,202308,7,649.8,14425.51,0.3347814968181058,0,0,0,0.0,0.0
CHN,0,8528,13,202309,8,681.09,15437.31,0.3347814968181058,0,0,0,0.0,0.0
CHN,0,8528,13,202310,9,698.07,16230.93,0.3347814968181058,0,0,0,0.0,0.0
CHN,0,8528,13,202311,10,623.62,14738.26,0.3347814968181058,0,0,0,0.0,0.0
CHN,0,8528,13,202312,11,535.07,12456.39,0.3347814968181058,0,0,0,0.0,0.0
CHN,0,8528,13,202401,12,549.65,12619.28,0.3347814968181058,0,0,0,0.0,0.0
CHN,0,8528,13,202402,13,438.0,9876.99,0.3347814968181058,0,0,0,0.0,0.0
CHN,0,8528,13,202403,14,489.55,11184.39,0.3347814968181058,0,0,0,0.0,0.0
CHN,0,8528,13,202404,15,548.48,12588.12,0.3347814968181058,0,0,0,0.0,0.0
CHN,0,8528,13,202405,16,582.09,12917.47,0.3347814968181058,0,0,0,0.0,0.0
CHN,0,8528,13,202406,17,588.09,13354.62,0.3347814968181058,0,0,0,0.0,0.0
CHN,0,8528,13,202407,18,717.93,17692.44,0.3347814968181058,0,0,0,0.0,0.0
CHN,0,8528,13,202408,19,676.25,16720.43,0.3347814968181058,0,0,0,0.0,0.0
CHN,0,8528,13,202409,20,697.07,17543.5,0.3347814968181058,0,0,0,0.0,0.0
CHN,0,8528,13,202410,21,585.03,14131.69,0.3347814968181058,0,0,0,0.0,0.0
CHN,0,8528,13,202411,22,530.27,12758.71,0.3347814968181058,0,0,0,0.0,0.0
CHN,0,8528,13,202412,23,593.24,14403.45,0.3347814968181058,0,0,0,0.0,0.0
CHN,0,8528,13,202501,24,643.16,14922.86,0.3347814968181058,0,0,0,0.0,0.0
CHN,0,8528,13,202502,25,457.52,10724.8,0.3347814968181058,0,0,0,0.0,0.0
CHN,0,8528,13,202503,26,437.42,10131.52,0.3347814968181058,0,0,0,0.0,0.0
CHN,0,8528,13,202504,27,384.25,8730.12,0.3347814968181058,0,1,0,0.3347814968181058,0.0
CHN,0,8528,13,202505,28,255.27,5771.53,0.3347814968181058,0,1,0,0.3347814968181058,0.0
CHN,0,8528,13,202506,29,254.78,5704.85,0.3347814968181058,0,1,0,0.3347814968181058,0.0
CHN,0,8528,13,202507,30,227.05,4901.36,0.3347814968181058,0,1,0,0.3347814968181058,0.0
CHN,0,8528,13,202508,31,177.88,3987.94,0.3347814968181058,0,1,0,0.3347814968181058,0.0
CHN,0,8528,13,202509,32,139.27,3214.94,0.3347814968181058,0,1,0,0.3347814968181058,0.0
CHN,0,8528,13,202510,33,167.62,3926.3,0.3347814968181058,0,1,0,0.3347814968181058,0.0
CHN,0,8528,13,202511,34,143.49,3289.61,0.3347814968181058,0,1,0,0.3347814968181058,0.0
CHN,0,8528,13,202512,35,145.28,3283.94,0.3347814968181058,0,1,0,0.3347814968181058,0.0
CHN,0,8541,14,202301,0,66.95,319.32,0.03397421317087017,0,0,0,0.0,0.0
CHN,0,8541,14,202302,1,63.31,251.03,0.03397421317087017,0,0,0,0.0,0.0
CHN,0,8541,14,202303,2,63.57,211.05,0.03397421317087017,0,0,0,0.0,0.0
CHN,0,8541,14,202304,3,66.89,278.83,0.03397421317087017,0,0,0,0.0,0.0
CHN,0,8541,14,202305,4,62.89,246.81,0.03397421317087017,0,0,0,0.0,0.0
CHN,0,8541,14,202306,5,65.61,242.42,0.03397421317087017,0,0,0,0.0,0.0
CHN,0,8541,14,202307,6,58.84,231.41,0.03397421317087017,0,0,0,0.0,0.0
CHN,0,8541,14,202308,7,58.55,284.84,0.03397421317087017,0,0,0,0.0,0.0
CHN,0,8541,14,202309,8,58.74,589.97,0.03397421317087017,0,0,0,0.0,0.0
CHN,0,8541,14,202310,9,56.45,438.39,0.03397421317087017,0,0,0,0.0,0.0
CHN,0,8541,14,202311,10,51.59,419.01,0.03397421317087017,0,0,0,0.0,0.0
CHN,0,8541,14,202312,11,49.55,440.79,0.03397421317087017,0,0,0,0.0,0.0
CHN,0,8541,14,202401,12,54.56,367.94,0.03397421317087017,0,0,0,0.0,0.0
CHN,0,8541,14,202402,13,48.98,360.06,0.03397421317087017,0,0,0,0.0,0.0
CHN,0,8541,14,202403,14,56.29,402.16,0.03397421317087017,0,0,0,0.0,0.0
CHN,0,8541,14,202404,15,47.71,387.14,0.03397421317087017,0,0,0,0.0,0.0
CHN,0,8541,14,202405,16,54.11,508.91,0.03397421317087017,0,0,0,0.0,0.0
CHN,0,8541,14,202406,17,61.03,621.32,0.03397421317087017,0,0,0,0.0,0.0
CHN,0,8541,14,202407,18,58.36,1544.46,0.03397421317087017,0,0,0,0.0,0.0
CHN,0,8541,14,202408,19,49.47,787.17,0.03397421317087017,0,0,0,0.0,0.0
CHN,0,8541,14,202409,20,51.21,827.59,0.03397421317087017,0,0,0,0.0,0.0
CHN,0,8541,14,202410,21,47.73,779.65,0.03397421317087017,0,0,0,0.0,0.0
CHN,0,8541,14,202411,22,49.73,860.41,0.03397421317087017,0,0,0,0.0,0.0
CHN,0,8541,14,202412,23,63.26,1058.7,0.03397421317087017,0,0,0,0.0,0.0
CHN,0,8541,14,202501,24,47.23,1117.05,0.03397421317087017,0,0,0,0.0,0.0
CHN,0,8541,14,202502,25,33.3,775.54,0.03397421317087017,0,0,0,0.0,0.0
CHN,0,8541,14,202503,26,46.69,359.09,0.03397421317087017,0,0,0,0.0,0.0
CHN,0,8541,14,202504,27,36.91,444.51,0.03397421317087017,0,1,0,0.03397421317087017,0.0
CHN,0,8541,14,202505,28,36.47,268.78,0.03397421317087017,0,1,0,0.03397421317087017,0.0
CHN,0,8541,14,202506,29,34.94,231.46,0.03397421317087017,0,1,0,0.03397421317087017,0.0
CHN,0,8541,14,202507,30,40.55,467.62,0.03397421317087017,0,1,0,0.03397421317087017,0.0
CHN,0,8541,14,202508,31,68.87,255.83,0.03397421317087017,0,1,0,0.03397421317087017,0.0
CHN,0,8541,14,202509,32,32.89,289.93,0.03397421317087017,0,1,0,0.03397421317087017,0.0
CHN,0,8541,14,202510,33,30.2,297.82,0.03397421317087017,0,1,0,0.03397421317087017,0.0
CHN,0,8541,14,202511,34,41.97,557.21,0.03397421317087017,0,1,0,0.03397421317087017,0.0
CHN,0,8541,14,202512,35,42.08,342.32,0.03397421317087017,0,1,0,0.03397421317087017,0.0
CHN,0,8544,15,202301,0,273.74,14177.31,0.13566753252605626,0,0,0,0.0,0.0
CHN,0,8544,15,202302,1,240.68,12164.52,0.13566753252605626,0,0,0,0.0,0.0
CHN,0,8544,15,202303,2,236.09,10489.91,0.13566753252605626,0,0,0,0.0,0.0
CHN,0,8544,15,202304,3,287.6,15516.28,0.13566753252605626,0,0,0,0.0,0.0
CHN,0,8544,15,202305,4,306.25,15115.03,0.13566753252605626,0,0,0,0.0,0.0
CHN,0,8544,15,202306,5,288.16,16586.3,0.13566753252605626,0,0,0,0.0,0.0
CHN,0,8544,15,202307,6,288.19,13782.05,0.13566753252605626,0,0,0,0.0,0.0
CHN,0,8544,15,202308,7,298.72,14191.67,0.13566753252605626,0,0,0,0.0,0.0
CHN,0,8544,15,202309,8,298.09,14223.04,0.13566753252605626,0,0,0,0.0,0.0
CHN,0,8544,15,202310,9,282.89,14041.14,0.13566753252605626,0,0,0,0.0,0.0
CHN,0,8544,15,202311,10,285.06,14257.04,0.13566753252605626,0,0,0,0.0,0.0
CHN,0,8544,15,202312,11,286.4,13000.86,0.13566753252605626,0,0,0,0.0,0.0
CHN,0,8544,15,202401,12,312.88,16201.56,0.13566753252605626,0,0,0,0.0,0.0
CHN,0,8544,15,202402,13,242.37,12171.12,0.13566753252605626,0,0,0,0.0,0.0
CHN,0,8544,15,202403,14,254.93,13238.82,0.13566753252605626,0,0,0,0.0,0.0
CHN,0,8544,15,202404,15,293.8,18531.46,0.13566753252605626,0,0,0,0.0,0.0
CHN,0,8544,15,202405,16,307.95,16572.18,0.13566753252605626,0,0,0,0.0,0.0
CHN,0,8544,15,202406,17,303.75,15541.47,0.13566753252605626,0,0,0,0.0,0.0
CHN,0,8544,15,202407,18,331.96,15552.82,0.13566753252605626,0,0,0,0.0,0.0
CHN,0,8544,15,202408,19,331.95,14974.26,0.13566753252605626,0,0,0,0.0,0.0
CHN,0,8544,15,202409,20,327.9,14076.37,0.13566753252605626,0,0,0,0.0,0.0
CHN,0,8544,15,202410,21,312.46,13037.11,0.13566753252605626,0,0,0,0.0,0.0
CHN,0,8544,15,202411,22,322.54,14040.31,0.13566753252605626,0,0,0,0.0,0.0
CHN,0,8544,15,202412,23,378.85,15908.13,0.13566753252605626,0,0,0,0.0,0.0
CHN,0,8544,15,202501,24,394.07,17928.21,0.13566753252605626,0,0,0,0.0,0.0
CHN,0,8544,15,202502,25,272.15,11604.84,0.13566753252605626,0,0,0,0.0,0.0
CHN,0,8544,15,202503,26,349.63,13455.39,0.13566753252605626,0,0,0,0.0,0.0
CHN,0,8544,15,202504,27,414.55,16601.38,0.13566753252605626,0,1,0,0.13566753252605626,0.0
CHN,0,8544,15,202505,28,338.47,12513.76,0.13566753252605626,0,1,0,0.13566753252605626,0.0
CHN,0,8544,15,202506,29,303.37,11718.23,0.13566753252605626,0,1,0,0.13566753252605626,0.0
CHN,0,8544,15,202507,30,396.16,17693.75,0.13566753252605626,0,1,0,0.13566753252605626,0.0
CHN,0,8544,15,202508,31,309.34,13194.5,0.13566753252605626,0,1,0,0.13566753252605626,0.0
CHN,0,8544,15,202509,32,267.15,11731.19,0.13566753252605626,0,1,0,0.13566753252605626,0.0
CHN,0,8544,15,202510,33,279.44,13661.62,0.13566753252605626,0,1,0,0.13566753252605626,0.0
CHN,0,8544,15,202511,34,267.08,12668.28,0.13566753252605626,0,1,0,0.13566753252605626,0.0
CHN,0,8544,15,202512,35,289.44,13206.58,0.13566753252605626,0,1,0,0.13566753252605626,0.0
CHN,0,9401,16,202301,0,761.23,95407.91,0.33783279157026774,0,0,0,0.0,0.0
CHN,0,9401,16,202302,1,666.62,84374.84,0.33783279157026774,0,0,0,0.0,0.0
CHN,0,9401,16,202303,2,546.53,68742.35,0.33783279157026774,0,0,0,0.0,0.0
CHN,0,9401,16,202304,3,684.19,85578.92,0.33783279157026774,0,0,0,0.0,0.0
CHN,0,9401,16,202305,4,672.03,83758.99,0.33783279157026774,0,0,0,0.0,0.0
CHN,0,9401,16,202306,5,596.32,73561.2,0.33783279157026774,0,0,0,0.0,0.0
CHN,0,9401,16,202307,6,556.9,67451.0,0.33783279157026774,0,0,0,0.0,0.0
CHN,0,9401,16,202308,7,518.53,62314.63,0.33783279157026774,0,0,0,0.0,0.0
CHN,0,9401,16,202309,8,508.87,60971.92,0.33783279157026774,0,0,0,0.0,0.0
CHN,0,9401,16,202310,9,603.13,72551.97,0.33783279157026774,0,0,0,0.0,0.0
CHN,0,9401,16,202311,10,597.09,72799.0,0.33783279157026774,0,0,0,0.0,0.0
CHN,0,9401,16,202312,11,643.69,77983.06,0.33783279157026774,0,0,0,0.0,0.0
CHN,0,9401,16,202401,12,755.98,91388.98,0.33783279157026774,0,0,0,0.0,0.0
CHN,0,9401,16,202402,13,709.15,86294.28,0.33783279157026774,0,0,0,0.0,0.0
CHN,0,9401,16,202403,14,600.48,73121.79,0.33783279157026774,0,0,0,0.0,0.0
CHN,0,9401,16,202404,15,631.01,76704.72,0.33783279157026774,0,0,0,0.0,0.0
CHN,0,9401,16,202405,16,685.76,82776.18,0.33783279157026774,0,0,0,0.0,0.0
CHN,0,9401,16,202406,17,611.38,73140.13,0.33783279157026774,0,0,0,0.0,0.0
CHN,0,9401,16,202407,18,638.93,84680.75,0.33783279157026774,0,0,0,0.0,0.0
CHN,0,9401,16,202408,19,577.6,75888.77,0.33783279157026774,0,0,0,0.0,0.0
CHN,0,9401,16,202409,20,558.21,72576.79,0.33783279157026774,0,0,0,0.0,0.0
CHN,0,9401,16,202410,21,537.2,69694.94,0.33783279157026774,0,0,0,0.0,0.0
CHN,0,9401,16,202411,22,552.23,73173.67,0.33783279157026774,0,0,0,0.0,0.0
CHN,0,9401,16,202412,23,635.0,85493.31,0.33783279157026774,0,0,0,0.0,0.0
CHN,0,9401,16,202501,24,746.94,101788.75,0.33783279157026774,0,0,0,0.0,0.0
CHN,0,9401,16,202502,25,659.1,90681.28,0.33783279157026774,0,0,0,0.0,0.0
CHN,0,9401,16,202503,26,592.68,81327.65,0.33783279157026774,0,0,0,0.0,0.0
CHN,0,9401,16,202504,27,548.1,73471.58,0.33783279157026774,0,1,0,0.33783279157026774,0.0
CHN,0,9401,16,202505,28,331.0,43353.6,0.33783279157026774,0,1,0,0.33783279157026774,0.0
CHN,0,9401,16,202506,29,260.7,32959.09,0.33783279157026774,0,1,0,0.33783279157026774,0.0
CHN,0,9401,16,202507,30,406.8,52199.41,0.33783279157026774,0,1,0,0.33783279157026774,0.0
CHN,0,9401,16,202508,31,342.98,43925.65,0.33783279157026774,0,1,0,0.33783279157026774,0.0
CHN,0,9401,16,202509,32,287.4,36332.28,0.33783279157026774,0,1,0,0.33783279157026774,0.0
CHN,0,9401,16,202510,33,283.87,36104.9,0.33783279157026774,0,1,0,0.33783279157026774,0.0
CHN,0,9401,16,202511,34,276.74,35121.1,0.33783279157026774,0,1,0,0.33783279157026774,0.0
CHN,0,9401,16,202512,35,293.6,37546.75,0.33783279157026774,0,1,0,0.33783279157026774,0.0
CHN,0,9403,17,202301,0,634.3,136815.83,0.32987861426539994,0,0,0,0.0,0.0
CHN,0,9403,17,202302,1,530.05,112684.41,0.32987861426539994,0,0,0,0.0,0.0
CHN,0,9403,17,202303,2,421.19,90586.58,0.32987861426539994,0,0,0,0.0,0.0
CHN,0,9403,17,202304,3,547.45,120464.62,0.32987861426539994,0,0,0,0.0,0.0
CHN,0,9403,17,202305,4,559.93,121798.9,0.32987861426539994,0,0,0,0.0,0.0
CHN,0,9403,17,202306,5,520.08,116145.57,0.32987861426539994,0,0,0,0.0,0.0
CHN,0,9403,17,202307,6,526.99,114646.29,0.32987861426539994,0,0,0,0.0,0.0
CHN,0,9403,17,202308,7,506.73,110693.91,0.32987861426539994,0,0,0,0.0,0.0
CHN,0,9403,17,202309,8,486.53,105521.56,0.32987861426539994,0,0,0,0.0,0.0
CHN,0,9403,17,202310,9,549.01,120353.61,0.32987861426539994,0,0,0,0.0,0.0
CHN,0,9403,17,202311,10,530.74,114189.85,0.32987861426539994,0,0,0,0.0,0.0
CHN,0,9403,17,202312,11,589.68,126421.19,0.32987861426539994,0,0,0,0.0,0.0
CHN,0,9403,17,202401,12,658.75,142696.24,0.32987861426539994,0,0,0,0.0,0.0
CHN,0,9403,17,202402,13,593.05,125518.81,0.32987861426539994,0,0,0,0.0,0.0
CHN,0,9403,17,202403,14,492.86,103544.99,0.32987861426539994,0,0,0,0.0,0.0
CHN,0,9403,17,202404,15,501.21,106109.23,0.32987861426539994,0,0,0,0.0,0.0
CHN,0,9403,17,202405,16,575.54,122493.53,0.32987861426539994,0,0,0,0.0,0.0
CHN,0,9403,17,202406,17,572.51,121864.2,0.32987861426539994,0,0,0,0.0,0.0
CHN,0,9403,17,202407,18,605.12,138870.74,0.32987861426539994,0,0,0,0.0,0.0
CHN,0,9403,17,202408,19,542.95,123833.87,0.32987861426539994,0,0,0,0.0,0.0
CHN,0,9403,17,202409,20,507.64,117236.24,0.32987861426539994,0,0,0,0.0,0.0
CHN,0,9403,17,202410,21,485.82,112069.29,0.32987861426539994,0,0,0,0.0,0.0
CHN,0,9403,17,202411,22,492.58,112735.71,0.32987861426539994,0,0,0,0.0,0.0
CHN,0,9403,17,202412,23,571.05,133225.54,0.32987861426539994,0,0,0,0.0,0.0
CHN,0,9403,17,202501,24,619.37,146906.88,0.32987861426539994,0,0,0,0.0,0.0
CHN,0,9403,17,202502,25,532.82,121235.83,0.32987861426539994,0,0,0,0.0,0.0
CHN,0,9403,17,202503,26,472.15,109662.83,0.32987861426539994,0,0,0,0.0,0.0
CHN,0,9403,17,202504,27,445.88,104888.92,0.32987861426539994,0,1,0,0.32987861426539994,0.0
CHN,0,9403,17,202505,28,356.88,82094.77,0.32987861426539994,0,1,0,0.32987861426539994,0.0
CHN,0,9403,17,202506,29,278.19,66440.91,0.32987861426539994,0,1,0,0.32987861426539994,0.0
CHN,0,9403,17,202507,30,395.21,93731.72,0.32987861426539994,0,1,0,0.32987861426539994,0.0
CHN,0,9403,17,202508,31,355.59,88297.76,0.32987861426539994,0,1,0,0.32987861426539994,0.0
CHN,0,9403,17,202509,32,309.05,75451.07,0.32987861426539994,0,1,0,0.32987861426539994,0.0
CHN,0,9403,17,202510,33,313.24,77509.07,0.32987861426539994,0,1,0,0.32987861426539994,0.0
CHN,0,9403,17,202511,34,292.37,72289.12,0.32987861426539994,0,1,0,0.32987861426539994,0.0
CHN,0,9403,17,202512,35,345.75,85839.09,0.32987861426539994,0,1,0,0.32987861426539994,0.0
CHN,0,9405,18,202301,0,390.71,21756.92,0.5216145392002935,0,0,0,0.0,0.0
CHN,0,9405,18,202302,1,301.39,19704.02,0.5216145392002935,0,0,0,0.0,0.0
CHN,0,9405,18,202303,2,217.51,13296.78,0.5216145392002935,0,0,0,0.0,0.0
CHN,0,9405,18,202304,3,297.94,16612.86,0.5216145392002935,0,0,0,0.0,0.0
CHN,0,9405,18,202305,4,330.26,19851.69,0.5216145392002935,0,0,0,0.0,0.0
CHN,0,9405,18,202306,5,336.51,18792.68,0.5216145392002935,0,0,0,0.0,0.0
CHN,0,9405,18,202307,6,339.86,19243.47,0.5216145392002935,0,0,0,0.0,0.0
CHN,0,9405,18,202308,7,354.96,18648.41,0.5216145392002935,0,0,0,0.0,0.0
CHN,0,9405,18,202309,8,307.25,16034.89,0.5216145392002935,0,0,0,0.0,0.0
CHN,0,9405,18,202310,9,302.15,16770.81,0.5216145392002935,0,0,0,0.0,0.0
CHN,0,9405,18,202311,10,268.56,14731.79,0.5216145392002935,0,0,0,0.0,0.0
CHN,0,9405,18,202312,11,277.16,16597.49,0.5216145392002935,0,0,0,0.0,0.0
CHN,0,9405,18,202401,12,336.24,19566.34,0.5216145392002935,0,0,0,0.0,0.0
CHN,0,9405,18,202402,13,340.54,18724.69,0.5216145392002935,0,0,0,0.0,0.0
CHN,0,9405,18,202403,14,263.66,14781.7,0.5216145392002935,0,0,0,0.0,0.0
CHN,0,9405,18,202404,15,214.63,12545.13,0.5216145392002935,0,0,0,0.0,0.0
CHN,0,9405,18,202405,16,285.24,16216.31,0.5216145392002935,0,0,0,0.0,0.0
CHN,0,9405,18,202406,17,299.51,16836.42,0.5216145392002935,0,0,0,0.0,0.0
CHN,0,9405,18,202407,18,363.94,22069.95,0.5216145392002935,0,0,0,0.0,0.0
CHN,0,9405,18,202408,19,360.69,20643.55,0.5216145392002935,0,0,0,0.0,0.0
CHN,0,9405,18,202409,20,330.24,19201.54,0.5216145392002935,0,0,0,0.0,0.0
CHN,0,9405,18,202410,21,280.89,16595.87,0.5216145392002935,0,0,0,0.0,0.0
CHN,0,9405,18,202411,22,264.41,16295.17,0.5216145392002935,0,0,0,0.0,0.0
CHN,0,9405,18,202412,23,268.03,16689.86,0.5216145392002935,0,0,0,0.0,0.0
CHN,0,9405,18,202501,24,311.67,19411.78,0.5216145392002935,0,0,0,0.0,0.0
CHN,0,9405,18,202502,25,265.76,16283.31,0.5216145392002935,0,0,0,0.0,0.0
CHN,0,9405,18,202503,26,225.27,14030.44,0.5216145392002935,0,0,0,0.0,0.0
CHN,0,9405,18,202504,27,202.04,12544.93,0.5216145392002935,0,1,0,0.5216145392002935,0.0
CHN,0,9405,18,202505,28,149.72,10521.24,0.5216145392002935,0,1,0,0.5216145392002935,0.0
CHN,0,9405,18,202506,29,123.02,8008.37,0.5216145392002935,0,1,0,0.5216145392002935,0.0
CHN,0,9405,18,202507,30,222.29,13102.05,0.5216145392002935,0,1,0,0.5216145392002935,0.0
CHN,0,9405,18,202508,31,213.93,13552.61,0.5216145392002935,0,1,0,0.5216145392002935,0.0
CHN,0,9405,18,202509,32,166.9,10346.77,0.5216145392002935,0,1,0,0.5216145392002935,0.0
CHN,0,9405,18,202510,33,149.49,9390.33,0.5216145392002935,0,1,0,0.5216145392002935,0.0
CHN,0,9405,18,202511,34,132.95,9483.98,0.5216145392002935,0,1,0,0.5216145392002935,0.0
CHN,0,9405,18,202512,35,141.25,9447.87,0.5216145392002935,0,1,0,0.5216145392002935,0.0
CHN,0,9503,19,202301,0,1036.81,68395.92,0.8174924032568407,0,0,0,0.0,0.0
CHN,0,9503,19,202302,1,801.57,52878.01,0.8174924032568407,0,0,0,0.0,0.0
CHN,0,9503,19,202303,2,599.45,39544.24,0.8174924032568407,0,0,0,0.0,0.0
CHN,0,9503,19,202304,3,762.89,50325.95,0.8174924032568407,0,0,0,0.0,0.0
CHN,0,9503,19,202305,4,780.9,51514.53,0.8174924032568407,0,0,0,0.0,0.0
CHN,0,9503,19,202306,5,875.7,57768.28,0.8174924032568407,0,0,0,0.0,0.0
CHN,0,9503,19,202307,6,1138.75,71670.47,0.8174924032568407,0,0,0,0.0,0.0
CHN,0,9503,19,202308,7,1383.22,87056.8,0.8174924032568407,0,0,0,0.0,0.0
CHN,0,9503,19,202309,8,1610.42,101356.8,0.8174924032568407,0,0,0,0.0,0.0
CHN,0,9503,19,202310,9,1909.62,120187.57,0.8174924032568407,0,0,0,0.0,0.0
CHN,0,9503,19,202311,10,1288.96,81124.35,0.8174924032568407,0,0,0,0.0,0.0
CHN,0,9503,19,202312,11,838.01,53053.82,0.8174924032568407,0,0,0,0.0,0.0
CHN,0,9503,19,202401,12,1021.47,64668.67,0.8174924032568407,0,0,0,0.0,0.0
CHN,0,9503,19,202402,13,946.14,59899.5,0.8174924032568407,0,0,0,0.0,0.0
CHN,0,9503,19,202403,14,763.4,48330.19,0.8174924032568407,0,0,0,0.0,0.0
CHN,0,9503,19,202404,15,728.92,46147.25,0.8174924032568407,0,0,0,0.0,0.0
CHN,0,9503,19,202405,16,783.15,49580.99,0.8174924032568407,0,0,0,0.0,0.0
CHN,0,9503,19,202406,17,923.49,58465.34,0.8174924032568407,0,0,0,0.0,0.0
CHN,0,9503,19,202407,18,1289.82,84488.42,0.8174924032568407,0,0,0,0.0,0.0
CHN,0,9503,19,202408,19,1480.04,96948.29,0.8174924032568407,0,0,0,0.0,0.0
CHN,0,9503,19,202409,20,1976.04,129438.1,0.8174924032568407,0,0,0,0.0,0.0
CHN,0,9503,19,202410,21,2039.77,133613.04,0.8174924032568407,0,0,0,0.0,0.0
CHN,0,9503,19,202411,22,1386.78,90839.35,0.8174924032568407,0,0,0,0.0,0.0
CHN,0,9503,19,202412,23,1084.13,71015.04,0.8174924032568407,0,0,0,0.0,0.0
CHN,0,9503,19,202501,24,1057.42,69264.96,0.8174924032568407,0,0,0,0.0,0.0
CHN,0,9503,19,202502,25,996.69,65287.38,0.8174924032568407,0,0,0,0.0,0.0
CHN,0,9503,19,202503,26,810.57,53095.84,0.8174924032568407,0,0,0,0.0,0.0
CHN,0,9503,19,202504,27,648.66,42489.47,0.8174924032568407,0,1,0,0.8174924032568407,0.0
CHN,0,9503,19,202505,28,436.81,28612.69,0.8174924032568407,0,1,0,0.8174924032568407,0.0
CHN,0,9503,19,202506,29,484.53,31738.66,0.8174924032568407,0,1,0,0.8174924032568407,0.0
CHN,0,9503,19,202507,30,877.52,57481.11,0.8174924032568407,0,1,0,0.8174924032568407,0.0
CHN,0,9503,19,202508,31,866.89,57048.54,0.8174924032568407,0,1,0,0.8174924032568407,0.0
CHN,0,9503,19,202509,32,994.2,65426.64,0.8174924032568407,0,1,0,0.8174924032568407,0.0
CHN,0,9503,19,202510,33,1110.43,73075.1,0.8174924032568407,0,1,0,0.8174924032568407,0.0
CHN,0,9503,19,202511,34,850.16,55947.18,0.8174924032568407,0,1,0,0.8174924032568407,0.0
CHN,0,9503,19,202512,35,632.98,41654.93,0.8174924032568407,0,1,0,0.8174924032568407,0.0
DEU,1,3926,0,202301,0,43.25,2684.86,0.592931327318276,0,0,0,0.0,0.0
DEU,1,3926,0,202302,1,42.38,2516.51,0.592931327318276,0,0,0,0.0,0.0
DEU,1,3926,0,202303,2,52.54,3357.22,0.592931327318276,0,0,0,0.0,0.0
DEU,1,3926,0,202304,3,43.48,2887.83,0.592931327318276,0,0,0,0.0,0.0
DEU,1,3926,0,202305,4,48.36,3576.31,0.592931327318276,0,0,0,0.0,0.0
DEU,1,3926,0,202306,5,41.73,2747.55,0.592931327318276,0,0,0,0.0,0.0
DEU,1,3926,0,202307,6,44.46,2946.3,0.592931327318276,0,0,0,0.0,0.0
DEU,1,3926,0,202308,7,47.56,3045.76,0.592931327318276,0,0,0,0.0,0.0
DEU,1,3926,0,202309,8,44.68,2886.59,0.592931327318276,0,0,0,0.0,0.0
DEU,1,3926,0,202310,9,47.52,3024.53,0.592931327318276,0,0,0,0.0,0.0
DEU,1,3926,0,202311,10,43.66,2934.18,0.592931327318276,0,0,0,0.0,0.0
DEU,1,3926,0,202312,11,40.88,2524.15,0.592931327318276,0,0,0,0.0,0.0
DEU,1,3926,0,202401,12,42.19,2718.23,0.592931327318276,0,0,0,0.0,0.0
DEU,1,3926,0,202402,13,46.82,2934.96,0.592931327318276,0,0,0,0.0,0.0
DEU,1,3926,0,202403,14,54.45,3090.03,0.592931327318276,0,0,0,0.0,0.0
DEU,1,3926,0,202404,15,51.32,2540.18,0.592931327318276,0,0,0,0.0,0.0
DEU,1,3926,0,202405,16,59.6,2892.91,0.592931327318276,0,0,0,0.0,0.0
DEU,1,3926,0,202406,17,43.15,2180.25,0.592931327318276,0,0,0,0.0,0.0
DEU,1,3926,0,202407,18,54.33,2741.55,0.592931327318276,0,0,0,0.0,0.0
DEU,1,3926,0,202408,19,48.88,2516.83,0.592931327318276,0,0,0,0.0,0.0
DEU,1,3926,0,202409,20,45.34,2293.18,0.592931327318276,0,0,0,0.0,0.0
DEU,1,3926,0,202410,21,46.84,2377.65,0.592931327318276,0,0,0,0.0,0.0
DEU,1,3926,0,202411,22,43.99,2286.47,0.592931327318276,0,0,0,0.0,0.0
DEU,1,3926,0,202412,23,41.24,2085.54,0.592931327318276,0,0,0,0.0,0.0
DEU,1,3926,0,202501,24,38.13,1963.25,0.592931327318276,0,0,0,0.0,0.0
DEU,1,3926,0,202502,25,44.16,2320.35,0.592931327318276,0,0,0,0.0,0.0
DEU,1,3926,0,202503,26,45.91,2793.31,0.592931327318276,0,0,0,0.0,0.0
DEU,1,3926,0,202504,27,70.11,3570.64,0.592931327318276,0,1,0,0.592931327318276,0.0
DEU,1,3926,0,202505,28,50.94,2654.31,0.592931327318276,0,1,0,0.592931327318276,0.0
DEU,1,3926,0,202506,29,50.25,2525.95,0.592931327318276,0,1,0,0.592931327318276,0.0
DEU,1,3926,0,202507,30,54.91,2773.22,0.592931327318276,0,1,0,0.592931327318276,0.0
DEU,1,3926,0,202508,31,55.67,3864.69,0.592931327318276,0,1,0,0.592931327318276,0.0
DEU,1,3926,0,202509,32,54.24,3503.87,0.592931327318276,0,1,0,0.592931327318276,0.0
DEU,1,3926,0,202510,33,52.24,3647.81,0.592931327318276,0,1,0,0.592931327318276,0.0
DEU,1,3926,0,202511,34,47.57,2634.71,0.592931327318276,0,1,0,0.592931327318276,0.0
DEU,1,3926,0,202512,35,48.39,2510.67,0.592931327318276,0,1,0,0.592931327318276,0.0
DEU,1,4202,1,202301,0,2.34,123.26,0.5082599842937704,0,0,0,0.0,0.0
DEU,1,4202,1,202302,1,2.13,116.02,0.5082599842937704,0,0,0,0.0,0.0
DEU,1,4202,1,202303,2,2.32,112.57,0.5082599842937704,0,0,0,0.0,0.0
DEU,1,4202,1,202304,3,2.31,100.92,0.5082599842937704,0,0,0,0.0,0.0
DEU,1,4202,1,202305,4,2.02,102.09,0.5082599842937704,0,0,0,0.0,0.0
DEU,1,4202,1,202306,5,1.97,92.43,0.5082599842937704,0,0,0,0.0,0.0
DEU,1,4202,1,202307,6,1.84,83.27,0.5082599842937704,0,0,0,0.0,0.0
DEU,1,4202,1,202308,7,2.29,107.86,0.5082599842937704,0,0,0,0.0,0.0
DEU,1,4202,1,202309,8,2.77,119.59,0.5082599842937704,0,0,0,0.0,0.0
DEU,1,4202,1,202310,9,2.24,98.25,0.5082599842937704,0,0,0,0.0,0.0
DEU,1,4202,1,202311,10,1.75,70.8,0.5082599842937704,0,0,0,0.0,0.0
DEU,1,4202,1,202312,11,1.92,86.66,0.5082599842937704,0,0,0,0.0,0.0
DEU,1,4202,1,202401,12,2.0,76.56,0.5082599842937704,0,0,0,0.0,0.0
DEU,1,4202,1,202402,13,2.37,103.21,0.5082599842937704,0,0,0,0.0,0.0
DEU,1,4202,1,202403,14,1.99,85.54,0.5082599842937704,0,0,0,0.0,0.0
DEU,1,4202,1,202404,15,2.88,140.91,0.5082599842937704,0,0,0,0.0,0.0
DEU,1,4202,1,202405,16,2.37,115.65,0.5082599842937704,0,0,0,0.0,0.0
DEU,1,4202,1,202406,17,1.75,87.57,0.5082599842937704,0,0,0,0.0,0.0
DEU,1,4202,1,202407,18,2.74,133.14,0.5082599842937704,0,0,0,0.0,0.0
DEU,1,4202,1,202408,19,2.28,107.92,0.5082599842937704,0,0,0,0.0,0.0
DEU,1,4202,1,202409,20,3.17,142.85,0.5082599842937704,0,0,0,0.0,0.0
DEU,1,4202,1,202410,21,2.41,112.14,0.5082599842937704,0,0,0,0.0,0.0
DEU,1,4202,1,202411,22,2.32,112.65,0.5082599842937704,0,0,0,0.0,0.0
DEU,1,4202,1,202412,23,1.9,89.53,0.5082599842937704,0,0,0,0.0,0.0
DEU,1,4202,1,202501,24,2.07,104.52,0.5082599842937704,0,0,0,0.0,0.0
DEU,1,4202,1,202502,25,2.17,111.79,0.5082599842937704,0,0,0,0.0,0.0
DEU,1,4202,1,202503,26,1.75,84.96,0.5082599842937704,0,0,0,0.0,0.0
DEU,1,4202,1,202504,27,3.2,160.13,0.5082599842937704,0,1,0,0.5082599842937704,0.0
DEU,1,4202,1,202505,28,2.18,103.99,0.5082599842937704,0,1,0,0.5082599842937704,0.0
DEU,1,4202,1,202506,29,2.33,99.77,0.5082599842937704,0,1,0,0.5082599842937704,0.0
DEU,1,4202,1,202507,30,2.8,131.95,0.5082599842937704,0,1,0,0.5082599842937704,0.0
DEU,1,4202,1,202508,31,2.82,133.32,0.5082599842937704,0,1,0,0.5082599842937704,0.0
DEU,1,4202,1,202509,32,1.76,73.47,0.5082599842937704,0,1,0,0.5082599842937704,0.0
DEU,1,4202,1,202510,33,2.5,96.92,0.5082599842937704,0,1,0,0.5082599842937704,0.0
DEU,1,4202,1,202511,34,2.47,124.43,0.5082599842937704,0,1,0,0.5082599842937704,0.0
DEU,1,4202,1,202512,35,2.43,117.41,0.5082599842937704,0,1,0,0.5082599842937704,0.0
DEU,1,6110,2,202301,0,0.07,0.84,0.43468577984429585,0,0,0,0.0,0.0
DEU,1,6110,2,202302,1,0.11,0.34,0.43468577984429585,0,0,0,0.0,0.0
DEU,1,6110,2,202303,2,0.1,0.56,0.43468577984429585,0,0,0,0.0,0.0
DEU,1,6110,2,202304,3,0.05,0.42,0.43468577984429585,0,0,0,0.0,0.0
DEU,1,6110,2,202305,4,0.04,1.15,0.43468577984429585,0,0,0,0.0,0.0
DEU,1,6110,2,202306,5,0.02,0.18,0.43468577984429585,0,0,0,0.0,0.0
DEU,1,6110,2,202307,6,0.07,0.24,0.43468577984429585,0,0,0,0.0,0.0
DEU,1,6110,2,202308,7,0.14,1.3,0.43468577984429585,0,0,0,0.0,0.0
DEU,1,6110,2,202309,8,0.18,3.35,0.43468577984429585,0,0,0,0.0,0.0
DEU,1,6110,2,202310,9,0.11,0.87,0.43468577984429585,0,0,0,0.0,0.0
DEU,1,6110,2,202311,10,0.05,0.27,0.43468577984429585,0,0,0,0.0,0.0
DEU,1,6110,2,202312,11,0.12,4.1,0.43468577984429585,0,0,0,0.0,0.0
DEU,1,6110,2,202401,12,0.03,0.16,0.43468577984429585,0,0,0,0.0,0.0
DEU,1,6110,2,202402,13,0.07,0.43,0.43468577984429585,0,0,0,0.0,0.0
DEU,1,6110,2,202403,14,0.09,0.21,0.43468577984429585,0,0,0,0.0,0.0
DEU,1,6110,2,202404,15,0.08,1.58,0.43468577984429585,0,0,0,0.0,0.0
DEU,1,6110,2,202405,16,0.01,0.34,0.43468577984429585,0,0,0,0.0,0.0
DEU,1,6110,2,202406,17,0.03,0.57,0.43468577984429585,0,0,0,0.0,0.0
DEU,1,6110,2,202407,18,0.13,1.11,0.43468577984429585,0,0,0,0.0,0.0
DEU,1,6110,2,202408,19,0.1,1.32,0.43468577984429585,0,0,0,0.0,0.0
DEU,1,6110,2,202409,20,0.15,1.72,0.43468577984429585,0,0,0,0.0,0.0
DEU,1,6110,2,202410,21,0.24,3.54,0.43468577984429585,0,0,0,0.0,0.0
DEU,1,6110,2,202411,22,0.11,2.21,0.43468577984429585,0,0,0,0.0,0.0
DEU,1,6110,2,202412,23,0.07,1.48,0.43468577984429585,0,0,0,0.0,0.0
DEU,1,6110,2,202501,24,0.06,1.48,0.43468577984429585,0,0,0,0.0,0.0
DEU,1,6110,2,202502,25,0.11,2.56,0.43468577984429585,0,0,0,0.0,0.0
DEU,1,6110,2,202503,26,0.13,2.9,0.43468577984429585,0,0,0,0.0,0.0
DEU,1,6110,2,202504,27,0.09,1.44,0.43468577984429585,0,1,0,0.43468577984429585,0.0
DEU,1,6110,2,202505,28,0.04,0.88,0.43468577984429585,0,1,0,0.43468577984429585,0.0
DEU,1,6110,2,202506,29,0.03,0.92,0.43468577984429585,0,1,0,0.43468577984429585,0.0
DEU,1,6110,2,202507,30,0.08,1.49,0.43468577984429585,0,1,0,0.43468577984429585,0.0
DEU,1,6110,2,202508,31,0.16,0.72,0.43468577984429585,0,1,0,0.43468577984429585,0.0
DEU,1,6110,2,202509,32,0.1,0.49,0.43468577984429585,0,1,0,0.43468577984429585,0.0
DEU,1,6110,2,202510,33,0.22,1.1,0.43468577984429585,0,1,0,0.43468577984429585,0.0
DEU,1,6110,2,202511,34,0.2,2.85,0.43468577984429585,0,1,0,0.43468577984429585,0.0
DEU,1,6110,2,202512,35,0.09,1.86,0.43468577984429585,0,1,0,0.43468577984429585,0.0
DEU,1,6204,3,202301,0,0.62,2.72,0.42349635741507496,0,0,0,0.0,0.0
DEU,1,6204,3,202302,1,0.57,1.9,0.42349635741507496,0,0,0,0.0,0.0
DEU,1,6204,3,202303,2,0.98,2.62,0.42349635741507496,0,0,0,0.0,0.0
DEU,1,6204,3,202304,3,0.62,1.46,0.42349635741507496,0,0,0,0.0,0.0
DEU,1,6204,3,202305,4,0.28,1.91,0.42349635741507496,0,0,0,0.0,0.0
DEU,1,6204,3,202306,5,0.37,1.17,0.42349635741507496,0,0,0,0.0,0.0
DEU,1,6204,3,202307,6,0.69,1.66,0.42349635741507496,0,0,0,0.0,0.0
DEU,1,6204,3,202308,7,0.78,3.33,0.42349635741507496,0,0,0,0.0,0.0
DEU,1,6204,3,202309,8,0.6,2.13,0.42349635741507496,0,0,0,0.0,0.0
DEU,1,6204,3,202310,9,0.43,2.31,0.42349635741507496,0,0,0,0.0,0.0
DEU,1,6204,3,202311,10,0.55,2.28,0.42349635741507496,0,0,0,0.0,0.0
DEU,1,6204,3,202312,11,0.28,2.35,0.42349635741507496,0,0,0,0.0,0.0
DEU,1,6204,3,202401,12,0.55,1.18,0.42349635741507496,0,0,0,0.0,0.0
DEU,1,6204,3,202402,13,0.62,1.6,0.42349635741507496,0,0,0,0.0,0.0
DEU,1,6204,3,202403,14,0.87,3.91,0.42349635741507496,0,0,0,0.0,0.0
DEU,1,6204,3,202404,15,0.4,7.75,0.42349635741507496,0,0,0,0.0,0.0
DEU,1,6204,3,202405,16,0.22,4.35,0.42349635741507496,0,0,0,0.0,0.0
DEU,1,6204,3,202406,17,0.32,5.56,0.42349635741507496,0,0,0,0.0,0.0
DEU,1,6204,3,202407,18,0.44,9.75,0.42349635741507496,0,0,0,0.0,0.0
DEU,1,6204,3,202408,19,0.53,11.47,0.42349635741507496,0,0,0,0.0,0.0
DEU,1,6204,3,202409,20,0.4,8.69,0.42349635741507496,0,0,0,0.0,0.0
DEU,1,6204,3,202410,21,0.26,5.08,0.42349635741507496,0,0,0,0.0,0.0
DEU,1,6204,3,202411,22,0.22,4.51,0.42349635741507496,0,0,0,0.0,0.0
DEU,1,6204,3,202412,23,0.34,6.48,0.42349635741507496,0,0,0,0.0,0.0
DEU,1,6204,3,202501,24,0.31,7.87,0.42349635741507496,0,0,0,0.0,0.0
DEU,1,6204,3,202502,25,0.51,11.54,0.42349635741507496,0,0,0,0.0,0.0
DEU,1,6204,3,202503,26,0.52,11.05,0.42349635741507496,0,0,0,0.0,0.0
DEU,1,6204,3,202504,27,0.28,5.72,0.42349635741507496,0,1,0,0.42349635741507496,0.0
DEU,1,6204,3,202505,28,0.18,4.06,0.42349635741507496,0,1,0,0.42349635741507496,0.0
DEU,1,6204,3,202506,29,0.27,5.76,0.42349635741507496,0,1,0,0.42349635741507496,0.0
DEU,1,6204,3,202507,30,0.46,10.3,0.42349635741507496,0,1,0,0.42349635741507496,0.0
DEU,1,6204,3,202508,31,0.46,2.82,0.42349635741507496,0,1,0,0.42349635741507496,0.0
DEU,1,6204,3,202509,32,0.43,1.6,0.42349635741507496,0,1,0,0.42349635741507496,0.0
DEU,1,6204,3,202510,33,0.61,2.63,0.42349635741507496,0,1,0,0.42349635741507496,0.0
DEU,1,6204,3,202511,34,0.57,10.69,0.42349635741507496,0,1,0,0.42349635741507496,0.0
DEU,1,6204,3,202512,35,0.4,8.36,0.42349635741507496,0,1,0,0.42349635741507496,0.0
DEU,1,6402,4,202301,0,7.51,324.5,0.6876787251706538,0,0,0,0.0,0.0
DEU,1,6402,4,202302,1,9.08,392.39,0.6876787251706538,0,0,0,0.0,0.0
DEU,1,6402,4,202303,2,13.09,565.71,0.6876787251706538,0,0,0,0.0,0.0
DEU,1,6402,4,202304,3,8.01,346.21,0.6876787251706538,0,0,0,0.0,0.0
DEU,1,6402,4,202305,4,7.53,325.22,0.6876787251706538,0,0,0,0.0,0.0
DEU,1,6402,4,202306,5,10.46,452.08,0.6876787251706538,0,0,0,0.0,0.0
DEU,1,6402,4,202307,6,9.71,383.49,0.6876787251706538,0,0,0,0.0,0.0
DEU,1,6402,4,202308,7,7.88,312.05,0.6876787251706538,0,0,0,0.0,0.0
DEU,1,6402,4,202309,8,7.37,291.32,0.6876787251706538,0,0,0,0.0,0.0
DEU,1,6402,4,202310,9,12.05,475.84,0.6876787251706538,0,0,0,0.0,0.0
DEU,1,6402,4,202311,10,8.95,354.02,0.6876787251706538,0,0,0,0.0,0.0
DEU,1,6402,4,202312,11,22.47,863.27,0.6876787251706538,0,0,0,0.0,0.0
DEU,1,6402,4,202401,12,17.82,681.21,0.6876787251706538,0,0,0,0.0,0.0
DEU,1,6402,4,202402,13,16.77,639.53,0.6876787251706538,0,0,0,0.0,0.0
DEU,1,6402,4,202403,14,12.46,475.02,0.6876787251706538,0,0,0,0.0,0.0
DEU,1,6402,4,202404,15,12.93,493.32,0.6876787251706538,0,0,0,0.0,0.0
DEU,1,6402,4,202405,16,6.71,269.85,0.6876787251706538,0,0,0,0.0,0.0
DEU,1,6402,4,202406,17,3.62,140.18,0.6876787251706538,0,0,0,0.0,0.0
DEU,1,6402,4,202407,18,6.94,291.74,0.6876787251706538,0,0,0,0.0,0.0
DEU,1,6402,4,202408,19,11.6,487.3,0.6876787251706538,0,0,0,0.0,0.0
DEU,1,6402,4,202409,20,6.84,289.98,0.6876787251706538,0,0,0,0.0,0.0
DEU,1,6402,4,202410,21,15.56,660.54,0.6876787251706538,0,0,0,0.0,0.0
DEU,1,6402,4,202411,22,15.92,667.64,0.6876787251706538,0,0,0,0.0,0.0
DEU,1,6402,4,202412,23,25.47,1068.46,0.6876787251706538,0,0,0,0.0,0.0
DEU,1,6402,4,202501,24,17.88,749.78,0.6876787251706538,0,0,0,0.0,0.0
DEU,1,6402,4,202502,25,16.42,688.85,0.6876787251706538,0,0,0,0.0,0.0
DEU,1,6402,4,202503,26,18.22,763.68,0.6876787251706538,0,0,0,0.0,0.0
DEU,1,6402,4,202504,27,14.37,604.68,0.6876787251706538,0,1,0,0.6876787251706538,0.0
DEU,1,6402,4,202505,28,13.76,577.33,0.6876787251706538,0,1,0,0.6876787251706538,0.0
DEU,1,6402,4,202506,29,8.37,350.98,0.6876787251706538,0,1,0,0.6876787251706538,0.0
DEU,1,6402,4,202507,30,10.45,435.61,0.6876787251706538,0,1,0,0.6876787251706538,0.0
DEU,1,6402,4,202508,31,11.69,476.96,0.6876787251706538,0,1,0,0.6876787251706538,0.0
DEU,1,6402,4,202509,32,10.8,438.21,0.6876787251706538,0,1,0,0.6876787251706538,0.0
DEU,1,6402,4,202510,33,15.27,624.42,0.6876787251706538,0,1,0,0.6876787251706538,0.0
DEU,1,6402,4,202511,34,28.58,1167.88,0.6876787251706538,0,1,0,0.6876787251706538,0.0
DEU,1,6402,4,202512,35,30.54,1247.95,0.6876787251706538,0,1,0,0.6876787251706538,0.0
DEU,1,6403,5,202301,0,21.43,545.52,0.3564216173855382,0,0,0,0.0,0.0
DEU,1,6403,5,202302,1,18.93,484.22,0.3564216173855382,0,0,0,0.0,0.0
DEU,1,6403,5,202303,2,28.39,724.69,0.3564216173855382,0,0,0,0.0,0.0
DEU,1,6403,5,202304,3,16.39,419.71,0.3564216173855382,0,0,0,0.0,0.0
DEU,1,6403,5,202305,4,26.37,671.33,0.3564216173855382,0,0,0,0.0,0.0
DEU,1,6403,5,202306,5,18.28,465.11,0.3564216173855382,0,0,0,0.0,0.0
DEU,1,6403,5,202307,6,19.18,438.55,0.3564216173855382,0,0,0,0.0,0.0
DEU,1,6403,5,202308,7,15.49,356.28,0.3564216173855382,0,0,0,0.0,0.0
DEU,1,6403,5,202309,8,11.31,260.08,0.3564216173855382,0,0,0,0.0,0.0
DEU,1,6403,5,202310,9,24.7,567.85,0.3564216173855382,0,0,0,0.0,0.0
DEU,1,6403,5,202311,10,21.61,500.15,0.3564216173855382,0,0,0,0.0,0.0
DEU,1,6403,5,202312,11,26.9,598.1,0.3564216173855382,0,0,0,0.0,0.0
DEU,1,6403,5,202401,12,23.69,525.79,0.3564216173855382,0,0,0,0.0,0.0
DEU,1,6403,5,202402,13,19.63,435.22,0.3564216173855382,0,0,0,0.0,0.0
DEU,1,6403,5,202403,14,19.81,439.09,0.3564216173855382,0,0,0,0.0,0.0
DEU,1,6403,5,202404,15,17.68,389.48,0.3564216173855382,0,0,0,0.0,0.0
DEU,1,6403,5,202405,16,15.16,335.78,0.3564216173855382,0,0,0,0.0,0.0
DEU,1,6403,5,202406,17,15.97,354.28,0.3564216173855382,0,0,0,0.0,0.0
DEU,1,6403,5,202407,18,22.71,495.49,0.3564216173855382,0,0,0,0.0,0.0
DEU,1,6403,5,202408,19,16.22,354.68,0.3564216173855382,0,0,0,0.0,0.0
DEU,1,6403,5,202409,20,13.91,301.12,0.3564216173855382,0,0,0,0.0,0.0
DEU,1,6403,5,202410,21,19.75,430.72,0.3564216173855382,0,0,0,0.0,0.0
DEU,1,6403,5,202411,22,22.12,484.22,0.3564216173855382,0,0,0,0.0,0.0
DEU,1,6403,5,202412,23,25.73,562.86,0.3564216173855382,0,0,0,0.0,0.0
DEU,1,6403,5,202501,24,27.6,602.95,0.3564216173855382,0,0,0,0.0,0.0
DEU,1,6403,5,202502,25,23.92,522.24,0.3564216173855382,0,0,0,0.0,0.0
DEU,1,6403,5,202503,26,26.19,571.56,0.3564216173855382,0,0,0,0.0,0.0
DEU,1,6403,5,202504,27,21.93,480.31,0.3564216173855382,0,1,0,0.3564216173855382,0.0
DEU,1,6403,5,202505,28,21.06,460.67,0.3564216173855382,0,1,0,0.3564216173855382,0.0
DEU,1,6403,5,202506,29,26.38,573.16,0.3564216173855382,0,1,0,0.3564216173855382,0.0
DEU,1,6403,5,202507,30,20.48,446.61,0.3564216173855382,0,1,0,0.3564216173855382,0.0
DEU,1,6403,5,202508,31,22.22,492.5,0.3564216173855382,0,1,0,0.3564216173855382,0.0
DEU,1,6403,5,202509,32,26.41,590.94,0.3564216173855382,0,1,0,0.3564216173855382,0.0
DEU,1,6403,5,202510,33,24.77,550.74,0.3564216173855382,0,1,0,0.3564216173855382,0.0
DEU,1,6403,5,202511,34,33.43,749.61,0.3564216173855382,0,1,0,0.3564216173855382,0.0
DEU,1,6403,5,202512,35,29.56,661.48,0.3564216173855382,0,1,0,0.3564216173855382,0.0
DEU,1,7326,6,202301,0,25.93,2487.46,0.371942620179757,0,0,0,0.0,0.0
DEU,1,7326,6,202302,1,24.3,1937.87,0.371942620179757,0,0,0,0.0,0.0
DEU,1,7326,6,202303,2,25.7,1972.48,0.371942620179757,0,0,0,0.0,0.0
DEU,1,7326,6,202304,3,25.75,2197.26,0.371942620179757,0,0,0,0.0,0.0
DEU,1,7326,6,202305,4,27.02,3700.23,0.371942620179757,0,0,0,0.0,0.0
DEU,1,7326,6,202306,5,24.99,1860.37,0.371942620179757,0,0,0,0.0,0.0
DEU,1,7326,6,202307,6,29.28,1899.96,0.371942620179757,0,0,0,0.0,0.0
DEU,1,7326,6,202308,7,32.56,2589.96,0.371942620179757,0,0,0,0.0,0.0
DEU,1,7326,6,202309,8,28.5,2155.45,0.371942620179757,0,0,0,0.0,0.0
DEU,1,7326,6,202310,9,27.57,2126.62,0.371942620179757,0,0,0,0.0,0.0
DEU,1,7326,6,202311,10,23.45,1790.91,0.371942620179757,0,0,0,0.0,0.0
DEU,1,7326,6,202312,11,24.53,1924.34,0.371942620179757,0,0,0,0.0,0.0
DEU,1,7326,6,202401,12,23.76,1791.32,0.371942620179757,0,0,0,0.0,0.0
DEU,1,7326,6,202402,13,23.49,2167.01,0.371942620179757,0,0,0,0.0,0.0
DEU,1,7326,6,202403,14,27.67,2417.33,0.371942620179757,0,0,0,0.0,0.0
DEU,1,7326,6,202404,15,28.91,2429.86,0.371942620179757,0,0,0,0.0,0.0
DEU,1,7326,6,202405,16,26.13,1945.82,0.371942620179757,0,0,0,0.0,0.0
DEU,1,7326,6,202406,17,23.23,1678.89,0.371942620179757,0,0,0,0.0,0.0
DEU,1,7326,6,202407,18,28.28,2289.43,0.371942620179757,0,0,0,0.0,0.0
DEU,1,7326,6,202408,19,27.23,1992.23,0.371942620179757,0,0,0,0.0,0.0
DEU,1,7326,6,202409,20,22.88,1820.55,0.371942620179757,0,0,0,0.0,0.0
DEU,1,7326,6,202410,21,23.95,2344.24,0.371942620179757,0,0,0,0.0,0.0
DEU,1,7326,6,202411,22,22.38,1696.15,0.371942620179757,0,0,0,0.0,0.0
DEU,1,7326,6,202412,23,23.62,1794.47,0.371942620179757,0,0,0,0.0,0.0
DEU,1,7326,6,202501,24,20.97,1464.56,0.371942620179757,0,0,0,0.0,0.0
DEU,1,7326,6,202502,25,24.24,1540.99,0.371942620179757,0,0,0,0.0,0.0
DEU,1,7326,6,202503,26,26.83,1870.03,0.371942620179757,0,0,0,0.0,0.0
DEU,1,7326,6,202504,27,24.5,1887.17,0.371942620179757,0,1,0,0.371942620179757,0.0
DEU,1,7326,6,202505,28,23.06,1586.67,0.371942620179757,0,1,0,0.371942620179757,0.0
DEU,1,7326,6,202506,29,23.32,1615.47,0.371942620179757,0,1,0,0.371942620179757,0.0
DEU,1,7326,6,202507,30,25.08,1754.39,0.371942620179757,0,1,0,0.371942620179757,0.0
DEU,1,7326,6,202508,31,20.53,1994.73,0.371942620179757,0,1,0,0.371942620179757,0.0
DEU,1,7326,6,202509,32,21.22,1575.87,0.371942620179757,0,1,0,0.371942620179757,0.0
DEU,1,7326,6,202510,33,18.03,1302.06,0.371942620179757,0,1,0,0.371942620179757,0.0
DEU,1,7326,6,202511,34,15.64,1021.93,0.371942620179757,0,1,0,0.371942620179757,0.0
DEU,1,7326,6,202512,35,17.74,1090.27,0.371942620179757,0,1,0,0.371942620179757,0.0
DEU,1,8443,7,202301,0,64.29,2245.17,0.1675662022525517,0,0,0,0.0,0.0
DEU,1,8443,7,202302,1,32.21,884.77,0.1675662022525517,0,0,0,0.0,0.0
DEU,1,8443,7,202303,2,46.73,1569.65,0.1675662022525517,0,0,0,0.0,0.0
DEU,1,8443,7,202304,3,55.49,1844.53,0.1675662022525517,0,0,0,0.0,0.0
DEU,1,8443,7,202305,4,64.79,2194.81,0.1675662022525517,0,0,0,0.0,0.0
DEU,1,8443,7,202306,5,60.66,2325.52,0.1675662022525517,0,0,0,0.0,0.0
DEU,1,8443,7,202307,6,45.53,1604.24,0.1675662022525517,0,0,0,0.0,0.0
DEU,1,8443,7,202308,7,38.89,1315.42,0.1675662022525517,0,0,0,0.0,0.0
DEU,1,8443,7,202309,8,55.97,1998.56,0.1675662022525517,0,0,0,0.0,0.0
DEU,1,8443,7,202310,9,50.76,2093.88,0.1675662022525517,0,0,0,0.0,0.0
DEU,1,8443,7,202311,10,67.53,2648.81,0.1675662022525517,0,0,0,0.0,0.0
DEU,1,8443,7,202312,11,43.23,1436.1,0.1675662022525517,0,0,0,0.0,0.0
DEU,1,8443,7,202401,12,60.09,2075.0,0.1675662022525517,0,0,0,0.0,0.0
DEU,1,8443,7,202402,13,47.02,1637.4,0.1675662022525517,0,0,0,0.0,0.0
DEU,1,8443,7,202403,14,52.64,1802.47,0.1675662022525517,0,0,0,0.0,0.0
DEU,1,8443,7,202404,15,44.69,1502.66,0.1675662022525517,0,0,0,0.0,0.0
DEU,1,8443,7,202405,16,28.74,908.23,0.1675662022525517,0,0,0,0.0,0.0
DEU,1,8443,7,202406,17,31.76,1068.23,0.1675662022525517,0,0,0,0.0,0.0
DEU,1,8443,7,202407,18,30.3,816.85,0.1675662022525517,0,0,0,0.0,0.0
DEU,1,8443,7,202408,19,30.22,963.99,0.1675662022525517,0,0,0,0.0,0.0
DEU,1,8443,7,202409,20,40.28,893.36,0.1675662022525517,0,0,0,0.0,0.0
DEU,1,8443,7,202410,21,47.44,1862.82,0.1675662022525517,0,0,0,0.0,0.0
DEU,1,8443,7,202411,22,41.68,1835.66,0.1675662022525517,0,0,0,0.0,0.0
DEU,1,8443,7,202412,23,20.89,373.04,0.1675662022525517,0,0,0,0.0,0.0
DEU,1,8443,7,202501,24,41.64,1249.36,0.1675662022525517,0,0,0,0.0,0.0
DEU,1,8443,7,202502,25,31.52,826.69,0.1675662022525517,0,0,0,0.0,0.0
DEU,1,8443,7,202503,26,28.08,781.16,0.1675662022525517,0,0,0,0.0,0.0
DEU,1,8443,7,202504,27,73.35,2812.88,0.1675662022525517,0,1,0,0.1675662022525517,0.0
DEU,1,8443,7,202505,28,30.96,1126.38,0.1675662022525517,0,1,0,0.1675662022525517,0.0
DEU,1,8443,7,202506,29,53.72,1813.3,0.1675662022525517,0,1,0,0.1675662022525517,0.0
DEU,1,8443,7,202507,30,53.0,2008.21,0.1675662022525517,0,1,0,0.1675662022525517,0.0
DEU,1,8443,7,202508,31,32.58,1059.12,0.1675662022525517,0,1,0,0.1675662022525517,0.0
DEU,1,8443,7,202509,32,32.05,606.84,0.1675662022525517,0,1,0,0.1675662022525517,0.0
DEU,1,8443,7,202510,33,67.98,2450.42,0.1675662022525517,0,1,0,0.1675662022525517,0.0
DEU,1,8443,7,202511,34,46.08,1857.6,0.1675662022525517,0,1,0,0.1675662022525517,0.0
DEU,1,8443,7,202512,35,23.21,493.1,0.1675662022525517,0,1,0,0.1675662022525517,0.0
DEU,1,8471,8,202301,0,43.83,199.72,0.39643031296790476,0,0,0,0.0,0.0
DEU,1,8471,8,202302,1,51.62,241.95,0.39643031296790476,0,0,0,0.0,0.0
DEU,1,8471,8,202303,2,61.02,285.06,0.39643031296790476,0,0,0,0.0,0.0
DEU,1,8471,8,202304,3,53.15,236.01,0.39643031296790476,0,0,0,0.0,0.0
DEU,1,8471,8,202305,4,54.36,252.75,0.39643031296790476,0,0,0,0.0,0.0
DEU,1,8471,8,202306,5,53.13,229.1,0.39643031296790476,0,0,0,0.0,0.0
DEU,1,8471,8,202307,6,57.44,243.41,0.39643031296790476,0,0,0,0.0,0.0
DEU,1,8471,8,202308,7,53.79,228.36,0.39643031296790476,0,0,0,0.0,0.0
DEU,1,8471,8,202309,8,57.13,250.5,0.39643031296790476,0,0,0,0.0,0.0
DEU,1,8471,8,202310,9,48.99,218.91,0.39643031296790476,0,0,0,0.0,0.0
DEU,1,8471,8,202311,10,52.66,239.73,0.39643031296790476,0,0,0,0.0,0.0
DEU,1,8471,8,202312,11,56.26,243.97,0.39643031296790476,0,0,0,0.0,0.0
DEU,1,8471,8,202401,12,38.8,167.85,0.39643031296790476,0,0,0,0.0,0.0
DEU,1,8471,8,202402,13,55.9,221.66,0.39643031296790476,0,0,0,0.0,0.0
DEU,1,8471,8,202403,14,65.0,262.2,0.39643031296790476,0,0,0,0.0,0.0
DEU,1,8471,8,202404,15,55.87,227.6,0.39643031296790476,0,0,0,0.0,0.0
DEU,1,8471,8,202405,16,62.39,240.62,0.39643031296790476,0,0,0,0.0,0.0
DEU,1,8471,8,202406,17,55.24,214.53,0.39643031296790476,0,0,0,0.0,0.0
DEU,1,8471,8,202407,18,107.57,408.69,0.39643031296790476,0,0,0,0.0,0.0
DEU,1,8471,8,202408,19,54.34,220.35,0.39643031296790476,0,0,0,0.0,0.0
DEU,1,8471,8,202409,20,83.12,311.76,0.39643031296790476,0,0,0,0.0,0.0
DEU,1,8471,8,202410,21,52.82,210.54,0.39643031296790476,0,0,0,0.0,0.0
DEU,1,8471,8,202411,22,98.01,471.92,0.39643031296790476,0,0,0,0.0,0.0
DEU,1,8471,8,202412,23,57.31,247.85,0.39643031296790476,0,0,0,0.0,0.0
DEU,1,8471,8,202501,24,35.73,151.32,0.39643031296790476,0,0,0,0.0,0.0
DEU,1,8471,8,202502,25,45.08,181.93,0.39643031296790476,0,0,0,0.0,0.0
DEU,1,8471,8,202503,26,127.14,619.53,0.39643031296790476,0,0,0,0.0,0.0
DEU,1,8471,8,202504,27,50.03,199.88,0.39643031296790476,0,1,0,0.39643031296790476,0.0
DEU,1,8471,8,202505,28,44.19,180.4,0.39643031296790476,0,1,0,0.39643031296790476,0.0
DEU,1,8471,8,202506,29,51.38,222.98,0.39643031296790476,0,1,0,0.39643031296790476,0.0
DEU,1,8471,8,202507,30,57.18,245.46,0.39643031296790476,0,1,0,0.39643031296790476,0.0
DEU,1,8471,8,202508,31,41.18,158.49,0.39643031296790476,0,1,0,0.39643031296790476,0.0
DEU,1,8471,8,202509,32,38.1,157.81,0.39643031296790476,0,1,0,0.39643031296790476,0.0
DEU,1,8471,8,202510,33,38.61,159.83,0.39643031296790476,0,1,0,0.39643031296790476,0.0
DEU,1,8471,8,202511,34,41.89,174.15,0.39643031296790476,0,1,0,0.39643031296790476,0.0
DEU,1,8471,8,202512,35,56.1,235.84,0.39643031296790476,0,1,0,0.39643031296790476,0.0
DEU,1,8473,9,202301,0,14.47,155.41,0.20922547448162448,0,0,0,0.0,0.0
DEU,1,8473,9,202302,1,12.85,137.41,0.20922547448162448,0,0,0,0.0,0.0
DEU,1,8473,9,202303,2,20.07,278.03,0.20922547448162448,0,0,0,0.0,0.0
DEU,1,8473,9,202304,3,15.26,136.11,0.20922547448162448,0,0,0,0.0,0.0
DEU,1,8473,9,202305,4,18.49,184.35,0.20922547448162448,0,0,0,0.0,0.0
DEU,1,8473,9,202306,5,16.44,129.86,0.20922547448162448,0,0,0,0.0,0.0
DEU,1,8473,9,202307,6,18.62,188.68,0.20922547448162448,0,0,0,0.0,0.0
DEU,1,8473,9,202308,7,19.48,208.46,0.20922547448162448,0,0,0,0.0,0.0
DEU,1,8473,9,202309,8,16.97,172.84,0.20922547448162448,0,0,0,0.0,0.0
DEU,1,8473,9,202310,9,15.61,174.1,0.20922547448162448,0,0,0,0.0,0.0
DEU,1,8473,9,202311,10,16.21,244.66,0.20922547448162448,0,0,0,0.0,0.0
DEU,1,8473,9,202312,11,16.61,224.42,0.20922547448162448,0,0,0,0.0,0.0
DEU,1,8473,9,202401,12,15.03,154.96,0.20922547448162448,0,0,0,0.0,0.0
DEU,1,8473,9,202402,13,15.62,181.42,0.20922547448162448,0,0,0,0.0,0.0
DEU,1,8473,9,202403,14,18.86,191.29,0.20922547448162448,0,0,0,0.0,0.0
DEU,1,8473,9,202404,15,15.85,160.27,0.20922547448162448,0,0,0,0.0,0.0
DEU,1,8473,9,202405,16,15.05,235.29,0.20922547448162448,0,0,0,0.0,0.0
DEU,1,8473,9,202406,17,13.91,164.36,0.20922547448162448,0,0,0,0.0,0.0
DEU,1,8473,9,202407,18,13.26,152.12,0.20922547448162448,0,0,0,0.0,0.0
DEU,1,8473,9,202408,19,20.21,208.88,0.20922547448162448,0,0,0,0.0,0.0
DEU,1,8473,9,202409,20,16.49,168.08,0.20922547448162448,0,0,0,0.0,0.0
DEU,1,8473,9,202410,21,14.24,93.92,0.20922547448162448,0,0,0,0.0,0.0
DEU,1,8473,9,202411,22,13.8,97.29,0.20922547448162448,0,0,0,0.0,0.0
DEU,1,8473,9,202412,23,13.42,111.11,0.20922547448162448,0,0,0,0.0,0.0
DEU,1,8473,9,202501,24,12.07,121.06,0.20922547448162448,0,0,0,0.0,0.0
DEU,1,8473,9,202502,25,12.31,94.33,0.20922547448162448,0,0,0,0.0,0.0
DEU,1,8473,9,202503,26,11.57,96.82,0.20922547448162448,0,0,0,0.0,0.0
DEU,1,8473,9,202504,27,11.03,91.09,0.20922547448162448,0,1,0,0.20922547448162448,0.0
DEU,1,8473,9,202505,28,15.6,111.04,0.20922547448162448,0,1,0,0.20922547448162448,0.0
DEU,1,8473,9,202506,29,12.22,135.93,0.20922547448162448,0,1,0,0.20922547448162448,0.0
DEU,1,8473,9,202507,30,15.9,184.77,0.20922547448162448,0,1,0,0.20922547448162448,0.0
DEU,1,8473,9,202508,31,9.85,129.15,0.20922547448162448,0,1,0,0.20922547448162448,0.0
DEU,1,8473,9,202509,32,9.71,133.22,0.20922547448162448,0,1,0,0.20922547448162448,0.0
DEU,1,8473,9,202510,33,9.55,106.23,0.20922547448162448,0,1,0,0.20922547448162448,0.0
DEU,1,8473,9,202511,34,8.47,85.64,0.20922547448162448,0,1,0,0.20922547448162448,0.0
DEU,1,8473,9,202512,35,9.76,99.8,0.20922547448162448,0,1,0,0.20922547448162448,0.0
DEU,1,8504,10,202301,0,57.17,1464.07,0.20349559537261644,0,0,0,0.0,0.0
DEU,1,8504,10,202302,1,81.81,2732.81,0.20349559537261644,0,0,0,0.0,0.0
DEU,1,8504,10,202303,2,77.12,2076.42,0.20349559537261644,0,0,0,0.0,0.0
DEU,1,8504,10,202304,3,85.41,2574.38,0.20349559537261644,0,0,0,0.0,0.0
DEU,1,8504,10,202305,4,77.55,2307.85,0.20349559537261644,0,0,0,0.0,0.0
DEU,1,8504,10,202306,5,72.17,2330.74,0.20349559537261644,0,0,0,0.0,0.0
DEU,1,8504,10,202307,6,98.17,3760.76,0.20349559537261644,0,0,0,0.0,0.0
DEU,1,8504,10,202308,7,111.32,3708.71,0.20349559537261644,0,0,0,0.0,0.0
DEU,1,8504,10,202309,8,109.77,3008.56,0.20349559537261644,0,0,0,0.0,0.0
DEU,1,8504,10,202310,9,100.07,2680.85,0.20349559537261644,0,0,0,0.0,0.0
DEU,1,8504,10,202311,10,74.2,1621.62,0.20349559537261644,0,0,0,0.0,0.0
DEU,1,8504,10,202312,11,81.91,2318.34,0.20349559537261644,0,0,0,0.0,0.0
DEU,1,8504,10,202401,12,79.34,2095.95,0.20349559537261644,0,0,0,0.0,0.0
DEU,1,8504,10,202402,13,77.49,1441.02,0.20349559537261644,0,0,0,0.0,0.0
DEU,1,8504,10,202403,14,102.82,3027.58,0.20349559537261644,0,0,0,0.0,0.0
DEU,1,8504,10,202404,15,83.77,2230.37,0.20349559537261644,0,0,0,0.0,0.0
DEU,1,8504,10,202405,16,121.53,3986.87,0.20349559537261644,0,0,0,0.0,0.0
DEU,1,8504,10,202406,17,93.75,2909.58,0.20349559537261644,0,0,0,0.0,0.0
DEU,1,8504,10,202407,18,100.08,2997.2,0.20349559537261644,0,0,0,0.0,0.0
DEU,1,8504,10,202408,19,97.74,3034.16,0.20349559537261644,0,0,0,0.0,0.0
DEU,1,8504,10,202409,20,107.43,3485.44,0.20349559537261644,0,0,0,0.0,0.0
DEU,1,8504,10,202410,21,85.0,2501.85,0.20349559537261644,0,0,0,0.0,0.0
DEU,1,8504,10,202411,22,62.3,1717.46,0.20349559537261644,0,0,0,0.0,0.0
DEU,1,8504,10,202412,23,96.92,2962.73,0.20349559537261644,0,0,0,0.0,0.0
DEU,1,8504,10,202501,24,67.97,2419.68,0.20349559537261644,0,0,0,0.0,0.0
DEU,1,8504,10,202502,25,63.01,1681.72,0.20349559537261644,0,0,0,0.0,0.0
DEU,1,8504,10,202503,26,80.8,3107.78,0.20349559537261644,0,0,0,0.0,0.0
DEU,1,8504,10,202504,27,82.11,2425.99,0.20349559537261644,0,1,0,0.20349559537261644,0.0
DEU,1,8504,10,202505,28,84.76,3332.69,0.20349559537261644,0,1,0,0.20349559537261644,0.0
DEU,1,8504,10,202506,29,93.47,3904.83,0.20349559537261644,0,1,0,0.20349559537261644,0.0
DEU,1,8504,10,202507,30,110.43,4255.63,0.20349559537261644,0,1,0,0.20349559537261644,0.0
DEU,1,8504,10,202508,31,92.12,3767.11,0.20349559537261644,0,1,0,0.20349559537261644,0.0
DEU,1,8504,10,202509,32,98.56,3346.4,0.20349559537261644,0,1,0,0.20349559537261644,0.0
DEU,1,8504,10,202510,33,114.38,4507.4,0.20349559537261644,0,1,0,0.20349559537261644,0.0
DEU,1,8504,10,202511,34,76.63,2737.83,0.20349559537261644,0,1,0,0.20349559537261644,0.0
DEU,1,8504,10,202512,35,88.85,3741.4,0.20349559537261644,0,1,0,0.20349559537261644,0.0
DEU,1,8516,11,202301,0,16.71,1601.59,0.6255708163552058,0,0,0,0.0,0.0
DEU,1,8516,11,202302,1,13.77,1267.66,0.6255708163552058,0,0,0,0.0,0.0
DEU,1,8516,11,202303,2,21.03,1921.33,0.6255708163552058,0,0,0,0.0,0.0
DEU,1,8516,11,202304,3,17.18,1582.59,0.6255708163552058,0,0,0,0.0,0.0
DEU,1,8516,11,202305,4,17.07,1412.93,0.6255708163552058,0,0,0,0.0,0.0
DEU,1,8516,11,202306,5,17.61,1382.62,0.6255708163552058,0,0,0,0.0,0.0
DEU,1,8516,11,202307,6,15.42,1140.96,0.6255708163552058,0,0,0,0.0,0.0
DEU,1,8516,11,202308,7,15.1,1055.31,0.6255708163552058,0,0,0,0.0,0.0
DEU,1,8516,11,202309,8,13.74,900.74,0.6255708163552058,0,0,0,0.0,0.0
DEU,1,8516,11,202310,9,15.63,1014.76,0.6255708163552058,0,0,0,0.0,0.0
DEU,1,8516,11,202311,10,12.49,860.11,0.6255708163552058,0,0,0,0.0,0.0
DEU,1,8516,11,202312,11,11.31,794.23,0.6255708163552058,0,0,0,0.0,0.0
DEU,1,8516,11,202401,12,8.47,566.28,0.6255708163552058,0,0,0,0.0,0.0
DEU,1,8516,11,202402,13,12.17,894.51,0.6255708163552058,0,0,0,0.0,0.0
DEU,1,8516,11,202403,14,13.18,878.22,0.6255708163552058,0,0,0,0.0,0.0
DEU,1,8516,11,202404,15,12.34,895.44,0.6255708163552058,0,0,0,0.0,0.0
DEU,1,8516,11,202405,16,11.34,777.92,0.6255708163552058,0,0,0,0.0,0.0
DEU,1,8516,11,202406,17,12.09,759.45,0.6255708163552058,0,0,0,0.0,0.0
DEU,1,8516,11,202407,18,14.68,1010.36,0.6255708163552058,0,0,0,0.0,0.0
DEU,1,8516,11,202408,19,14.75,972.72,0.6255708163552058,0,0,0,0.0,0.0
DEU,1,8516,11,202409,20,12.96,929.76,0.6255708163552058,0,0,0,0.0,0.0
DEU,1,8516,11,202410,21,9.93,677.75,0.6255708163552058,0,0,0,0.0,0.0
DEU,1,8516,11,202411,22,12.79,882.07,0.6255708163552058,0,0,0,0.0,0.0
DEU,1,8516,11,202412,23,11.62,836.77,0.6255708163552058,0,0,0,0.0,0.0
DEU,1,8516,11,202501,24,9.23,716.36,0.6255708163552058,0,0,0,0.0,0.0
DEU,1,8516,11,202502,25,11.2,840.39,0.6255708163552058,0,0,0,0.0,0.0
DEU,1,8516,11,202503,26,18.99,1589.41,0.6255708163552058,0,0,0,0.0,0.0
DEU,1,8516,11,202504,27,16.54,1293.55,0.6255708163552058,0,1,0,0.6255708163552058,0.0
DEU,1,8516,11,202505,28,15.48,1131.65,0.6255708163552058,0,1,0,0.6255708163552058,0.0
DEU,1,8516,11,202506,29,16.47,1285.3,0.6255708163552058,0,1,0,0.6255708163552058,0.0
DEU,1,8516,11,202507,30,14.58,1126.07,0.6255708163552058,0,1,0,0.6255708163552058,0.0
DEU,1,8516,11,202508,31,14.61,1068.94,0.6255708163552058,0,1,0,0.6255708163552058,0.0
DEU,1,8516,11,202509,32,16.85,1320.99,0.6255708163552058,0,1,0,0.6255708163552058,0.0
DEU,1,8516,11,202510,33,13.18,997.45,0.6255708163552058,0,1,0,0.6255708163552058,0.0
DEU,1,8516,11,202511,34,21.88,1902.25,0.6255708163552058,0,1,0,0.6255708163552058,0.0
DEU,1,8516,11,202512,35,15.73,1359.98,0.6255708163552058,0,1,0,0.6255708163552058,0.0
DEU,1,8517,12,202301,0,71.24,315.02,0.49320772139853813,0,0,0,0.0,0.0
DEU,1,8517,12,202302,1,53.54,278.18,0.49320772139853813,0,0,0,0.0,0.0
DEU,1,8517,12,202303,2,48.25,197.14,0.49320772139853813,0,0,0,0.0,0.0
DEU,1,8517,12,202304,3,45.2,186.52,0.49320772139853813,0,0,0,0.0,0.0
DEU,1,8517,12,202305,4,48.77,193.75,0.49320772139853813,0,0,0,0.0,0.0
DEU,1,8517,12,202306,5,49.22,183.17,0.49320772139853813,0,0,0,0.0,0.0
DEU,1,8517,12,202307,6,48.66,194.95,0.49320772139853813,0,0,0,0.0,0.0
DEU,1,8517,12,202308,7,50.78,204.21,0.49320772139853813,0,0,0,0.0,0.0
DEU,1,8517,12,202309,8,46.14,179.36,0.49320772139853813,0,0,0,0.0,0.0
DEU,1,8517,12,202310,9,49.62,185.3,0.49320772139853813,0,0,0,0.0,0.0
DEU,1,8517,12,202311,10,39.37,148.08,0.49320772139853813,0,0,0,0.0,0.0
DEU,1,8517,12,202312,11,39.12,134.05,0.49320772139853813,0,0,0,0.0,0.0
DEU,1,8517,12,202401,12,30.35,111.58,0.49320772139853813,0,0,0,0.0,0.0
DEU,1,8517,12,202402,13,38.67,155.28,0.49320772139853813,0,0,0,0.0,0.0
DEU,1,8517,12,202403,14,37.19,143.69,0.49320772139853813,0,0,0,0.0,0.0
DEU,1,8517,12,202404,15,38.04,135.04,0.49320772139853813,0,0,0,0.0,0.0
DEU,1,8517,12,202405,16,33.19,133.17,0.49320772139853813,0,0,0,0.0,0.0
DEU,1,8517,12,202406,17,40.02,144.93,0.49320772139853813,0,0,0,0.0,0.0
DEU,1,8517,12,202407,18,35.79,144.55,0.49320772139853813,0,0,0,0.0,0.0
DEU,1,8517,12,202408,19,37.33,160.19,0.49320772139853813,0,0,0,0.0,0.0
DEU,1,8517,12,202409,20,35.75,161.19,0.49320772139853813,0,0,0,0.0,0.0
DEU,1,8517,12,202410,21,40.03,147.2,0.49320772139853813,0,0,0,0.0,0.0
DEU,1,8517,12,202411,22,45.27,161.43,0.49320772139853813,0,0,0,0.0,0.0
DEU,1,8517,12,202412,23,45.03,152.37,0.49320772139853813,0,0,0,0.0,0.0
DEU,1,8517,12,202501,24,35.03,120.78,0.49320772139853813,0,0,0,0.0,0.0
DEU,1,8517,12,202502,25,42.49,160.88,0.49320772139853813,0,0,0,0.0,0.0
DEU,1,8517,12,202503,26,41.81,139.8,0.49320772139853813,0,0,0,0.0,0.0
DEU,1,8517,12,202504,27,45.89,132.51,0.49320772139853813,0,1,0,0.49320772139853813,0.0
DEU,1,8517,12,202505,28,40.3,118.88,0.49320772139853813,0,1,0,0.49320772139853813,0.0
DEU,1,8517,12,202506,29,36.24,183.13,0.49320772139853813,0,1,0,0.49320772139853813,0.0
DEU,1,8517,12,202507,30,46.87,146.02,0.49320772139853813,0,1,0,0.49320772139853813,0.0
DEU,1,8517,12,202508,31,35.78,114.8,0.49320772139853813,0,1,0,0.49320772139853813,0.0
DEU,1,8517,12,202509,32,47.51,165.7,0.49320772139853813,0,1,0,0.49320772139853813,0.0
DEU,1,8517,12,202510,33,42.6,134.71,0.49320772139853813,0,1,0,0.49320772139853813,0.0
DEU,1,8517,12,202511,34,44.5,146.53,0.49320772139853813,0,1,0,0.49320772139853813,0.0
DEU,1,8517,12,202512,35,64.88,255.7,0.49320772139853813,0,1,0,0.49320772139853813,0.0
DEU,1,8528,13,202301,0,6.2,92.82,0.3347814968181058,0,0,0,0.0,0.0
DEU,1,8528,13,202302,1,6.47,84.13,0.3347814968181058,0,0,0,0.0,0.0
DEU,1,8528,13,202303,2,6.89,91.36,0.3347814968181058,0,0,0,0.0,0.0
DEU,1,8528,13,202304,3,7.57,88.32,0.3347814968181058,0,0,0,0.0,0.0
DEU,1,8528,13,202305,4,5.88,73.98,0.3347814968181058,0,0,0,0.0,0.0
DEU,1,8528,13,202306,5,4.43,74.97,0.3347814968181058,0,0,0,0.0,0.0
DEU,1,8528,13,202307,6,5.6,66.91,0.3347814968181058,0,0,0,0.0,0.0
DEU,1,8528,13,202308,7,6.2,83.22,0.3347814968181058,0,0,0,0.0,0.0
DEU,1,8528,13,202309,8,6.29,99.41,0.3347814968181058,0,0,0,0.0,0.0
DEU,1,8528,13,202310,9,6.86,79.42,0.3347814968181058,0,0,0,0.0,0.0
DEU,1,8528,13,202311,10,6.82,93.84,0.3347814968181058,0,0,0,0.0,0.0
DEU,1,8528,13,202312,11,5.79,80.26,0.3347814968181058,0,0,0,0.0,0.0
DEU,1,8528,13,202401,12,7.01,117.53,0.3347814968181058,0,0,0,0.0,0.0
DEU,1,8528,13,202402,13,4.34,48.3,0.3347814968181058,0,0,0,0.0,0.0
DEU,1,8528,13,202403,14,8.73,92.51,0.3347814968181058,0,0,0,0.0,0.0
DEU,1,8528,13,202404,15,7.47,83.12,0.3347814968181058,0,0,0,0.0,0.0
DEU,1,8528,13,202405,16,8.14,102.06,0.3347814968181058,0,0,0,0.0,0.0
DEU,1,8528,13,202406,17,3.23,37.53,0.3347814968181058,0,0,0,0.0,0.0
DEU,1,8528,13,202407,18,5.97,72.23,0.3347814968181058,0,0,0,0.0,0.0
DEU,1,8528,13,202408,19,6.46,64.28,0.3347814968181058,0,0,0,0.0,0.0
DEU,1,8528,13,202409,20,8.82,155.58,0.3347814968181058,0,0,0,0.0,0.0
DEU,1,8528,13,202410,21,8.52,116.71,0.3347814968181058,0,0,0,0.0,0.0
DEU,1,8528,13,202411,22,7.03,83.59,0.3347814968181058,0,0,0,0.0,0.0
DEU,1,8528,13,202412,23,3.55,56.01,0.3347814968181058,0,0,0,0.0,0.0
DEU,1,8528,13,202501,24,5.17,53.43,0.3347814968181058,0,0,0,0.0,0.0
DEU,1,8528,13,202502,25,5.07,55.69,0.3347814968181058,0,0,0,0.0,0.0
DEU,1,8528,13,202503,26,3.72,46.75,0.3347814968181058,0,0,0,0.0,0.0
DEU,1,8528,13,202504,27,3.41,52.99,0.3347814968181058,0,1,0,0.3347814968181058,0.0
DEU,1,8528,13,202505,28,2.95,51.65,0.3347814968181058,0,1,0,0.3347814968181058,0.0
DEU,1,8528,13,202506,29,2.48,38.53,0.3347814968181058,0,1,0,0.3347814968181058,0.0
DEU,1,8528,13,202507,30,3.12,43.88,0.3347814968181058,0,1,0,0.3347814968181058,0.0
DEU,1,8528,13,202508,31,2.95,53.69,0.3347814968181058,0,1,0,0.3347814968181058,0.0
DEU,1,8528,13,202509,32,2.77,46.0,0.3347814968181058,0,1,0,0.3347814968181058,0.0
DEU,1,8528,13,202510,33,2.92,51.14,0.3347814968181058,0,1,0,0.3347814968181058,0.0
DEU,1,8528,13,202511,34,4.16,67.6,0.3347814968181058,0,1,0,0.3347814968181058,0.0
DEU,1,8528,13,202512,35,5.29,104.7,0.3347814968181058,0,1,0,0.3347814968181058,0.0
DEU,1,8541,14,202301,0,37.97,1584.35,0.03397421317087017,0,0,0,0.0,0.0
DEU,1,8541,14,202302,1,39.24,1102.68,0.03397421317087017,0,0,0,0.0,0.0
DEU,1,8541,14,202303,2,37.25,1251.26,0.03397421317087017,0,0,0,0.0,0.0
DEU,1,8541,14,202304,3,31.86,382.98,0.03397421317087017,0,0,0,0.0,0.0
DEU,1,8541,14,202305,4,37.78,1492.87,0.03397421317087017,0,0,0,0.0,0.0
DEU,1,8541,14,202306,5,47.67,2384.11,0.03397421317087017,0,0,0,0.0,0.0
DEU,1,8541,14,202307,6,29.64,94.32,0.03397421317087017,0,0,0,0.0,0.0
DEU,1,8541,14,202308,7,35.05,92.89,0.03397421317087017,0,0,0,0.0,0.0
DEU,1,8541,14,202309,8,53.87,551.9,0.03397421317087017,0,0,0,0.0,0.0
DEU,1,8541,14,202310,9,42.07,1367.3,0.03397421317087017,0,0,0,0.0,0.0
DEU,1,8541,14,202311,10,38.39,1954.05,0.03397421317087017,0,0,0,0.0,0.0
DEU,1,8541,14,202312,11,40.7,1939.86,0.03397421317087017,0,0,0,0.0,0.0
DEU,1,8541,14,202401,12,39.02,2139.28,0.03397421317087017,0,0,0,0.0,0.0
DEU,1,8541,14,202402,13,30.24,1072.88,0.03397421317087017,0,0,0,0.0,0.0
DEU,1,8541,14,202403,14,23.91,559.1,0.03397421317087017,0,0,0,0.0,0.0
DEU,1,8541,14,202404,15,28.06,151.9,0.03397421317087017,0,0,0,0.0,0.0
DEU,1,8541,14,202405,16,21.67,241.59,0.03397421317087017,0,0,0,0.0,0.0
DEU,1,8541,14,202406,17,28.92,465.17,0.03397421317087017,0,0,0,0.0,0.0
DEU,1,8541,14,202407,18,22.96,500.55,0.03397421317087017,0,0,0,0.0,0.0
DEU,1,8541,14,202408,19,24.63,226.68,0.03397421317087017,0,0,0,0.0,0.0
DEU,1,8541,14,202409,20,22.48,323.09,0.03397421317087017,0,0,0,0.0,0.0
DEU,1,8541,14,202410,21,26.03,145.81,0.03397421317087017,0,0,0,0.0,0.0
DEU,1,8541,14,202411,22,17.87,377.33,0.03397421317087017,0,0,0,0.0,0.0
DEU,1,8541,14,202412,23,27.99,1383.05,0.03397421317087017,0,0,0,0.0,0.0
DEU,1,8541,14,202501,24,24.56,236.92,0.03397421317087017,0,0,0,0.0,0.0
DEU,1,8541,14,202502,25,27.21,1683.67,0.03397421317087017,0,0,0,0.0,0.0
DEU,1,8541,14,202503,26,56.73,2771.78,0.03397421317087017,0,0,0,0.0,0.0
DEU,1,8541,14,202504,27,43.36,702.23,0.03397421317087017,0,1,0,0.03397421317087017,0.0
DEU,1,8541,14,202505,28,23.84,1368.86,0.03397421317087017,0,1,0,0.03397421317087017,0.0
DEU,1,8541,14,202506,29,21.02,399.35,0.03397421317087017,0,1,0,0.03397421317087017,0.0
DEU,1,8541,14,202507,30,37.26,3940.24,0.03397421317087017,0,1,0,0.03397421317087017,0.0
DEU,1,8541,14,202508,31,25.53,296.93,0.03397421317087017,0,1,0,0.03397421317087017,0.0
DEU,1,8541,14,202509,32,24.89,78.45,0.03397421317087017,0,1,0,0.03397421317087017,0.0
DEU,1,8541,14,202510,33,25.16,414.73,0.03397421317087017,0,1,0,0.03397421317087017,0.0
DEU,1,8541,14,202511,34,23.55,115.0,0.03397421317087017,0,1,0,0.03397421317087017,0.0
DEU,1,8541,14,202512,35,34.1,1462.93,0.03397421317087017,0,1,0,0.03397421317087017,0.0
DEU,1,8544,15,202301,0,33.09,1207.38,0.13566753252605626,0,0,0,0.0,0.0
DEU,1,8544,15,202302,1,38.16,1197.09,0.13566753252605626,0,0,0,0.0,0.0
DEU,1,8544,15,202303,2,43.8,1649.14,0.13566753252605626,0,0,0,0.0,0.0
DEU,1,8544,15,202304,3,42.67,1443.69,0.13566753252605626,0,0,0,0.0,0.0
DEU,1,8544,15,202305,4,40.44,1430.99,0.13566753252605626,0,0,0,0.0,0.0
DEU,1,8544,15,202306,5,39.67,1394.2,0.13566753252605626,0,0,0,0.0,0.0
DEU,1,8544,15,202307,6,46.75,1415.82,0.13566753252605626,0,0,0,0.0,0.0
DEU,1,8544,15,202308,7,43.62,1279.82,0.13566753252605626,0,0,0,0.0,0.0
DEU,1,8544,15,202309,8,34.89,1029.95,0.13566753252605626,0,0,0,0.0,0.0
DEU,1,8544,15,202310,9,40.44,1129.9,0.13566753252605626,0,0,0,0.0,0.0
DEU,1,8544,15,202311,10,35.97,1081.16,0.13566753252605626,0,0,0,0.0,0.0
DEU,1,8544,15,202312,11,33.78,1129.49,0.13566753252605626,0,0,0,0.0,0.0
DEU,1,8544,15,202401,12,32.23,1059.1,0.13566753252605626,0,0,0,0.0,0.0
DEU,1,8544,15,202402,13,34.48,1078.13,0.13566753252605626,0,0,0,0.0,0.0
DEU,1,8544,15,202403,14,34.55,1047.93,0.13566753252605626,0,0,0,0.0,0.0
DEU,1,8544,15,202404,15,36.78,1069.08,0.13566753252605626,0,0,0,0.0,0.0
DEU,1,8544,15,202405,16,41.77,1481.5,0.13566753252605626,0,0,0,0.0,0.0
DEU,1,8544,15,202406,17,38.33,1241.21,0.13566753252605626,0,0,0,0.0,0.0
DEU,1,8544,15,202407,18,42.88,1371.55,0.13566753252605626,0,0,0,0.0,0.0
DEU,1,8544,15,202408,19,39.39,1386.27,0.13566753252605626,0,0,0,0.0,0.0
DEU,1,8544,15,202409,20,42.22,1862.62,0.13566753252605626,0,0,0,0.0,0.0
DEU,1,8544,15,202410,21,46.05,1300.1,0.13566753252605626,0,0,0,0.0,0.0
DEU,1,8544,15,202411,22,35.11,1081.22,0.13566753252605626,0,0,0,0.0,0.0
DEU,1,8544,15,202412,23,38.64,1262.65,0.13566753252605626,0,0,0,0.0,0.0
DEU,1,8544,15,202501,24,30.78,843.57,0.13566753252605626,0,0,0,0.0,0.0
DEU,1,8544,15,202502,25,37.91,1089.7,0.13566753252605626,0,0,0,0.0,0.0
DEU,1,8544,15,202503,26,41.51,1415.31,0.13566753252605626,0,0,0,0.0,0.0
DEU,1,8544,15,202504,27,40.77,1402.76,0.13566753252605626,0,1,0,0.13566753252605626,0.0
DEU,1,8544,15,202505,28,65.24,1977.96,0.13566753252605626,0,1,0,0.13566753252605626,0.0
DEU,1,8544,15,202506,29,40.34,1342.17,0.13566753252605626,0,1,0,0.13566753252605626,0.0
DEU,1,8544,15,202507,30,44.41,1381.26,0.13566753252605626,0,1,0,0.13566753252605626,0.0
DEU,1,8544,15,202508,31,35.04,1277.68,0.13566753252605626,0,1,0,0.13566753252605626,0.0
DEU,1,8544,15,202509,32,38.53,1365.6,0.13566753252605626,0,1,0,0.13566753252605626,0.0
DEU,1,8544,15,202510,33,38.88,1198.99,0.13566753252605626,0,1,0,0.13566753252605626,0.0
DEU,1,8544,15,202511,34,42.0,1300.69,0.13566753252605626,0,1,0,0.13566753252605626,0.0
DEU,1,8544,15,202512,35,77.35,2379.91,0.13566753252605626,0,1,0,0.13566753252605626,0.0
DEU,1,9401,16,202301,0,27.15,2259.68,0.33783279157026774,0,0,0,0.0,0.0
DEU,1,9401,16,202302,1,21.73,1831.13,0.33783279157026774,0,0,0,0.0,0.0
DEU,1,9401,16,202303,2,28.75,2345.37,0.33783279157026774,0,0,0,0.0,0.0
DEU,1,9401,16,202304,3,24.91,2188.13,0.33783279157026774,0,0,0,0.0,0.0
DEU,1,9401,16,202305,4,24.29,2084.29,0.33783279157026774,0,0,0,0.0,0.0
DEU,1,9401,16,202306,5,28.28,2257.64,0.33783279157026774,0,0,0,0.0,0.0
DEU,1,9401,16,202307,6,29.88,2523.81,0.33783279157026774,0,0,0,0.0,0.0
DEU,1,9401,16,202308,7,29.32,2088.15,0.33783279157026774,0,0,0,0.0,0.0
DEU,1,9401,16,202309,8,22.1,1588.06,0.33783279157026774,0,0,0,0.0,0.0
DEU,1,9401,16,202310,9,30.49,2165.69,0.33783279157026774,0,0,0,0.0,0.0
DEU,1,9401,16,202311,10,25.0,1865.67,0.33783279157026774,0,0,0,0.0,0.0
DEU,1,9401,16,202312,11,26.05,1905.27,0.33783279157026774,0,0,0,0.0,0.0
DEU,1,9401,16,202401,12,30.05,2228.45,0.33783279157026774,0,0,0,0.0,0.0
DEU,1,9401,16,202402,13,24.01,1816.17,0.33783279157026774,0,0,0,0.0,0.0
DEU,1,9401,16,202403,14,31.6,2253.73,0.33783279157026774,0,0,0,0.0,0.0
DEU,1,9401,16,202404,15,28.45,2083.14,0.33783279157026774,0,0,0,0.0,0.0
DEU,1,9401,16,202405,16,26.66,2123.81,0.33783279157026774,0,0,0,0.0,0.0
DEU,1,9401,16,202406,17,23.03,1834.58,0.33783279157026774,0,0,0,0.0,0.0
DEU,1,9401,16,202407,18,33.81,2644.71,0.33783279157026774,0,0,0,0.0,0.0
DEU,1,9401,16,202408,19,29.68,2222.98,0.33783279157026774,0,0,0,0.0,0.0
DEU,1,9401,16,202409,20,25.35,1744.58,0.33783279157026774,0,0,0,0.0,0.0
DEU,1,9401,16,202410,21,26.0,1846.35,0.33783279157026774,0,0,0,0.0,0.0
DEU,1,9401,16,202411,22,21.65,1477.58,0.33783279157026774,0,0,0,0.0,0.0
DEU,1,9401,16,202412,23,20.19,1543.05,0.33783279157026774,0,0,0,0.0,0.0
DEU,1,9401,16,202501,24,22.51,1417.84,0.33783279157026774,0,0,0,0.0,0.0
DEU,1,9401,16,202502,25,19.3,1290.76,0.33783279157026774,0,0,0,0.0,0.0
DEU,1,9401,16,202503,26,26.81,1810.85,0.33783279157026774,0,0,0,0.0,0.0
DEU,1,9401,16,202504,27,21.06,1545.41,0.33783279157026774,0,1,0,0.33783279157026774,0.0
DEU,1,9401,16,202505,28,24.01,1797.68,0.33783279157026774,0,1,0,0.33783279157026774,0.0
DEU,1,9401,16,202506,29,25.72,2053.36,0.33783279157026774,0,1,0,0.33783279157026774,0.0
DEU,1,9401,16,202507,30,28.87,1998.53,0.33783279157026774,0,1,0,0.33783279157026774,0.0
DEU,1,9401,16,202508,31,27.81,1857.9,0.33783279157026774,0,1,0,0.33783279157026774,0.0
DEU,1,9401,16,202509,32,28.76,1673.36,0.33783279157026774,0,1,0,0.33783279157026774,0.0
DEU,1,9401,16,202510,33,35.29,1851.61,0.33783279157026774,0,1,0,0.33783279157026774,0.0
DEU,1,9401,16,202511,34,28.42,1764.77,0.33783279157026774,0,1,0,0.33783279157026774,0.0
DEU,1,9401,16,202512,35,24.28,1613.74,0.33783279157026774,0,1,0,0.33783279157026774,0.0
DEU,1,9403,17,202301,0,28.1,6062.65,0.32987861426539994,0,0,0,0.0,0.0
DEU,1,9403,17,202302,1,20.12,4429.63,0.32987861426539994,0,0,0,0.0,0.0
DEU,1,9403,17,202303,2,23.17,5068.26,0.32987861426539994,0,0,0,0.0,0.0
DEU,1,9403,17,202304,3,25.16,5368.21,0.32987861426539994,0,0,0,0.0,0.0
DEU,1,9403,17,202305,4,31.86,6673.91,0.32987861426539994,0,0,0,0.0,0.0
DEU,1,9403,17,202306,5,28.71,6248.23,0.32987861426539994,0,0,0,0.0,0.0
DEU,1,9403,17,202307,6,31.65,6983.23,0.32987861426539994,0,0,0,0.0,0.0
DEU,1,9403,17,202308,7,30.92,6507.57,0.32987861426539994,0,0,0,0.0,0.0
DEU,1,9403,17,202309,8,25.68,5591.41,0.32987861426539994,0,0,0,0.0,0.0
DEU,1,9403,17,202310,9,26.41,5721.88,0.32987861426539994,0,0,0,0.0,0.0
DEU,1,9403,17,202311,10,25.0,5114.96,0.32987861426539994,0,0,0,0.0,0.0
DEU,1,9403,17,202312,11,25.23,5087.3,0.32987861426539994,0,0,0,0.0,0.0
DEU,1,9403,17,202401,12,21.73,4589.84,0.32987861426539994,0,0,0,0.0,0.0
DEU,1,9403,17,202402,13,20.72,4379.75,0.32987861426539994,0,0,0,0.0,0.0
DEU,1,9403,17,202403,14,24.04,4997.0,0.32987861426539994,0,0,0,0.0,0.0
DEU,1,9403,17,202404,15,22.54,4471.72,0.32987861426539994,0,0,0,0.0,0.0
DEU,1,9403,17,202405,16,22.68,4357.1,0.32987861426539994,0,0,0,0.0,0.0
DEU,1,9403,17,202406,17,25.4,5070.38,0.32987861426539994,0,0,0,0.0,0.0
DEU,1,9403,17,202407,18,34.27,7079.91,0.32987861426539994,0,0,0,0.0,0.0
DEU,1,9403,17,202408,19,29.0,6183.92,0.32987861426539994,0,0,0,0.0,0.0
DEU,1,9403,17,202409,20,23.33,4954.04,0.32987861426539994,0,0,0,0.0,0.0
DEU,1,9403,17,202410,21,23.11,4975.66,0.32987861426539994,0,0,0,0.0,0.0
DEU,1,9403,17,202411,22,20.79,4333.43,0.32987861426539994,0,0,0,0.0,0.0
DEU,1,9403,17,202412,23,25.18,5355.27,0.32987861426539994,0,0,0,0.0,0.0
DEU,1,9403,17,202501,24,18.44,4004.17,0.32987861426539994,0,0,0,0.0,0.0
DEU,1,9403,17,202502,25,18.68,4098.24,0.32987861426539994,0,0,0,0.0,0.0
DEU,1,9403,17,202503,26,24.98,5146.52,0.32987861426539994,0,0,0,0.0,0.0
DEU,1,9403,17,202504,27,26.28,5513.89,0.32987861426539994,0,1,0,0.32987861426539994,0.0
DEU,1,9403,17,202505,28,31.04,6368.69,0.32987861426539994,0,1,0,0.32987861426539994,0.0
DEU,1,9403,17,202506,29,33.13,7079.25,0.32987861426539994,0,1,0,0.32987861426539994,0.0
DEU,1,9403,17,202507,30,29.23,6255.89,0.32987861426539994,0,1,0,0.32987861426539994,0.0
DEU,1,9403,17,202508,31,22.65,5038.72,0.32987861426539994,0,1,0,0.32987861426539994,0.0
DEU,1,9403,17,202509,32,22.15,4740.86,0.32987861426539994,0,1,0,0.32987861426539994,0.0
DEU,1,9403,17,202510,33,22.26,4726.98,0.32987861426539994,0,1,0,0.32987861426539994,0.0
DEU,1,9403,17,202511,34,20.46,4128.43,0.32987861426539994,0,1,0,0.32987861426539994,0.0
DEU,1,9403,17,202512,35,23.85,5194.45,0.32987861426539994,0,1,0,0.32987861426539994,0.0
DEU,1,9405,18,202301,0,11.8,394.54,0.5216145392002935,0,0,0,0.0,0.0
DEU,1,9405,18,202302,1,9.8,358.85,0.5216145392002935,0,0,0,0.0,0.0
DEU,1,9405,18,202303,2,12.68,425.3,0.5216145392002935,0,0,0,0.0,0.0
DEU,1,9405,18,202304,3,11.48,418.78,0.5216145392002935,0,0,0,0.0,0.0
DEU,1,9405,18,202305,4,12.11,429.37,0.5216145392002935,0,0,0,0.0,0.0
DEU,1,9405,18,202306,5,11.12,412.38,0.5216145392002935,0,0,0,0.0,0.0
DEU,1,9405,18,202307,6,11.03,417.56,0.5216145392002935,0,0,0,0.0,0.0
DEU,1,9405,18,202308,7,9.92,339.77,0.5216145392002935,0,0,0,0.0,0.0
DEU,1,9405,18,202309,8,11.11,524.94,0.5216145392002935,0,0,0,0.0,0.0
DEU,1,9405,18,202310,9,15.16,554.97,0.5216145392002935,0,0,0,0.0,0.0
DEU,1,9405,18,202311,10,13.13,483.95,0.5216145392002935,0,0,0,0.0,0.0
DEU,1,9405,18,202312,11,11.86,438.75,0.5216145392002935,0,0,0,0.0,0.0
DEU,1,9405,18,202401,12,11.73,996.59,0.5216145392002935,0,0,0,0.0,0.0
DEU,1,9405,18,202402,13,11.75,426.85,0.5216145392002935,0,0,0,0.0,0.0
DEU,1,9405,18,202403,14,14.64,937.37,0.5216145392002935,0,0,0,0.0,0.0
DEU,1,9405,18,202404,15,13.81,601.19,0.5216145392002935,0,0,0,0.0,0.0
DEU,1,9405,18,202405,16,11.25,582.63,0.5216145392002935,0,0,0,0.0,0.0
DEU,1,9405,18,202406,17,12.45,907.05,0.5216145392002935,0,0,0,0.0,0.0
DEU,1,9405,18,202407,18,11.17,618.57,0.5216145392002935,0,0,0,0.0,0.0
DEU,1,9405,18,202408,19,13.55,1449.65,0.5216145392002935,0,0,0,0.0,0.0
DEU,1,9405,18,202409,20,11.83,467.39,0.5216145392002935,0,0,0,0.0,0.0
DEU,1,9405,18,202410,21,13.08,1021.42,0.5216145392002935,0,0,0,0.0,0.0
DEU,1,9405,18,202411,22,10.16,395.77,0.5216145392002935,0,0,0,0.0,0.0
DEU,1,9405,18,202412,23,12.26,540.67,0.5216145392002935,0,0,0,0.0,0.0
DEU,1,9405,18,202501,24,11.92,666.26,0.5216145392002935,0,0,0,0.0,0.0
DEU,1,9405,18,202502,25,11.93,465.58,0.5216145392002935,0,0,0,0.0,0.0
DEU,1,9405,18,202503,26,13.33,525.61,0.5216145392002935,0,0,0,0.0,0.0
DEU,1,9405,18,202504,27,13.53,511.65,0.5216145392002935,0,1,0,0.5216145392002935,0.0
DEU,1,9405,18,202505,28,12.57,588.76,0.5216145392002935,0,1,0,0.5216145392002935,0.0
DEU,1,9405,18,202506,29,11.52,698.47,0.5216145392002935,0,1,0,0.5216145392002935,0.0
DEU,1,9405,18,202507,30,12.87,612.81,0.5216145392002935,0,1,0,0.5216145392002935,0.0
DEU,1,9405,18,202508,31,11.85,488.8,0.5216145392002935,0,1,0,0.5216145392002935,0.0
DEU,1,9405,18,202509,32,12.1,818.09,0.5216145392002935,0,1,0,0.5216145392002935,0.0
DEU,1,9405,18,202510,33,10.42,549.08,0.5216145392002935,0,1,0,0.5216145392002935,0.0
DEU,1,9405,18,202511,34,12.37,410.59,0.5216145392002935,0,1,0,0.5216145392002935,0.0
DEU,1,9405,18,202512,35,12.71,419.55,0.5216145392002935,0,1,0,0.5216145392002935,0.0
DEU,1,9503,19,202301,0,2.54,167.47,0.8174924032568407,0,0,0,0.0,0.0
DEU,1,9503,19,202302,1,2.41,158.8,0.8174924032568407,0,0,0,0.0,0.0
DEU,1,9503,19,202303,2,2.5,165.22,0.8174924032568407,0,0,0,0.0,0.0
DEU,1,9503,19,202304,3,2.45,161.38,0.8174924032568407,0,0,0,0.0,0.0
DEU,1,9503,19,202305,4,3.11,205.02,0.8174924032568407,0,0,0,0.0,0.0
DEU,1,9503,19,202306,5,3.17,209.09,0.8174924032568407,0,0,0,0.0,0.0
DEU,1,9503,19,202307,6,3.74,235.25,0.8174924032568407,0,0,0,0.0,0.0
DEU,1,9503,19,202308,7,4.15,261.08,0.8174924032568407,0,0,0,0.0,0.0
DEU,1,9503,19,202309,8,2.34,147.16,0.8174924032568407,0,0,0,0.0,0.0
DEU,1,9503,19,202310,9,3.76,236.96,0.8174924032568407,0,0,0,0.0,0.0
DEU,1,9503,19,202311,10,2.88,181.25,0.8174924032568407,0,0,0,0.0,0.0
DEU,1,9503,19,202312,11,2.96,187.7,0.8174924032568407,0,0,0,0.0,0.0
DEU,1,9503,19,202401,12,1.91,120.98,0.8174924032568407,0,0,0,0.0,0.0
DEU,1,9503,19,202402,13,2.45,155.39,0.8174924032568407,0,0,0,0.0,0.0
DEU,1,9503,19,202403,14,2.86,181.3,0.8174924032568407,0,0,0,0.0,0.0
DEU,1,9503,19,202404,15,3.69,233.83,0.8174924032568407,0,0,0,0.0,0.0
DEU,1,9503,19,202405,16,3.06,193.44,0.8174924032568407,0,0,0,0.0,0.0
DEU,1,9503,19,202406,17,2.88,182.37,0.8174924032568407,0,0,0,0.0,0.0
DEU,1,9503,19,202407,18,3.94,257.88,0.8174924032568407,0,0,0,0.0,0.0
DEU,1,9503,19,202408,19,5.39,353.25,0.8174924032568407,0,0,0,0.0,0.0
DEU,1,9503,19,202409,20,5.21,341.28,0.8174924032568407,0,0,0,0.0,0.0
DEU,1,9503,19,202410,21,5.37,351.6,0.8174924032568407,0,0,0,0.0,0.0
DEU,1,9503,19,202411,22,3.74,245.25,0.8174924032568407,0,0,0,0.0,0.0
DEU,1,9503,19,202412,23,3.66,239.91,0.8174924032568407,0,0,0,0.0,0.0
DEU,1,9503,19,202501,24,2.7,176.96,0.8174924032568407,0,0,0,0.0,0.0
DEU,1,9503,19,202502,25,1.87,122.35,0.8174924032568407,0,0,0,0.0,0.0
DEU,1,9503,19,202503,26,3.72,243.78,0.8174924032568407,0,0,0,0.0,0.0
DEU,1,9503,19,202504,27,2.54,166.53,0.8174924032568407,0,1,0,0.8174924032568407,0.0
DEU,1,9503,19,202505,28,1.97,129.25,0.8174924032568407,0,1,0,0.8174924032568407,0.0
DEU,1,9503,19,202506,29,2.75,179.91,0.8174924032568407,0,1,0,0.8174924032568407,0.0
DEU,1,9503,19,202507,30,4.86,318.1,0.8174924032568407,0,1,0,0.8174924032568407,0.0
DEU,1,9503,19,202508,31,4.82,317.42,0.8174924032568407,0,1,0,0.8174924032568407,0.0
DEU,1,9503,19,202509,32,3.34,219.96,0.8174924032568407,0,1,0,0.8174924032568407,0.0
DEU,1,9503,19,202510,33,3.26,214.75,0.8174924032568407,0,1,0,0.8174924032568407,0.0
DEU,1,9503,19,202511,34,2.79,183.47,0.8174924032568407,0,1,0,0.8174924032568407,0.0
DEU,1,9503,19,202512,35,3.18,209.09,0.8174924032568407,0,1,0,0.8174924032568407,0.0
IND,2,3926,0,202301,0,8.68,1508.1,0.592931327318276,0,0,0,0.0,0.0
IND,2,3926,0,202302,1,7.47,1287.85,0.592931327318276,0,0,0,0.0,0.0
IND,2,3926,0,202303,2,6.78,1059.5,0.592931327318276,0,0,0,0.0,0.0
IND,2,3926,0,202304,3,6.38,1003.22,0.592931327318276,0,0,0,0.0,0.0
IND,2,3926,0,202305,4,9.44,1763.79,0.592931327318276,0,0,0,0.0,0.0
IND,2,3926,0,202306,5,11.02,2123.17,0.592931327318276,0,0,0,0.0,0.0
IND,2,3926,0,202307,6,8.38,1341.12,0.592931327318276,0,0,0,0.0,0.0
IND,2,3926,0,202308,7,8.2,1403.71,0.592931327318276,0,0,0,0.0,0.0
IND,2,3926,0,202309,8,9.64,1375.57,0.592931327318276,0,0,0,0.0,0.0
IND,2,3926,0,202310,9,9.44,1739.79,0.592931327318276,0,0,0,0.0,0.0
IND,2,3926,0,202311,10,7.46,1368.62,0.592931327318276,0,0,0,0.0,0.0
IND,2,3926,0,202312,11,7.13,1190.09,0.592931327318276,0,0,0,0.0,0.0
IND,2,3926,0,202401,12,6.58,1026.96,0.592931327318276,0,0,0,0.0,0.0
IND,2,3926,0,202402,13,7.51,1264.1,0.592931327318276,0,0,0,0.0,0.0
IND,2,3926,0,202403,14,9.83,1854.92,0.592931327318276,0,0,0,0.0,0.0
IND,2,3926,0,202404,15,9.15,811.62,0.592931327318276,0,0,0,0.0,0.0
IND,2,3926,0,202405,16,10.26,1100.69,0.592931327318276,0,0,0,0.0,0.0
IND,2,3926,0,202406,17,12.25,1804.95,0.592931327318276,0,0,0,0.0,0.0
IND,2,3926,0,202407,18,10.59,1252.81,0.592931327318276,0,0,0,0.0,0.0
IND,2,3926,0,202408,19,7.87,580.06,0.592931327318276,0,0,0,0.0,0.0
IND,2,3926,0,202409,20,10.57,951.55,0.592931327318276,0,0,0,0.0,0.0
IND,2,3926,0,202410,21,12.21,1005.37,0.592931327318276,0,0,0,0.0,0.0
IND,2,3926,0,202411,22,10.19,784.51,0.592931327318276,0,0,0,0.0,0.0
IND,2,3926,0,202412,23,9.21,696.71,0.592931327318276,0,0,0,0.0,0.0
IND,2,3926,0,202501,24,9.25,731.56,0.592931327318276,0,0,0,0.0,0.0
IND,2,3926,0,202502,25,8.67,808.45,0.592931327318276,0,0,0,0.0,0.0
IND,2,3926,0,202503,26,9.3,684.49,0.592931327318276,0,0,0,0.0,0.0
IND,2,3926,0,202504,27,9.9,844.79,0.592931327318276,0,1,0,0.592931327318276,0.0
IND,2,3926,0,202505,28,11.79,1287.21,0.592931327318276,0,1,0,0.592931327318276,0.0
IND,2,3926,0,202506,29,16.06,2212.7,0.592931327318276,0,1,0,0.592931327318276,0.0
IND,2,3926,0,202507,30,12.74,1249.62,0.592931327318276,0,1,0,0.592931327318276,0.0
IND,2,3926,0,202508,31,11.51,1967.3,0.592931327318276,0,1,0,0.592931327318276,0.0
IND,2,3926,0,202509,32,13.72,2430.12,0.592931327318276,0,1,0,0.592931327318276,0.0
IND,2,3926,0,202510,33,11.24,1763.84,0.592931327318276,0,1,0,0.592931327318276,0.0
IND,2,3926,0,202511,34,11.16,822.89,0.592931327318276,0,1,0,0.592931327318276,0.0
IND,2,3926,0,202512,35,9.73,701.45,0.592931327318276,0,1,0,0.592931327318276,0.0
IND,2,4202,1,202301,0,38.9,1593.54,0.5082599842937704,0,0,0,0.0,0.0
IND,2,4202,1,202302,1,25.99,1072.39,0.5082599842937704,0,0,0,0.0,0.0
IND,2,4202,1,202303,2,37.67,1526.33,0.5082599842937704,0,0,0,0.0,0.0
IND,2,4202,1,202304,3,29.99,1348.21,0.5082599842937704,0,0,0,0.0,0.0
IND,2,4202,1,202305,4,33.13,1272.96,0.5082599842937704,0,0,0,0.0,0.0
IND,2,4202,1,202306,5,29.71,1233.69,0.5082599842937704,0,0,0,0.0,0.0
IND,2,4202,1,202307,6,34.76,1406.61,0.5082599842937704,0,0,0,0.0,0.0
IND,2,4202,1,202308,7,36.61,1360.96,0.5082599842937704,0,0,0,0.0,0.0
IND,2,4202,1,202309,8,45.76,1560.11,0.5082599842937704,0,0,0,0.0,0.0
IND,2,4202,1,202310,9,38.85,1505.0,0.5082599842937704,0,0,0,0.0,0.0
IND,2,4202,1,202311,10,36.98,1408.4,0.5082599842937704,0,0,0,0.0,0.0
IND,2,4202,1,202312,11,27.92,1118.38,0.5082599842937704,0,0,0,0.0,0.0
IND,2,4202,1,202401,12,28.25,964.55,0.5082599842937704,0,0,0,0.0,0.0
IND,2,4202,1,202402,13,32.98,1312.45,0.5082599842937704,0,0,0,0.0,0.0
IND,2,4202,1,202403,14,38.26,1370.32,0.5082599842937704,0,0,0,0.0,0.0
IND,2,4202,1,202404,15,34.54,764.52,0.5082599842937704,0,0,0,0.0,0.0
IND,2,4202,1,202405,16,38.43,795.72,0.5082599842937704,0,0,0,0.0,0.0
IND,2,4202,1,202406,17,34.83,751.01,0.5082599842937704,0,0,0,0.0,0.0
IND,2,4202,1,202407,18,36.21,775.44,0.5082599842937704,0,0,0,0.0,0.0
IND,2,4202,1,202408,19,39.63,770.38,0.5082599842937704,0,0,0,0.0,0.0
IND,2,4202,1,202409,20,44.24,845.47,0.5082599842937704,0,0,0,0.0,0.0
IND,2,4202,1,202410,21,46.55,962.06,0.5082599842937704,0,0,0,0.0,0.0
IND,2,4202,1,202411,22,36.36,812.2,0.5082599842937704,0,0,0,0.0,0.0
IND,2,4202,1,202412,23,34.53,799.33,0.5082599842937704,0,0,0,0.0,0.0
IND,2,4202,1,202501,24,36.91,780.92,0.5082599842937704,0,0,0,0.0,0.0
IND,2,4202,1,202502,25,35.69,838.64,0.5082599842937704,0,0,0,0.0,0.0
IND,2,4202,1,202503,26,47.82,1308.52,0.5082599842937704,0,0,0,0.0,0.0
IND,2,4202,1,202504,27,35.64,852.85,0.5082599842937704,0,1,0,0.5082599842937704,0.0
IND,2,4202,1,202505,28,36.8,784.92,0.5082599842937704,0,1,0,0.5082599842937704,0.0
IND,2,4202,1,202506,29,33.14,770.08,0.5082599842937704,0,1,0,0.5082599842937704,0.0
IND,2,4202,1,202507,30,42.94,931.89,0.5082599842937704,0,1,0,0.5082599842937704,0.0
IND,2,4202,1,202508,31,42.78,1757.33,0.5082599842937704,0,1,0,0.5082599842937704,0.0
IND,2,4202,1,202509,32,42.1,2100.44,0.5082599842937704,0,1,0,0.5082599842937704,0.0
IND,2,4202,1,202510,33,35.58,1759.06,0.5082599842937704,0,1,0,0.5082599842937704,0.0
IND,2,4202,1,202511,34,33.64,746.54,0.5082599842937704,0,1,0,0.5082599842937704,0.0
IND,2,4202,1,202512,35,32.0,687.83,0.5082599842937704,0,1,0,0.5082599842937704,0.0
IND,2,6110,2,202301,0,46.62,1769.39,0.43468577984429585,0,0,0,0.0,0.0
IND,2,6110,2,202302,1,28.48,1190.51,0.43468577984429585,0,0,0,0.0,0.0
IND,2,6110,2,202303,2,46.58,2016.0,0.43468577984429585,0,0,0,0.0,0.0
IND,2,6110,2,202304,3,38.5,1479.6,0.43468577984429585,0,0,0,0.0,0.0
IND,2,6110,2,202305,4,33.8,1524.02,0.43468577984429585,0,0,0,0.0,0.0
IND,2,6110,2,202306,5,43.35,2033.74,0.43468577984429585,0,0,0,0.0,0.0
IND,2,6110,2,202307,6,47.13,2356.51,0.43468577984429585,0,0,0,0.0,0.0
IND,2,6110,2,202308,7,41.64,2207.88,0.43468577984429585,0,0,0,0.0,0.0
IND,2,6110,2,202309,8,43.01,2166.08,0.43468577984429585,0,0,0,0.0,0.0
IND,2,6110,2,202310,9,39.08,2042.4,0.43468577984429585,0,0,0,0.0,0.0
IND,2,6110,2,202311,10,26.37,1307.11,0.43468577984429585,0,0,0,0.0,0.0
IND,2,6110,2,202312,11,26.83,1307.97,0.43468577984429585,0,0,0,0.0,0.0
IND,2,6110,2,202401,12,29.67,1389.26,0.43468577984429585,0,0,0,0.0,0.0
IND,2,6110,2,202402,13,26.78,1210.73,0.43468577984429585,0,0,0,0.0,0.0
IND,2,6110,2,202403,14,32.32,1460.88,0.43468577984429585,0,0,0,0.0,0.0
IND,2,6110,2,202404,15,30.93,1033.48,0.43468577984429585,0,0,0,0.0,0.0
IND,2,6110,2,202405,16,34.23,1139.84,0.43468577984429585,0,0,0,0.0,0.0
IND,2,6110,2,202406,17,35.8,1192.82,0.43468577984429585,0,0,0,0.0,0.0
IND,2,6110,2,202407,18,47.39,1636.14,0.43468577984429585,0,0,0,0.0,0.0
IND,2,6110,2,202408,19,41.5,1434.39,0.43468577984429585,0,0,0,0.0,0.0
IND,2,6110,2,202409,20,56.28,1946.61,0.43468577984429585,0,0,0,0.0,0.0
IND,2,6110,2,202410,21,52.31,1805.3,0.43468577984429585,0,0,0,0.0,0.0
IND,2,6110,2,202411,22,40.54,1404.48,0.43468577984429585,0,0,0,0.0,0.0
IND,2,6110,2,202412,23,32.07,1111.01,0.43468577984429585,0,0,0,0.0,0.0
IND,2,6110,2,202501,24,36.77,1272.56,0.43468577984429585,0,0,0,0.0,0.0
IND,2,6110,2,202502,25,31.5,1090.93,0.43468577984429585,0,0,0,0.0,0.0
IND,2,6110,2,202503,26,35.38,1225.22,0.43468577984429585,0,0,0,0.0,0.0
IND,2,6110,2,202504,27,33.77,1169.95,0.43468577984429585,0,1,0,0.43468577984429585,0.0
IND,2,6110,2,202505,28,33.34,1154.33,0.43468577984429585,0,1,0,0.43468577984429585,0.0
IND,2,6110,2,202506,29,34.79,1199.4,0.43468577984429585,0,1,0,0.43468577984429585,0.0
IND,2,6110,2,202507,30,58.35,2018.54,0.43468577984429585,0,1,0,0.43468577984429585,0.0
IND,2,6110,2,202508,31,52.98,2950.68,0.43468577984429585,0,1,0,0.43468577984429585,0.0
IND,2,6110,2,202509,32,48.95,3030.67,0.43468577984429585,0,1,0,0.43468577984429585,0.0
IND,2,6110,2,202510,33,40.11,2316.86,0.43468577984429585,0,1,0,0.43468577984429585,0.0
IND,2,6110,2,202511,34,26.18,856.36,0.43468577984429585,0,1,0,0.43468577984429585,0.0
IND,2,6110,2,202512,35,28.59,939.13,0.43468577984429585,0,1,0,0.43468577984429585,0.0
IND,2,6204,3,202301,0,117.9,3532.03,0.42349635741507496,0,0,0,0.0,0.0
IND,2,6204,3,202302,1,115.83,3187.08,0.42349635741507496,0,0,0,0.0,0.0
IND,2,6204,3,202303,2,127.34,3693.3,0.42349635741507496,0,0,0,0.0,0.0
IND,2,6204,3,202304,3,121.37,3439.55,0.42349635741507496,0,0,0,0.0,0.0
IND,2,6204,3,202305,4,99.36,2939.5,0.42349635741507496,0,0,0,0.0,0.0
IND,2,6204,3,202306,5,65.32,1868.54,0.42349635741507496,0,0,0,0.0,0.0
IND,2,6204,3,202307,6,61.43,1875.7,0.42349635741507496,0,0,0,0.0,0.0
IND,2,6204,3,202308,7,45.62,1285.04,0.42349635741507496,0,0,0,0.0,0.0
IND,2,6204,3,202309,8,43.58,1275.88,0.42349635741507496,0,0,0,0.0,0.0
IND,2,6204,3,202310,9,43.77,1264.14,0.42349635741507496,0,0,0,0.0,0.0
IND,2,6204,3,202311,10,38.2,1157.07,0.42349635741507496,0,0,0,0.0,0.0
IND,2,6204,3,202312,11,52.23,1612.75,0.42349635741507496,0,0,0,0.0,0.0
IND,2,6204,3,202401,12,95.77,2876.23,0.42349635741507496,0,0,0,0.0,0.0
IND,2,6204,3,202402,13,112.07,3325.36,0.42349635741507496,0,0,0,0.0,0.0
IND,2,6204,3,202403,14,131.98,4039.95,0.42349635741507496,0,0,0,0.0,0.0
IND,2,6204,3,202404,15,127.79,2623.27,0.42349635741507496,0,0,0,0.0,0.0
IND,2,6204,3,202405,16,113.42,2307.46,0.42349635741507496,0,0,0,0.0,0.0
IND,2,6204,3,202406,17,78.77,1652.22,0.42349635741507496,0,0,0,0.0,0.0
IND,2,6204,3,202407,18,64.96,1479.11,0.42349635741507496,0,0,0,0.0,0.0
IND,2,6204,3,202408,19,44.86,1060.69,0.42349635741507496,0,0,0,0.0,0.0
IND,2,6204,3,202409,20,41.44,950.49,0.42349635741507496,0,0,0,0.0,0.0
IND,2,6204,3,202410,21,44.6,1025.66,0.42349635741507496,0,0,0,0.0,0.0
IND,2,6204,3,202411,22,41.69,960.37,0.42349635741507496,0,0,0,0.0,0.0
IND,2,6204,3,202412,23,59.61,1353.17,0.42349635741507496,0,0,0,0.0,0.0
IND,2,6204,3,202501,24,110.15,2500.78,0.42349635741507496,0,0,0,0.0,0.0
IND,2,6204,3,202502,25,128.25,2888.6,0.42349635741507496,0,0,0,0.0,0.0
IND,2,6204,3,202503,26,162.54,3658.82,0.42349635741507496,0,0,0,0.0,0.0
IND,2,6204,3,202504,27,140.05,3109.36,0.42349635741507496,0,1,0,0.42349635741507496,0.0
IND,2,6204,3,202505,28,123.07,2787.7,0.42349635741507496,0,1,0,0.42349635741507496,0.0
IND,2,6204,3,202506,29,78.86,1769.76,0.42349635741507496,0,1,0,0.42349635741507496,0.0
IND,2,6204,3,202507,30,81.29,1884.25,0.42349635741507496,0,1,0,0.42349635741507496,0.0
IND,2,6204,3,202508,31,54.6,1640.31,0.42349635741507496,0,1,0,0.42349635741507496,0.0
IND,2,6204,3,202509,32,40.96,1373.8,0.42349635741507496,0,1,0,0.42349635741507496,0.0
IND,2,6204,3,202510,33,37.42,1318.78,0.42349635741507496,0,1,0,0.42349635741507496,0.0
IND,2,6204,3,202511,34,35.1,868.74,0.42349635741507496,0,1,0,0.42349635741507496,0.0
IND,2,6204,3,202512,35,72.58,1815.29,0.42349635741507496,0,1,0,0.42349635741507496,0.0
IND,2,6402,4,202301,0,5.88,255.16,0.6876787251706538,0,0,0,0.0,0.0
IND,2,6402,4,202302,1,3.01,131.17,0.6876787251706538,0,0,0,0.0,0.0
IND,2,6402,4,202303,2,5.41,234.34,0.6876787251706538,0,0,0,0.0,0.0
IND,2,6402,4,202304,3,4.98,216.46,0.6876787251706538,0,0,0,0.0,0.0
IND,2,6402,4,202305,4,3.52,152.43,0.6876787251706538,0,0,0,0.0,0.0
IND,2,6402,4,202306,5,4.34,187.79,0.6876787251706538,0,0,0,0.0,0.0
IND,2,6402,4,202307,6,3.37,131.45,0.6876787251706538,0,0,0,0.0,0.0
IND,2,6402,4,202308,7,5.08,197.21,0.6876787251706538,0,0,0,0.0,0.0
IND,2,6402,4,202309,8,3.39,131.08,0.6876787251706538,0,0,0,0.0,0.0
IND,2,6402,4,202310,9,3.6,138.92,0.6876787251706538,0,0,0,0.0,0.0
IND,2,6402,4,202311,10,4.17,161.62,0.6876787251706538,0,0,0,0.0,0.0
IND,2,6402,4,202312,11,2.09,80.54,0.6876787251706538,0,0,0,0.0,0.0
IND,2,6402,4,202401,12,2.32,89.53,0.6876787251706538,0,0,0,0.0,0.0
IND,2,6402,4,202402,13,4.23,164.53,0.6876787251706538,0,0,0,0.0,0.0
IND,2,6402,4,202403,14,2.9,111.2,0.6876787251706538,0,0,0,0.0,0.0
IND,2,6402,4,202404,15,4.1,157.06,0.6876787251706538,0,0,0,0.0,0.0
IND,2,6402,4,202405,16,5.41,207.5,0.6876787251706538,0,0,0,0.0,0.0
IND,2,6402,4,202406,17,4.34,165.97,0.6876787251706538,0,0,0,0.0,0.0
IND,2,6402,4,202407,18,3.5,146.41,0.6876787251706538,0,0,0,0.0,0.0
IND,2,6402,4,202408,19,4.62,192.91,0.6876787251706538,0,0,0,0.0,0.0
IND,2,6402,4,202409,20,3.54,147.91,0.6876787251706538,0,0,0,0.0,0.0
IND,2,6402,4,202410,21,5.57,232.81,0.6876787251706538,0,0,0,0.0,0.0
IND,2,6402,4,202411,22,9.27,387.69,0.6876787251706538,0,0,0,0.0,0.0
IND,2,6402,4,202412,23,5.34,223.19,0.6876787251706538,0,0,0,0.0,0.0
IND,2,6402,4,202501,24,7.48,314.31,0.6876787251706538,0,0,0,0.0,0.0
IND,2,6402,4,202502,25,4.96,205.22,0.6876787251706538,0,0,0,0.0,0.0
IND,2,6402,4,202503,26,7.13,293.87,0.6876787251706538,0,0,0,0.0,0.0
IND,2,6402,4,202504,27,7.44,308.72,0.6876787251706538,0,1,0,0.6876787251706538,0.0
IND,2,6402,4,202505,28,8.17,346.17,0.6876787251706538,0,1,0,0.6876787251706538,0.0
IND,2,6402,4,202506,29,7.65,319.82,0.6876787251706538,0,1,0,0.6876787251706538,0.0
IND,2,6402,4,202507,30,5.43,228.88,0.6876787251706538,0,1,0,0.6876787251706538,0.0
IND,2,6402,4,202508,31,7.02,282.29,0.6876787251706538,0,1,0,0.6876787251706538,0.0
IND,2,6402,4,202509,32,6.45,258.02,0.6876787251706538,0,1,0,0.6876787251706538,0.0
IND,2,6402,4,202510,33,7.78,313.42,0.6876787251706538,0,1,0,0.6876787251706538,0.0
IND,2,6402,4,202511,34,9.21,370.59,0.6876787251706538,0,1,0,0.6876787251706538,0.0
IND,2,6402,4,202512,35,4.6,183.47,0.6876787251706538,0,1,0,0.6876787251706538,0.0
IND,2,6403,5,202301,0,48.43,1240.96,0.3564216173855382,0,0,0,0.0,0.0
IND,2,6403,5,202302,1,36.53,945.32,0.3564216173855382,0,0,0,0.0,0.0
IND,2,6403,5,202303,2,35.09,894.46,0.3564216173855382,0,0,0,0.0,0.0
IND,2,6403,5,202304,3,28.68,744.21,0.3564216173855382,0,0,0,0.0,0.0
IND,2,6403,5,202305,4,26.06,673.44,0.3564216173855382,0,0,0,0.0,0.0
IND,2,6403,5,202306,5,28.64,727.49,0.3564216173855382,0,0,0,0.0,0.0
IND,2,6403,5,202307,6,38.48,873.7,0.3564216173855382,0,0,0,0.0,0.0
IND,2,6403,5,202308,7,38.74,873.58,0.3564216173855382,0,0,0,0.0,0.0
IND,2,6403,5,202309,8,30.35,681.05,0.3564216173855382,0,0,0,0.0,0.0
IND,2,6403,5,202310,9,29.15,653.76,0.3564216173855382,0,0,0,0.0,0.0
IND,2,6403,5,202311,10,25.5,578.21,0.3564216173855382,0,0,0,0.0,0.0
IND,2,6403,5,202312,11,25.7,560.46,0.3564216173855382,0,0,0,0.0,0.0
IND,2,6403,5,202401,12,23.32,511.38,0.3564216173855382,0,0,0,0.0,0.0
IND,2,6403,5,202402,13,27.32,603.11,0.3564216173855382,0,0,0,0.0,0.0
IND,2,6403,5,202403,14,29.52,646.8,0.3564216173855382,0,0,0,0.0,0.0
IND,2,6403,5,202404,15,25.95,562.06,0.3564216173855382,0,0,0,0.0,0.0
IND,2,6403,5,202405,16,30.2,670.91,0.3564216173855382,0,0,0,0.0,0.0
IND,2,6403,5,202406,17,28.96,636.72,0.3564216173855382,0,0,0,0.0,0.0
IND,2,6403,5,202407,18,34.38,734.23,0.3564216173855382,0,0,0,0.0,0.0
IND,2,6403,5,202408,19,32.4,691.16,0.3564216173855382,0,0,0,0.0,0.0
IND,2,6403,5,202409,20,38.75,816.44,0.3564216173855382,0,0,0,0.0,0.0
IND,2,6403,5,202410,21,35.25,748.72,0.3564216173855382,0,0,0,0.0,0.0
IND,2,6403,5,202411,22,32.06,687.75,0.3564216173855382,0,0,0,0.0,0.0
IND,2,6403,5,202412,23,27.28,579.16,0.3564216173855382,0,0,0,0.0,0.0
IND,2,6403,5,202501,24,30.51,652.38,0.3564216173855382,0,0,0,0.0,0.0
IND,2,6403,5,202502,25,29.83,637.47,0.3564216173855382,0,0,0,0.0,0.0
IND,2,6403,5,202503,26,30.04,643.41,0.3564216173855382,0,0,0,0.0,0.0
IND,2,6403,5,202504,27,34.46,734.64,0.3564216173855382,0,1,0,0.3564216173855382,0.0
IND,2,6403,5,202505,28,28.43,598.57,0.3564216173855382,0,1,0,0.3564216173855382,0.0
IND,2,6403,5,202506,29,32.2,690.18,0.3564216173855382,0,1,0,0.3564216173855382,0.0
IND,2,6403,5,202507,30,37.59,806.42,0.3564216173855382,0,1,0,0.3564216173855382,0.0
IND,2,6403,5,202508,31,44.77,990.93,0.3564216173855382,0,1,0,0.3564216173855382,0.0
IND,2,6403,5,202509,32,40.91,912.02,0.3564216173855382,0,1,0,0.3564216173855382,0.0
IND,2,6403,5,202510,33,33.68,750.44,0.3564216173855382,0,1,0,0.3564216173855382,0.0
IND,2,6403,5,202511,34,24.8,556.04,0.3564216173855382,0,1,0,0.3564216173855382,0.0
IND,2,6403,5,202512,35,21.59,479.68,0.3564216173855382,0,1,0,0.3564216173855382,0.0
IND,2,7326,6,202301,0,27.69,6942.37,0.371942620179757,0,0,0,0.0,0.0
IND,2,7326,6,202302,1,23.95,6005.97,0.371942620179757,0,0,0,0.0,0.0
IND,2,7326,6,202303,2,25.07,6693.19,0.371942620179757,0,0,0,0.0,0.0
IND,2,7326,6,202304,3,24.33,6895.88,0.371942620179757,0,0,0,0.0,0.0
IND,2,7326,6,202305,4,25.07,7125.44,0.371942620179757,0,0,0,0.0,0.0
IND,2,7326,6,202306,5,22.95,6082.34,0.371942620179757,0,0,0,0.0,0.0
IND,2,7326,6,202307,6,19.72,5946.3,0.371942620179757,0,0,0,0.0,0.0
IND,2,7326,6,202308,7,21.74,5752.33,0.371942620179757,0,0,0,0.0,0.0
IND,2,7326,6,202309,8,24.61,6835.66,0.371942620179757,0,0,0,0.0,0.0
IND,2,7326,6,202310,9,23.43,7240.76,0.371942620179757,0,0,0,0.0,0.0
IND,2,7326,6,202311,10,21.72,6916.58,0.371942620179757,0,0,0,0.0,0.0
IND,2,7326,6,202312,11,18.28,5285.93,0.371942620179757,0,0,0,0.0,0.0
IND,2,7326,6,202401,12,19.77,5887.49,0.371942620179757,0,0,0,0.0,0.0
IND,2,7326,6,202402,13,18.61,5529.42,0.371942620179757,0,0,0,0.0,0.0
IND,2,7326,6,202403,14,27.48,8569.31,0.371942620179757,0,0,0,0.0,0.0
IND,2,7326,6,202404,15,27.42,8259.85,0.371942620179757,0,0,0,0.0,0.0
IND,2,7326,6,202405,16,24.52,7617.45,0.371942620179757,0,0,0,0.0,0.0
IND,2,7326,6,202406,17,24.37,6961.82,0.371942620179757,0,0,0,0.0,0.0
IND,2,7326,6,202407,18,24.2,6572.75,0.371942620179757,0,0,0,0.0,0.0
IND,2,7326,6,202408,19,20.05,4942.49,0.371942620179757,0,0,0,0.0,0.0
IND,2,7326,6,202409,20,24.23,7504.0,0.371942620179757,0,0,0,0.0,0.0
IND,2,7326,6,202410,21,27.17,8316.55,0.371942620179757,0,0,0,0.0,0.0
IND,2,7326,6,202411,22,28.64,8124.31,0.371942620179757,0,0,0,0.0,0.0
IND,2,7326,6,202412,23,27.59,8817.5,0.371942620179757,0,0,0,0.0,0.0
IND,2,7326,6,202501,24,27.46,8974.21,0.371942620179757,0,0,0,0.0,0.0
IND,2,7326,6,202502,25,26.07,7876.32,0.371942620179757,0,0,0,0.0,0.0
IND,2,7326,6,202503,26,27.8,8727.03,0.371942620179757,0,0,0,0.0,0.0
IND,2,7326,6,202504,27,26.7,7593.67,0.371942620179757,0,1,0,0.371942620179757,0.0
IND,2,7326,6,202505,28,29.38,8463.55,0.371942620179757,0,1,0,0.371942620179757,0.0
IND,2,7326,6,202506,29,25.21,7040.98,0.371942620179757,0,1,0,0.371942620179757,0.0
IND,2,7326,6,202507,30,24.84,7321.34,0.371942620179757,0,1,0,0.371942620179757,0.0
IND,2,7326,6,202508,31,26.05,8320.4,0.371942620179757,0,1,0,0.371942620179757,0.0
IND,2,7326,6,202509,32,26.69,7712.71,0.371942620179757,0,1,0,0.371942620179757,0.0
IND,2,7326,6,202510,33,23.23,6741.63,0.371942620179757,0,1,0,0.371942620179757,0.0
IND,2,7326,6,202511,34,22.08,6782.73,0.371942620179757,0,1,0,0.371942620179757,0.0
IND,2,7326,6,202512,35,25.18,7014.38,0.371942620179757,0,1,0,0.371942620179757,0.0
IND,2,8443,7,202301,0,1.72,44.74,0.1675662022525517,0,0,0,0.0,0.0
IND,2,8443,7,202302,1,0.65,13.91,0.1675662022525517,0,0,0,0.0,0.0
IND,2,8443,7,202303,2,0.45,9.55,0.1675662022525517,0,0,0,0.0,0.0
IND,2,8443,7,202304,3,1.22,24.6,0.1675662022525517,0,0,0,0.0,0.0
IND,2,8443,7,202305,4,1.37,29.91,0.1675662022525517,0,0,0,0.0,0.0
IND,2,8443,7,202306,5,0.76,15.86,0.1675662022525517,0,0,0,0.0,0.0
IND,2,8443,7,202307,6,0.25,4.17,0.1675662022525517,0,0,0,0.0,0.0
IND,2,8443,7,202308,7,1.54,33.02,0.1675662022525517,0,0,0,0.0,0.0
IND,2,8443,7,202309,8,0.9,15.59,0.1675662022525517,0,0,0,0.0,0.0
IND,2,8443,7,202310,9,0.64,10.79,0.1675662022525517,0,0,0,0.0,0.0
IND,2,8443,7,202311,10,0.59,8.72,0.1675662022525517,0,0,0,0.0,0.0
IND,2,8443,7,202312,11,0.44,8.06,0.1675662022525517,0,0,0,0.0,0.0
IND,2,8443,7,202401,12,0.66,11.82,0.1675662022525517,0,0,0,0.0,0.0
IND,2,8443,7,202402,13,1.02,26.02,0.1675662022525517,0,0,0,0.0,0.0
IND,2,8443,7,202403,14,0.37,5.31,0.1675662022525517,0,0,0,0.0,0.0
IND,2,8443,7,202404,15,0.79,14.03,0.1675662022525517,0,0,0,0.0,0.0
IND,2,8443,7,202405,16,0.79,12.6,0.1675662022525517,0,0,0,0.0,0.0
IND,2,8443,7,202406,17,0.47,7.64,0.1675662022525517,0,0,0,0.0,0.0
IND,2,8443,7,202407,18,1.15,27.91,0.1675662022525517,0,0,0,0.0,0.0
IND,2,8443,7,202408,19,0.41,6.3,0.1675662022525517,0,0,0,0.0,0.0
IND,2,8443,7,202409,20,0.32,4.57,0.1675662022525517,0,0,0,0.0,0.0
IND,2,8443,7,202410,21,0.35,5.06,0.1675662022525517,0,0,0,0.0,0.0
IND,2,8443,7,202411,22,0.8,14.86,0.1675662022525517,0,0,0,0.0,0.0
IND,2,8443,7,202412,23,0.46,7.16,0.1675662022525517,0,0,0,0.0,0.0
IND,2,8443,7,202501,24,0.8,30.33,0.1675662022525517,0,0,0,0.0,0.0
IND,2,8443,7,202502,25,2.02,37.19,0.1675662022525517,0,0,0,0.0,0.0
IND,2,8443,7,202503,26,0.26,4.24,0.1675662022525517,0,0,0,0.0,0.0
IND,2,8443,7,202504,27,0.53,9.0,0.1675662022525517,0,1,0,0.1675662022525517,0.0
IND,2,8443,7,202505,28,0.86,23.2,0.1675662022525517,0,1,0,0.1675662022525517,0.0
IND,2,8443,7,202506,29,0.69,11.74,0.1675662022525517,0,1,0,0.1675662022525517,0.0
IND,2,8443,7,202507,30,0.4,7.03,0.1675662022525517,0,1,0,0.1675662022525517,0.0
IND,2,8443,7,202508,31,0.49,9.41,0.1675662022525517,0,1,0,0.1675662022525517,0.0
IND,2,8443,7,202509,32,0.35,7.16,0.1675662022525517,0,1,0,0.1675662022525517,0.0
IND,2,8443,7,202510,33,0.49,9.4,0.1675662022525517,0,1,0,0.1675662022525517,0.0
IND,2,8443,7,202511,34,0.35,6.85,0.1675662022525517,0,1,0,0.1675662022525517,0.0
IND,2,8443,7,202512,35,0.5,8.95,0.1675662022525517,0,1,0,0.1675662022525517,0.0
IND,2,8471,8,202301,0,2.23,9.91,0.39643031296790476,0,0,0,0.0,0.0
IND,2,8471,8,202302,1,2.95,15.68,0.39643031296790476,0,0,0,0.0,0.0
IND,2,8471,8,202303,2,2.08,9.98,0.39643031296790476,0,0,0,0.0,0.0
IND,2,8471,8,202304,3,2.81,13.81,0.39643031296790476,0,0,0,0.0,0.0
IND,2,8471,8,202305,4,1.94,8.72,0.39643031296790476,0,0,0,0.0,0.0
IND,2,8471,8,202306,5,4.12,16.55,0.39643031296790476,0,0,0,0.0,0.0
IND,2,8471,8,202307,6,4.58,19.07,0.39643031296790476,0,0,0,0.0,0.0
IND,2,8471,8,202308,7,2.38,11.02,0.39643031296790476,0,0,0,0.0,0.0
IND,2,8471,8,202309,8,1.51,5.77,0.39643031296790476,0,0,0,0.0,0.0
IND,2,8471,8,202310,9,2.59,11.24,0.39643031296790476,0,0,0,0.0,0.0
IND,2,8471,8,202311,10,1.5,8.38,0.39643031296790476,0,0,0,0.0,0.0
IND,2,8471,8,202312,11,2.77,11.54,0.39643031296790476,0,0,0,0.0,0.0
IND,2,8471,8,202401,12,1.94,7.88,0.39643031296790476,0,0,0,0.0,0.0
IND,2,8471,8,202402,13,2.82,11.61,0.39643031296790476,0,0,0,0.0,0.0
IND,2,8471,8,202403,14,3.39,14.96,0.39643031296790476,0,0,0,0.0,0.0
IND,2,8471,8,202404,15,3.8,16.67,0.39643031296790476,0,0,0,0.0,0.0
IND,2,8471,8,202405,16,3.03,13.07,0.39643031296790476,0,0,0,0.0,0.0
IND,2,8471,8,202406,17,3.0,12.99,0.39643031296790476,0,0,0,0.0,0.0
IND,2,8471,8,202407,18,4.77,19.03,0.39643031296790476,0,0,0,0.0,0.0
IND,2,8471,8,202408,19,2.82,11.46,0.39643031296790476,0,0,0,0.0,0.0
IND,2,8471,8,202409,20,2.89,14.14,0.39643031296790476,0,0,0,0.0,0.0
IND,2,8471,8,202410,21,3.81,16.25,0.39643031296790476,0,0,0,0.0,0.0
IND,2,8471,8,202411,22,2.97,13.95,0.39643031296790476,0,0,0,0.0,0.0
IND,2,8471,8,202412,23,2.97,12.24,0.39643031296790476,0,0,0,0.0,0.0
IND,2,8471,8,202501,24,2.69,12.9,0.39643031296790476,0,0,0,0.0,0.0
IND,2,8471,8,202502,25,2.71,12.53,0.39643031296790476,0,0,0,0.0,0.0
IND,2,8471,8,202503,26,8.94,35.2,0.39643031296790476,0,0,0,0.0,0.0
IND,2,8471,8,202504,27,6.34,33.08,0.39643031296790476,0,1,0,0.39643031296790476,0.0
IND,2,8471,8,202505,28,11.27,40.91,0.39643031296790476,0,1,0,0.39643031296790476,0.0
IND,2,8471,8,202506,29,10.67,37.17,0.39643031296790476,0,1,0,0.39643031296790476,0.0
IND,2,8471,8,202507,30,30.97,105.16,0.39643031296790476,0,1,0,0.39643031296790476,0.0
IND,2,8471,8,202508,31,39.01,135.21,0.39643031296790476,0,1,0,0.39643031296790476,0.0
IND,2,8471,8,202509,32,33.09,113.17,0.39643031296790476,0,1,0,0.39643031296790476,0.0
IND,2,8471,8,202510,33,28.0,99.76,0.39643031296790476,0,1,0,0.39643031296790476,0.0
IND,2,8471,8,202511,34,16.61,57.33,0.39643031296790476,0,1,0,0.39643031296790476,0.0
IND,2,8471,8,202512,35,12.08,47.02,0.39643031296790476,0,1,0,0.39643031296790476,0.0
IND,2,8473,9,202301,0,7.26,87.87,0.20922547448162448,0,0,0,0.0,0.0
IND,2,8473,9,202302,1,8.08,79.9,0.20922547448162448,0,0,0,0.0,0.0
IND,2,8473,9,202303,2,10.64,110.55,0.20922547448162448,0,0,0,0.0,0.0
IND,2,8473,9,202304,3,7.29,94.2,0.20922547448162448,0,0,0,0.0,0.0
IND,2,8473,9,202305,4,21.58,158.76,0.20922547448162448,0,0,0,0.0,0.0
IND,2,8473,9,202306,5,27.76,150.9,0.20922547448162448,0,0,0,0.0,0.0
IND,2,8473,9,202307,6,27.44,285.13,0.20922547448162448,0,0,0,0.0,0.0
IND,2,8473,9,202308,7,17.53,159.49,0.20922547448162448,0,0,0,0.0,0.0
IND,2,8473,9,202309,8,7.72,74.64,0.20922547448162448,0,0,0,0.0,0.0
IND,2,8473,9,202310,9,7.59,72.53,0.20922547448162448,0,0,0,0.0,0.0
IND,2,8473,9,202311,10,7.96,103.14,0.20922547448162448,0,0,0,0.0,0.0
IND,2,8473,9,202312,11,8.31,88.06,0.20922547448162448,0,0,0,0.0,0.0
IND,2,8473,9,202401,12,8.12,83.39,0.20922547448162448,0,0,0,0.0,0.0
IND,2,8473,9,202402,13,8.58,104.75,0.20922547448162448,0,0,0,0.0,0.0
IND,2,8473,9,202403,14,6.62,69.98,0.20922547448162448,0,0,0,0.0,0.0
IND,2,8473,9,202404,15,7.94,120.38,0.20922547448162448,0,0,0,0.0,0.0
IND,2,8473,9,202405,16,8.57,104.03,0.20922547448162448,0,0,0,0.0,0.0
IND,2,8473,9,202406,17,7.13,76.08,0.20922547448162448,0,0,0,0.0,0.0
IND,2,8473,9,202407,18,6.09,98.02,0.20922547448162448,0,0,0,0.0,0.0
IND,2,8473,9,202408,19,5.54,88.28,0.20922547448162448,0,0,0,0.0,0.0
IND,2,8473,9,202409,20,6.46,112.37,0.20922547448162448,0,0,0,0.0,0.0
IND,2,8473,9,202410,21,5.42,78.55,0.20922547448162448,0,0,0,0.0,0.0
IND,2,8473,9,202411,22,8.92,107.69,0.20922547448162448,0,0,0,0.0,0.0
IND,2,8473,9,202412,23,8.04,75.26,0.20922547448162448,0,0,0,0.0,0.0
IND,2,8473,9,202501,24,15.09,99.42,0.20922547448162448,0,0,0,0.0,0.0
IND,2,8473,9,202502,25,9.72,85.32,0.20922547448162448,0,0,0,0.0,0.0
IND,2,8473,9,202503,26,8.67,75.1,0.20922547448162448,0,0,0,0.0,0.0
IND,2,8473,9,202504,27,6.97,77.09,0.20922547448162448,0,1,0,0.20922547448162448,0.0
IND,2,8473,9,202505,28,6.52,64.74,0.20922547448162448,0,1,0,0.20922547448162448,0.0
IND,2,8473,9,202506,29,5.98,67.25,0.20922547448162448,0,1,0,0.20922547448162448,0.0
IND,2,8473,9,202507,30,9.35,48.5,0.20922547448162448,0,1,0,0.20922547448162448,0.0
IND,2,8473,9,202508,31,3.72,30.6,0.20922547448162448,0,1,0,0.20922547448162448,0.0
IND,2,8473,9,202509,32,5.0,32.57,0.20922547448162448,0,1,0,0.20922547448162448,0.0
IND,2,8473,9,202510,33,7.84,62.06,0.20922547448162448,0,1,0,0.20922547448162448,0.0
IND,2,8473,9,202511,34,6.61,59.98,0.20922547448162448,0,1,0,0.20922547448162448,0.0
IND,2,8473,9,202512,35,6.88,62.5,0.20922547448162448,0,1,0,0.20922547448162448,0.0
IND,2,8504,10,202301,0,117.19,2523.28,0.20349559537261644,0,0,0,0.0,0.0
IND,2,8504,10,202302,1,92.6,2596.48,0.20349559537261644,0,0,0,0.0,0.0
IND,2,8504,10,202303,2,85.5,2451.38,0.20349559537261644,0,0,0,0.0,0.0
IND,2,8504,10,202304,3,60.23,1742.2,0.20349559537261644,0,0,0,0.0,0.0
IND,2,8504,10,202305,4,71.31,2092.22,0.20349559537261644,0,0,0,0.0,0.0
IND,2,8504,10,202306,5,77.54,2131.67,0.20349559537261644,0,0,0,0.0,0.0
IND,2,8504,10,202307,6,91.5,1996.27,0.20349559537261644,0,0,0,0.0,0.0
IND,2,8504,10,202308,7,99.75,2173.95,0.20349559537261644,0,0,0,0.0,0.0
IND,2,8504,10,202309,8,85.61,2140.98,0.20349559537261644,0,0,0,0.0,0.0
IND,2,8504,10,202310,9,83.97,1959.91,0.20349559537261644,0,0,0,0.0,0.0
IND,2,8504,10,202311,10,84.34,1924.48,0.20349559537261644,0,0,0,0.0,0.0
IND,2,8504,10,202312,11,78.76,1795.04,0.20349559537261644,0,0,0,0.0,0.0
IND,2,8504,10,202401,12,51.98,1252.04,0.20349559537261644,0,0,0,0.0,0.0
IND,2,8504,10,202402,13,52.36,1327.8,0.20349559537261644,0,0,0,0.0,0.0
IND,2,8504,10,202403,14,84.17,2108.52,0.20349559537261644,0,0,0,0.0,0.0
IND,2,8504,10,202404,15,103.41,2487.68,0.20349559537261644,0,0,0,0.0,0.0
IND,2,8504,10,202405,16,96.95,2524.78,0.20349559537261644,0,0,0,0.0,0.0
IND,2,8504,10,202406,17,74.86,1821.53,0.20349559537261644,0,0,0,0.0,0.0
IND,2,8504,10,202407,18,75.52,1858.61,0.20349559537261644,0,0,0,0.0,0.0
IND,2,8504,10,202408,19,97.73,2202.78,0.20349559537261644,0,0,0,0.0,0.0
IND,2,8504,10,202409,20,102.71,2550.91,0.20349559537261644,0,0,0,0.0,0.0
IND,2,8504,10,202410,21,114.22,3100.04,0.20349559537261644,0,0,0,0.0,0.0
IND,2,8504,10,202411,22,80.68,2134.93,0.20349559537261644,0,0,0,0.0,0.0
IND,2,8504,10,202412,23,94.51,2337.01,0.20349559537261644,0,0,0,0.0,0.0
IND,2,8504,10,202501,24,100.17,2209.48,0.20349559537261644,0,0,0,0.0,0.0
IND,2,8504,10,202502,25,115.54,2608.05,0.20349559537261644,0,0,0,0.0,0.0
IND,2,8504,10,202503,26,122.93,2746.4,0.20349559537261644,0,0,0,0.0,0.0
IND,2,8504,10,202504,27,118.18,2663.25,0.20349559537261644,0,1,0,0.20349559537261644,0.0
IND,2,8504,10,202505,28,126.73,2808.2,0.20349559537261644,0,1,0,0.20349559537261644,0.0
IND,2,8504,10,202506,29,117.24,2592.22,0.20349559537261644,0,1,0,0.20349559537261644,0.0
IND,2,8504,10,202507,30,110.32,2595.17,0.20349559537261644,0,1,0,0.20349559537261644,0.0
IND,2,8504,10,202508,31,132.07,4842.97,0.20349559537261644,0,1,0,0.20349559537261644,0.0
IND,2,8504,10,202509,32,94.09,3635.41,0.20349559537261644,0,1,0,0.20349559537261644,0.0
IND,2,8504,10,202510,33,92.72,3396.13,0.20349559537261644,0,1,0,0.20349559537261644,0.0
IND,2,8504,10,202511,34,71.97,1706.56,0.20349559537261644,0,1,0,0.20349559537261644,0.0
IND,2,8504,10,202512,35,86.8,2063.99,0.20349559537261644,0,1,0,0.20349559537261644,0.0
IND,2,8516,11,202301,0,2.19,110.45,0.6255708163552058,0,0,0,0.0,0.0
IND,2,8516,11,202302,1,1.69,87.17,0.6255708163552058,0,0,0,0.0,0.0
IND,2,8516,11,202303,2,1.41,71.86,0.6255708163552058,0,0,0,0.0,0.0
IND,2,8516,11,202304,3,1.64,67.72,0.6255708163552058,0,0,0,0.0,0.0
IND,2,8516,11,202305,4,2.05,88.45,0.6255708163552058,0,0,0,0.0,0.0
IND,2,8516,11,202306,5,2.42,134.51,0.6255708163552058,0,0,0,0.0,0.0
IND,2,8516,11,202307,6,1.74,78.4,0.6255708163552058,0,0,0,0.0,0.0
IND,2,8516,11,202308,7,2.46,99.42,0.6255708163552058,0,0,0,0.0,0.0
IND,2,8516,11,202309,8,2.72,136.79,0.6255708163552058,0,0,0,0.0,0.0
IND,2,8516,11,202310,9,2.26,104.16,0.6255708163552058,0,0,0,0.0,0.0
IND,2,8516,11,202311,10,1.63,65.7,0.6255708163552058,0,0,0,0.0,0.0
IND,2,8516,11,202312,11,2.27,107.09,0.6255708163552058,0,0,0,0.0,0.0
IND,2,8516,11,202401,12,1.45,66.71,0.6255708163552058,0,0,0,0.0,0.0
IND,2,8516,11,202402,13,1.62,63.23,0.6255708163552058,0,0,0,0.0,0.0
IND,2,8516,11,202403,14,2.24,89.94,0.6255708163552058,0,0,0,0.0,0.0
IND,2,8516,11,202404,15,1.66,63.68,0.6255708163552058,0,0,0,0.0,0.0
IND,2,8516,11,202405,16,1.86,71.74,0.6255708163552058,0,0,0,0.0,0.0
IND,2,8516,11,202406,17,1.89,72.44,0.6255708163552058,0,0,0,0.0,0.0
IND,2,8516,11,202407,18,1.9,75.23,0.6255708163552058,0,0,0,0.0,0.0
IND,2,8516,11,202408,19,1.73,64.78,0.6255708163552058,0,0,0,0.0,0.0
IND,2,8516,11,202409,20,2.23,108.74,0.6255708163552058,0,0,0,0.0,0.0
IND,2,8516,11,202410,21,2.81,136.82,0.6255708163552058,0,0,0,0.0,0.0
IND,2,8516,11,202411,22,1.51,65.48,0.6255708163552058,0,0,0,0.0,0.0
IND,2,8516,11,202412,23,2.12,83.06,0.6255708163552058,0,0,0,0.0,0.0
IND,2,8516,11,202501,24,1.78,84.54,0.6255708163552058,0,0,0,0.0,0.0
IND,2,8516,11,202502,25,1.93,82.01,0.6255708163552058,0,0,0,0.0,0.0
IND,2,8516,11,202503,26,2.5,94.0,0.6255708163552058,0,0,0,0.0,0.0
IND,2,8516,11,202504,27,2.58,87.0,0.6255708163552058,0,1,0,0.6255708163552058,0.0
IND,2,8516,11,202505,28,2.73,118.61,0.6255708163552058,0,1,0,0.6255708163552058,0.0
IND,2,8516,11,202506,29,2.23,99.38,0.6255708163552058,0,1,0,0.6255708163552058,0.0
IND,2,8516,11,202507,30,3.96,160.43,0.6255708163552058,0,1,0,0.6255708163552058,0.0
IND,2,8516,11,202508,31,2.47,117.72,0.6255708163552058,0,1,0,0.6255708163552058,0.0
IND,2,8516,11,202509,32,2.79,133.09,0.6255708163552058,0,1,0,0.6255708163552058,0.0
IND,2,8516,11,202510,33,3.07,156.81,0.6255708163552058,0,1,0,0.6255708163552058,0.0
IND,2,8516,11,202511,34,3.07,186.08,0.6255708163552058,0,1,0,0.6255708163552058,0.0
IND,2,8516,11,202512,35,2.83,156.92,0.6255708163552058,0,1,0,0.6255708163552058,0.0
IND,2,8517,12,202301,0,384.31,753.01,0.49320772139853813,0,0,0,0.0,0.0
IND,2,8517,12,202302,1,204.57,439.24,0.49320772139853813,0,0,0,0.0,0.0
IND,2,8517,12,202303,2,685.18,903.05,0.49320772139853813,0,0,0,0.0,0.0
IND,2,8517,12,202304,3,367.43,673.66,0.49320772139853813,0,0,0,0.0,0.0
IND,2,8517,12,202305,4,548.55,841.77,0.49320772139853813,0,0,0,0.0,0.0
IND,2,8517,12,202306,5,600.6,843.88,0.49320772139853813,0,0,0,0.0,0.0
IND,2,8517,12,202307,6,511.7,898.78,0.49320772139853813,0,0,0,0.0,0.0
IND,2,8517,12,202308,7,373.13,810.67,0.49320772139853813,0,0,0,0.0,0.0
IND,2,8517,12,202309,8,760.63,1068.14,0.49320772139853813,0,0,0,0.0,0.0
IND,2,8517,12,202310,9,591.52,1077.84,0.49320772139853813,0,0,0,0.0,0.0
IND,2,8517,12,202311,10,598.17,873.11,0.49320772139853813,0,0,0,0.0,0.0
IND,2,8517,12,202312,11,733.84,1002.93,0.49320772139853813,0,0,0,0.0,0.0
IND,2,8517,12,202401,12,780.97,1209.21,0.49320772139853813,0,0,0,0.0,0.0
IND,2,8517,12,202402,13,953.36,1563.16,0.49320772139853813,0,0,0,0.0,0.0
IND,2,8517,12,202403,14,833.6,1011.05,0.49320772139853813,0,0,0,0.0,0.0
IND,2,8517,12,202404,15,851.93,1112.85,0.49320772139853813,0,0,0,0.0,0.0
IND,2,8517,12,202405,16,829.6,958.39,0.49320772139853813,0,0,0,0.0,0.0
IND,2,8517,12,202406,17,785.18,921.88,0.49320772139853813,0,0,0,0.0,0.0
IND,2,8517,12,202407,18,661.61,983.19,0.49320772139853813,0,0,0,0.0,0.0
IND,2,8517,12,202408,19,512.79,949.82,0.49320772139853813,0,0,0,0.0,0.0
IND,2,8517,12,202409,20,384.33,596.5,0.49320772139853813,0,0,0,0.0,0.0
IND,2,8517,12,202410,21,689.63,1345.64,0.49320772139853813,0,0,0,0.0,0.0
IND,2,8517,12,202411,22,638.26,1064.06,0.49320772139853813,0,0,0,0.0,0.0
IND,2,8517,12,202412,23,1082.05,1409.18,0.49320772139853813,0,0,0,0.0,0.0
IND,2,8517,12,202501,24,1503.02,1906.96,0.49320772139853813,0,0,0,0.0,0.0
IND,2,8517,12,202502,25,1838.12,2236.49,0.49320772139853813,0,0,0,0.0,0.0
IND,2,8517,12,202503,26,2452.86,2950.43,0.49320772139853813,0,0,0,0.0,0.0
IND,2,8517,12,202504,27,1939.81,2517.39,0.49320772139853813,0,1,0,0.49320772139853813,0.0
IND,2,8517,12,202505,28,2408.96,3375.99,0.49320772139853813,0,1,0,0.49320772139853813,0.0
IND,2,8517,12,202506,29,2489.64,3783.44,0.49320772139853813,0,1,0,0.49320772139853813,0.0
IND,2,8517,12,202507,30,1905.37,2688.35,0.49320772139853813,0,1,0,0.49320772139853813,0.0
IND,2,8517,12,202508,31,1128.69,1512.02,0.49320772139853813,0,1,0,0.49320772139853813,0.0
IND,2,8517,12,202509,32,1002.49,1455.86,0.49320772139853813,0,1,0,0.49320772139853813,0.0
IND,2,8517,12,202510,33,2254.92,3152.34,0.49320772139853813,0,1,0,0.49320772139853813,0.0
IND,2,8517,12,202511,34,2705.02,3141.12,0.49320772139853813,0,1,0,0.49320772139853813,0.0
IND,2,8517,12,202512,35,3388.37,4219.51,0.49320772139853813,0,1,0,0.49320772139853813,0.0
IND,2,8528,13,202301,0,3.68,55.49,0.3347814968181058,0,0,0,0.0,0.0
IND,2,8528,13,202302,1,2.44,30.33,0.3347814968181058,0,0,0,0.0,0.0
IND,2,8528,13,202303,2,4.92,60.28,0.3347814968181058,0,0,0,0.0,0.0
IND,2,8528,13,202304,3,3.27,40.43,0.3347814968181058,0,0,0,0.0,0.0
IND,2,8528,13,202305,4,3.83,62.26,0.3347814968181058,0,0,0,0.0,0.0
IND,2,8528,13,202306,5,1.86,22.89,0.3347814968181058,0,0,0,0.0,0.0
IND,2,8528,13,202307,6,2.0,28.58,0.3347814968181058,0,0,0,0.0,0.0
IND,2,8528,13,202308,7,0.09,0.73,0.3347814968181058,0,0,0,0.0,0.0
IND,2,8528,13,202309,8,4.02,47.84,0.3347814968181058,0,0,0,0.0,0.0
IND,2,8528,13,202310,9,0.1,0.7,0.3347814968181058,0,0,0,0.0,0.0
IND,2,8528,13,202311,10,0.25,3.08,0.3347814968181058,0,0,0,0.0,0.0
IND,2,8528,13,202312,11,0.08,0.8,0.3347814968181058,0,0,0,0.0,0.0
IND,2,8528,13,202401,12,0.05,0.0,0.3347814968181058,0,0,0,0.0,0.0
IND,2,8528,13,202402,13,0.37,7.97,0.3347814968181058,0,0,0,0.0,0.0
IND,2,8528,13,202403,14,1.54,33.16,0.3347814968181058,0,0,0,0.0,0.0
IND,2,8528,13,202404,15,1.44,24.67,0.3347814968181058,0,0,0,0.0,0.0
IND,2,8528,13,202405,16,1.19,24.35,0.3347814968181058,0,0,0,0.0,0.0
IND,2,8528,13,202406,17,1.88,36.41,0.3347814968181058,0,0,0,0.0,0.0
IND,2,8528,13,202407,18,1.78,25.78,0.3347814968181058,0,0,0,0.0,0.0
IND,2,8528,13,202408,19,2.67,30.67,0.3347814968181058,0,0,0,0.0,0.0
IND,2,8528,13,202409,20,1.72,23.73,0.3347814968181058,0,0,0,0.0,0.0
IND,2,8528,13,202410,21,0.25,5.03,0.3347814968181058,0,0,0,0.0,0.0
IND,2,8528,13,202411,22,0.05,0.58,0.3347814968181058,0,0,0,0.0,0.0
IND,2,8528,13,202412,23,0.11,0.98,0.3347814968181058,0,0,0,0.0,0.0
IND,2,8528,13,202501,24,0.25,5.33,0.3347814968181058,0,0,0,0.0,0.0
IND,2,8528,13,202502,25,0.26,5.72,0.3347814968181058,0,0,0,0.0,0.0
IND,2,8528,13,202503,26,1.02,23.81,0.3347814968181058,0,0,0,0.0,0.0
IND,2,8528,13,202504,27,3.25,75.42,0.3347814968181058,0,1,0,0.3347814968181058,0.0
IND,2,8528,13,202505,28,2.17,50.16,0.3347814968181058,0,1,0,0.3347814968181058,0.0
IND,2,8528,13,202506,29,7.45,177.23,0.3347814968181058,0,1,0,0.3347814968181058,0.0
IND,2,8528,13,202507,30,9.97,236.23,0.3347814968181058,0,1,0,0.3347814968181058,0.0
IND,2,8528,13,202508,31,16.51,414.28,0.3347814968181058,0,1,0,0.3347814968181058,0.0
IND,2,8528,13,202509,32,13.93,350.39,0.3347814968181058,0,1,0,0.3347814968181058,0.0
IND,2,8528,13,202510,33,7.31,183.76,0.3347814968181058,0,1,0,0.3347814968181058,0.0
IND,2,8528,13,202511,34,10.31,257.38,0.3347814968181058,0,1,0,0.3347814968181058,0.0
IND,2,8528,13,202512,35,9.77,244.83,0.3347814968181058,0,1,0,0.3347814968181058,0.0
IND,2,8541,14,202301,0,146.21,24821.74,0.03397421317087017,0,0,0,0.0,0.0
IND,2,8541,14,202302,1,161.09,27442.23,0.03397421317087017,0,0,0,0.0,0.0
IND,2,8541,14,202303,2,219.28,37330.95,0.03397421317087017,0,0,0,0.0,0.0
IND,2,8541,14,202304,3,153.86,26222.52,0.03397421317087017,0,0,0,0.0,0.0
IND,2,8541,14,202305,4,161.83,27244.31,0.03397421317087017,0,0,0,0.0,0.0
IND,2,8541,14,202306,5,209.78,35338.75,0.03397421317087017,0,0,0,0.0,0.0
IND,2,8541,14,202307,6,155.04,27424.5,0.03397421317087017,0,0,0,0.0,0.0
IND,2,8541,14,202308,7,147.79,25600.91,0.03397421317087017,0,0,0,0.0,0.0
IND,2,8541,14,202309,8,196.08,34362.46,0.03397421317087017,0,0,0,0.0,0.0
IND,2,8541,14,202310,9,189.03,34019.14,0.03397421317087017,0,0,0,0.0,0.0
IND,2,8541,14,202311,10,106.44,18285.4,0.03397421317087017,0,0,0,0.0,0.0
IND,2,8541,14,202312,11,125.15,24177.53,0.03397421317087017,0,0,0,0.0,0.0
IND,2,8541,14,202401,12,107.52,17405.7,0.03397421317087017,0,0,0,0.0,0.0
IND,2,8541,14,202402,13,84.36,15294.25,0.03397421317087017,0,0,0,0.0,0.0
IND,2,8541,14,202403,14,126.32,24601.75,0.03397421317087017,0,0,0,0.0,0.0
IND,2,8541,14,202404,15,144.64,28204.4,0.03397421317087017,0,0,0,0.0,0.0
IND,2,8541,14,202405,16,359.7,67322.83,0.03397421317087017,0,0,0,0.0,0.0
IND,2,8541,14,202406,17,263.9,49856.56,0.03397421317087017,0,0,0,0.0,0.0
IND,2,8541,14,202407,18,144.87,48110.35,0.03397421317087017,0,0,0,0.0,0.0
IND,2,8541,14,202408,19,148.56,50603.45,0.03397421317087017,0,0,0,0.0,0.0
IND,2,8541,14,202409,20,117.32,39091.14,0.03397421317087017,0,0,0,0.0,0.0
IND,2,8541,14,202410,21,48.7,15915.64,0.03397421317087017,0,0,0,0.0,0.0
IND,2,8541,14,202411,22,83.44,26900.84,0.03397421317087017,0,0,0,0.0,0.0
IND,2,8541,14,202412,23,55.89,17787.84,0.03397421317087017,0,0,0,0.0,0.0
IND,2,8541,14,202501,24,73.92,24425.07,0.03397421317087017,0,0,0,0.0,0.0
IND,2,8541,14,202502,25,58.94,19080.28,0.03397421317087017,0,0,0,0.0,0.0
IND,2,8541,14,202503,26,83.74,28248.41,0.03397421317087017,0,0,0,0.0,0.0
IND,2,8541,14,202504,27,77.05,25632.57,0.03397421317087017,0,1,0,0.03397421317087017,0.0
IND,2,8541,14,202505,28,82.66,27799.73,0.03397421317087017,0,1,0,0.03397421317087017,0.0
IND,2,8541,14,202506,29,142.22,48150.98,0.03397421317087017,0,1,0,0.03397421317087017,0.0
IND,2,8541,14,202507,30,120.53,40022.75,0.03397421317087017,0,1,0,0.03397421317087017,0.0
IND,2,8541,14,202508,31,91.06,41087.91,0.03397421317087017,0,1,0,0.03397421317087017,0.0
IND,2,8541,14,202509,32,67.68,30518.45,0.03397421317087017,0,1,0,0.03397421317087017,0.0
IND,2,8541,14,202510,33,63.15,28572.67,0.03397421317087017,0,1,0,0.03397421317087017,0.0
IND,2,8541,14,202511,34,2.77,58.11,0.03397421317087017,0,1,0,0.03397421317087017,0.0
IND,2,8541,14,202512,35,2.53,125.87,0.03397421317087017,0,1,0,0.03397421317087017,0.0
IND,2,8544,15,202301,0,67.47,4418.48,0.13566753252605626,0,0,0,0.0,0.0
IND,2,8544,15,202302,1,64.84,4679.45,0.13566753252605626,0,0,0,0.0,0.0
IND,2,8544,15,202303,2,61.93,5436.19,0.13566753252605626,0,0,0,0.0,0.0
IND,2,8544,15,202304,3,51.6,3993.34,0.13566753252605626,0,0,0,0.0,0.0
IND,2,8544,15,202305,4,72.9,5679.69,0.13566753252605626,0,0,0,0.0,0.0
IND,2,8544,15,202306,5,62.35,5352.77,0.13566753252605626,0,0,0,0.0,0.0
IND,2,8544,15,202307,6,70.13,4654.28,0.13566753252605626,0,0,0,0.0,0.0
IND,2,8544,15,202308,7,65.03,4033.53,0.13566753252605626,0,0,0,0.0,0.0
IND,2,8544,15,202309,8,52.58,4042.61,0.13566753252605626,0,0,0,0.0,0.0
IND,2,8544,15,202310,9,51.6,4271.97,0.13566753252605626,0,0,0,0.0,0.0
IND,2,8544,15,202311,10,40.44,3372.89,0.13566753252605626,0,0,0,0.0,0.0
IND,2,8544,15,202312,11,42.41,2778.26,0.13566753252605626,0,0,0,0.0,0.0
IND,2,8544,15,202401,12,28.78,1741.49,0.13566753252605626,0,0,0,0.0,0.0
IND,2,8544,15,202402,13,26.61,1483.36,0.13566753252605626,0,0,0,0.0,0.0
IND,2,8544,15,202403,14,35.67,3257.98,0.13566753252605626,0,0,0,0.0,0.0
IND,2,8544,15,202404,15,35.63,2996.93,0.13566753252605626,0,0,0,0.0,0.0
IND,2,8544,15,202405,16,37.54,3287.24,0.13566753252605626,0,0,0,0.0,0.0
IND,2,8544,15,202406,17,42.57,3883.91,0.13566753252605626,0,0,0,0.0,0.0
IND,2,8544,15,202407,18,45.02,4231.07,0.13566753252605626,0,0,0,0.0,0.0
IND,2,8544,15,202408,19,40.7,3944.75,0.13566753252605626,0,0,0,0.0,0.0
IND,2,8544,15,202409,20,51.6,4213.65,0.13566753252605626,0,0,0,0.0,0.0
IND,2,8544,15,202410,21,58.53,6268.3,0.13566753252605626,0,0,0,0.0,0.0
IND,2,8544,15,202411,22,62.67,6499.41,0.13566753252605626,0,0,0,0.0,0.0
IND,2,8544,15,202412,23,51.96,5284.08,0.13566753252605626,0,0,0,0.0,0.0
IND,2,8544,15,202501,24,55.61,5679.62,0.13566753252605626,0,0,0,0.0,0.0
IND,2,8544,15,202502,25,60.58,5971.33,0.13566753252605626,0,0,0,0.0,0.0
IND,2,8544,15,202503,26,67.91,7164.03,0.13566753252605626,0,0,0,0.0,0.0
IND,2,8544,15,202504,27,76.07,9237.7,0.13566753252605626,0,1,0,0.13566753252605626,0.0
IND,2,8544,15,202505,28,78.31,8584.34,0.13566753252605626,0,1,0,0.13566753252605626,0.0
IND,2,8544,15,202506,29,80.33,8217.19,0.13566753252605626,0,1,0,0.13566753252605626,0.0
IND,2,8544,15,202507,30,90.97,8363.91,0.13566753252605626,0,1,0,0.13566753252605626,0.0
IND,2,8544,15,202508,31,92.04,9657.56,0.13566753252605626,0,1,0,0.13566753252605626,0.0
IND,2,8544,15,202509,32,72.4,8001.84,0.13566753252605626,0,1,0,0.13566753252605626,0.0
IND,2,8544,15,202510,33,55.35,5222.74,0.13566753252605626,0,1,0,0.13566753252605626,0.0
IND,2,8544,15,202511,34,49.18,4083.68,0.13566753252605626,0,1,0,0.13566753252605626,0.0
IND,2,8544,15,202512,35,68.45,6429.65,0.13566753252605626,0,1,0,0.13566753252605626,0.0
IND,2,9401,16,202301,0,18.15,2016.38,0.33783279157026774,0,0,0,0.0,0.0
IND,2,9401,16,202302,1,15.82,1721.2,0.33783279157026774,0,0,0,0.0,0.0
IND,2,9401,16,202303,2,15.85,1706.02,0.33783279157026774,0,0,0,0.0,0.0
IND,2,9401,16,202304,3,14.43,1559.72,0.33783279157026774,0,0,0,0.0,0.0
IND,2,9401,16,202305,4,15.84,1659.98,0.33783279157026774,0,0,0,0.0,0.0
IND,2,9401,16,202306,5,16.38,1712.37,0.33783279157026774,0,0,0,0.0,0.0
IND,2,9401,16,202307,6,14.64,1556.5,0.33783279157026774,0,0,0,0.0,0.0
IND,2,9401,16,202308,7,16.16,1596.08,0.33783279157026774,0,0,0,0.0,0.0
IND,2,9401,16,202309,8,16.81,1718.82,0.33783279157026774,0,0,0,0.0,0.0
IND,2,9401,16,202310,9,16.49,1686.17,0.33783279157026774,0,0,0,0.0,0.0
IND,2,9401,16,202311,10,16.52,1768.29,0.33783279157026774,0,0,0,0.0,0.0
IND,2,9401,16,202312,11,13.84,1460.48,0.33783279157026774,0,0,0,0.0,0.0
IND,2,9401,16,202401,12,11.71,1229.95,0.33783279157026774,0,0,0,0.0,0.0
IND,2,9401,16,202402,13,13.32,1352.53,0.33783279157026774,0,0,0,0.0,0.0
IND,2,9401,16,202403,14,15.75,1634.37,0.33783279157026774,0,0,0,0.0,0.0
IND,2,9401,16,202404,15,16.7,1695.42,0.33783279157026774,0,0,0,0.0,0.0
IND,2,9401,16,202405,16,16.82,1701.16,0.33783279157026774,0,0,0,0.0,0.0
IND,2,9401,16,202406,17,13.48,1394.63,0.33783279157026774,0,0,0,0.0,0.0
IND,2,9401,16,202407,18,14.28,1503.1,0.33783279157026774,0,0,0,0.0,0.0
IND,2,9401,16,202408,19,12.64,1317.07,0.33783279157026774,0,0,0,0.0,0.0
IND,2,9401,16,202409,20,13.49,1461.07,0.33783279157026774,0,0,0,0.0,0.0
IND,2,9401,16,202410,21,14.24,1475.6,0.33783279157026774,0,0,0,0.0,0.0
IND,2,9401,16,202411,22,11.85,1271.77,0.33783279157026774,0,0,0,0.0,0.0
IND,2,9401,16,202412,23,13.71,1499.32,0.33783279157026774,0,0,0,0.0,0.0
IND,2,9401,16,202501,24,12.96,1372.39,0.33783279157026774,0,0,0,0.0,0.0
IND,2,9401,16,202502,25,11.16,1163.84,0.33783279157026774,0,0,0,0.0,0.0
IND,2,9401,16,202503,26,13.92,1494.1,0.33783279157026774,0,0,0,0.0,0.0
IND,2,9401,16,202504,27,14.4,1490.16,0.33783279157026774,0,1,0,0.33783279157026774,0.0
IND,2,9401,16,202505,28,12.97,1369.48,0.33783279157026774,0,1,0,0.33783279157026774,0.0
IND,2,9401,16,202506,29,10.23,1061.93,0.33783279157026774,0,1,0,0.33783279157026774,0.0
IND,2,9401,16,202507,30,12.97,1361.96,0.33783279157026774,0,1,0,0.33783279157026774,0.0
IND,2,9401,16,202508,31,13.24,1362.35,0.33783279157026774,0,1,0,0.33783279157026774,0.0
IND,2,9401,16,202509,32,12.8,1287.82,0.33783279157026774,0,1,0,0.33783279157026774,0.0
IND,2,9401,16,202510,33,13.09,1257.18,0.33783279157026774,0,1,0,0.33783279157026774,0.0
IND,2,9401,16,202511,34,11.52,1200.56,0.33783279157026774,0,1,0,0.33783279157026774,0.0
IND,2,9401,16,202512,35,9.0,962.81,0.33783279157026774,0,1,0,0.33783279157026774,0.0
IND,2,9403,17,202301,0,62.33,14065.2,0.32987861426539994,0,0,0,0.0,0.0
IND,2,9403,17,202302,1,50.26,11306.68,0.32987861426539994,0,0,0,0.0,0.0
IND,2,9403,17,202303,2,54.57,12414.45,0.32987861426539994,0,0,0,0.0,0.0
IND,2,9403,17,202304,3,55.3,12633.69,0.32987861426539994,0,0,0,0.0,0.0
IND,2,9403,17,202305,4,55.65,12579.28,0.32987861426539994,0,0,0,0.0,0.0
IND,2,9403,17,202306,5,53.01,12168.82,0.32987861426539994,0,0,0,0.0,0.0
IND,2,9403,17,202307,6,61.11,14094.47,0.32987861426539994,0,0,0,0.0,0.0
IND,2,9403,17,202308,7,63.3,14157.59,0.32987861426539994,0,0,0,0.0,0.0
IND,2,9403,17,202309,8,62.8,13957.8,0.32987861426539994,0,0,0,0.0,0.0
IND,2,9403,17,202310,9,56.46,12580.33,0.32987861426539994,0,0,0,0.0,0.0
IND,2,9403,17,202311,10,53.79,12028.46,0.32987861426539994,0,0,0,0.0,0.0
IND,2,9403,17,202312,11,56.21,12470.58,0.32987861426539994,0,0,0,0.0,0.0
IND,2,9403,17,202401,12,46.34,10405.57,0.32987861426539994,0,0,0,0.0,0.0
IND,2,9403,17,202402,13,47.8,10640.37,0.32987861426539994,0,0,0,0.0,0.0
IND,2,9403,17,202403,14,62.77,13972.48,0.32987861426539994,0,0,0,0.0,0.0
IND,2,9403,17,202404,15,63.26,14016.96,0.32987861426539994,0,0,0,0.0,0.0
IND,2,9403,17,202405,16,58.95,13229.59,0.32987861426539994,0,0,0,0.0,0.0
IND,2,9403,17,202406,17,54.25,12032.48,0.32987861426539994,0,0,0,0.0,0.0
IND,2,9403,17,202407,18,52.52,12690.97,0.32987861426539994,0,0,0,0.0,0.0
IND,2,9403,17,202408,19,47.07,11414.35,0.32987861426539994,0,0,0,0.0,0.0
IND,2,9403,17,202409,20,60.03,14573.21,0.32987861426539994,0,0,0,0.0,0.0
IND,2,9403,17,202410,21,61.45,14839.44,0.32987861426539994,0,0,0,0.0,0.0
IND,2,9403,17,202411,22,63.57,15181.64,0.32987861426539994,0,0,0,0.0,0.0
IND,2,9403,17,202412,23,65.81,15833.23,0.32987861426539994,0,0,0,0.0,0.0
IND,2,9403,17,202501,24,55.14,13132.57,0.32987861426539994,0,0,0,0.0,0.0
IND,2,9403,17,202502,25,49.96,11919.73,0.32987861426539994,0,0,0,0.0,0.0
IND,2,9403,17,202503,26,65.05,15399.82,0.32987861426539994,0,0,0,0.0,0.0
IND,2,9403,17,202504,27,61.68,14763.84,0.32987861426539994,0,1,0,0.32987861426539994,0.0
IND,2,9403,17,202505,28,58.26,13813.31,0.32987861426539994,0,1,0,0.32987861426539994,0.0
IND,2,9403,17,202506,29,47.54,11374.26,0.32987861426539994,0,1,0,0.32987861426539994,0.0
IND,2,9403,17,202507,30,57.47,13621.97,0.32987861426539994,0,1,0,0.32987861426539994,0.0
IND,2,9403,17,202508,31,59.22,13990.4,0.32987861426539994,0,1,0,0.32987861426539994,0.0
IND,2,9403,17,202509,32,52.52,12328.91,0.32987861426539994,0,1,0,0.32987861426539994,0.0
IND,2,9403,17,202510,33,41.61,9805.05,0.32987861426539994,0,1,0,0.32987861426539994,0.0
IND,2,9403,17,202511,34,49.43,11928.82,0.32987861426539994,0,1,0,0.32987861426539994,0.0
IND,2,9403,17,202512,35,40.57,9591.64,0.32987861426539994,0,1,0,0.32987861426539994,0.0
IND,2,9405,18,202301,0,16.99,1196.23,0.5216145392002935,0,0,0,0.0,0.0
IND,2,9405,18,202302,1,17.29,1203.99,0.5216145392002935,0,0,0,0.0,0.0
IND,2,9405,18,202303,2,16.36,1086.03,0.5216145392002935,0,0,0,0.0,0.0
IND,2,9405,18,202304,3,15.77,1123.02,0.5216145392002935,0,0,0,0.0,0.0
IND,2,9405,18,202305,4,15.75,1110.39,0.5216145392002935,0,0,0,0.0,0.0
IND,2,9405,18,202306,5,14.7,1074.39,0.5216145392002935,0,0,0,0.0,0.0
IND,2,9405,18,202307,6,16.33,1203.59,0.5216145392002935,0,0,0,0.0,0.0
IND,2,9405,18,202308,7,16.34,1241.33,0.5216145392002935,0,0,0,0.0,0.0
IND,2,9405,18,202309,8,17.41,1340.63,0.5216145392002935,0,0,0,0.0,0.0
IND,2,9405,18,202310,9,15.97,1095.15,0.5216145392002935,0,0,0,0.0,0.0
IND,2,9405,18,202311,10,13.34,1089.07,0.5216145392002935,0,0,0,0.0,0.0
IND,2,9405,18,202312,11,15.46,1088.43,0.5216145392002935,0,0,0,0.0,0.0
IND,2,9405,18,202401,12,13.52,965.6,0.5216145392002935,0,0,0,0.0,0.0
IND,2,9405,18,202402,13,13.42,983.88,0.5216145392002935,0,0,0,0.0,0.0
IND,2,9405,18,202403,14,15.84,1165.92,0.5216145392002935,0,0,0,0.0,0.0
IND,2,9405,18,202404,15,13.55,975.23,0.5216145392002935,0,0,0,0.0,0.0
IND,2,9405,18,202405,16,11.53,886.74,0.5216145392002935,0,0,0,0.0,0.0
IND,2,9405,18,202406,17,12.33,1801.36,0.5216145392002935,0,0,0,0.0,0.0
IND,2,9405,18,202407,18,14.38,1107.3,0.5216145392002935,0,0,0,0.0,0.0
IND,2,9405,18,202408,19,15.19,1162.78,0.5216145392002935,0,0,0,0.0,0.0
IND,2,9405,18,202409,20,18.13,1501.99,0.5216145392002935,0,0,0,0.0,0.0
IND,2,9405,18,202410,21,17.05,1427.9,0.5216145392002935,0,0,0,0.0,0.0
IND,2,9405,18,202411,22,18.21,1438.44,0.5216145392002935,0,0,0,0.0,0.0
IND,2,9405,18,202412,23,16.88,1282.48,0.5216145392002935,0,0,0,0.0,0.0
IND,2,9405,18,202501,24,16.49,1245.66,0.5216145392002935,0,0,0,0.0,0.0
IND,2,9405,18,202502,25,14.56,1076.49,0.5216145392002935,0,0,0,0.0,0.0
IND,2,9405,18,202503,26,18.19,1419.26,0.5216145392002935,0,0,0,0.0,0.0
IND,2,9405,18,202504,27,16.44,1235.32,0.5216145392002935,0,1,0,0.5216145392002935,0.0
IND,2,9405,18,202505,28,15.22,1271.4,0.5216145392002935,0,1,0,0.5216145392002935,0.0
IND,2,9405,18,202506,29,15.5,1208.7,0.5216145392002935,0,1,0,0.5216145392002935,0.0
IND,2,9405,18,202507,30,18.65,1509.72,0.5216145392002935,0,1,0,0.5216145392002935,0.0
IND,2,9405,18,202508,31,16.05,1385.07,0.5216145392002935,0,1,0,0.5216145392002935,0.0
IND,2,9405,18,202509,32,16.46,1366.61,0.5216145392002935,0,1,0,0.5216145392002935,0.0
IND,2,9405,18,202510,33,14.39,1217.37,0.5216145392002935,0,1,0,0.5216145392002935,0.0
IND,2,9405,18,202511,34,15.15,1262.1,0.5216145392002935,0,1,0,0.5216145392002935,0.0
IND,2,9405,18,202512,35,13.99,1521.6,0.5216145392002935,0,1,0,0.5216145392002935,0.0
IND,2,9503,19,202301,0,9.47,624.42,0.8174924032568407,0,0,0,0.0,0.0
IND,2,9503,19,202302,1,8.65,570.34,0.8174924032568407,0,0,0,0.0,0.0
IND,2,9503,19,202303,2,5.19,342.49,0.8174924032568407,0,0,0,0.0,0.0
IND,2,9503,19,202304,3,5.39,355.85,0.8174924032568407,0,0,0,0.0,0.0
IND,2,9503,19,202305,4,7.94,523.68,0.8174924032568407,0,0,0,0.0,0.0
IND,2,9503,19,202306,5,5.36,353.37,0.8174924032568407,0,0,0,0.0,0.0
IND,2,9503,19,202307,6,5.75,361.58,0.8174924032568407,0,0,0,0.0,0.0
IND,2,9503,19,202308,7,11.04,695.06,0.8174924032568407,0,0,0,0.0,0.0
IND,2,9503,19,202309,8,12.33,776.31,0.8174924032568407,0,0,0,0.0,0.0
IND,2,9503,19,202310,9,17.68,1113.05,0.8174924032568407,0,0,0,0.0,0.0
IND,2,9503,19,202311,10,10.92,687.07,0.8174924032568407,0,0,0,0.0,0.0
IND,2,9503,19,202312,11,4.97,314.95,0.8174924032568407,0,0,0,0.0,0.0
IND,2,9503,19,202401,12,5.18,327.94,0.8174924032568407,0,0,0,0.0,0.0
IND,2,9503,19,202402,13,7.37,466.62,0.8174924032568407,0,0,0,0.0,0.0
IND,2,9503,19,202403,14,9.44,597.49,0.8174924032568407,0,0,0,0.0,0.0
IND,2,9503,19,202404,15,7.77,491.96,0.8174924032568407,0,0,0,0.0,0.0
IND,2,9503,19,202405,16,8.2,519.24,0.8174924032568407,0,0,0,0.0,0.0
IND,2,9503,19,202406,17,4.74,299.78,0.8174924032568407,0,0,0,0.0,0.0
IND,2,9503,19,202407,18,7.75,507.88,0.8174924032568407,0,0,0,0.0,0.0
IND,2,9503,19,202408,19,9.74,638.11,0.8174924032568407,0,0,0,0.0,0.0
IND,2,9503,19,202409,20,14.61,957.34,0.8174924032568407,0,0,0,0.0,0.0
IND,2,9503,19,202410,21,18.3,1198.83,0.8174924032568407,0,0,0,0.0,0.0
IND,2,9503,19,202411,22,17.88,1170.95,0.8174924032568407,0,0,0,0.0,0.0
IND,2,9503,19,202412,23,11.65,762.96,0.8174924032568407,0,0,0,0.0,0.0
IND,2,9503,19,202501,24,8.39,549.57,0.8174924032568407,0,0,0,0.0,0.0
IND,2,9503,19,202502,25,8.74,572.77,0.8174924032568407,0,0,0,0.0,0.0
IND,2,9503,19,202503,26,9.1,596.33,0.8174924032568407,0,0,0,0.0,0.0
IND,2,9503,19,202504,27,6.64,435.1,0.8174924032568407,0,1,0,0.8174924032568407,0.0
IND,2,9503,19,202505,28,7.65,501.38,0.8174924032568407,0,1,0,0.8174924032568407,0.0
IND,2,9503,19,202506,29,5.01,328.27,0.8174924032568407,0,1,0,0.8174924032568407,0.0
IND,2,9503,19,202507,30,7.08,463.91,0.8174924032568407,0,1,0,0.8174924032568407,0.0
IND,2,9503,19,202508,31,11.42,751.69,0.8174924032568407,0,1,0,0.8174924032568407,0.0
IND,2,9503,19,202509,32,15.68,1031.67,0.8174924032568407,0,1,0,0.8174924032568407,0.0
IND,2,9503,19,202510,33,15.93,1048.64,0.8174924032568407,0,1,0,0.8174924032568407,0.0
IND,2,9503,19,202511,34,16.88,1110.75,0.8174924032568407,0,1,0,0.8174924032568407,0.0
IND,2,9503,19,202512,35,10.55,694.52,0.8174924032568407,0,1,0,0.8174924032568407,0.0
JPN,3,3926,0,202301,0,31.06,3873.98,0.592931327318276,0,0,0,0.0,0.0
JPN,3,3926,0,202302,1,31.57,3734.37,0.592931327318276,0,0,0,0.0,0.0
JPN,3,3926,0,202303,2,34.06,3931.59,0.592931327318276,0,0,0,0.0,0.0
JPN,3,3926,0,202304,3,32.73,4441.54,0.592931327318276,0,0,0,0.0,0.0
JPN,3,3926,0,202305,4,30.67,4466.94,0.592931327318276,0,0,0,0.0,0.0
JPN,3,3926,0,202306,5,30.63,3506.47,0.592931327318276,0,0,0,0.0,0.0
JPN,3,3926,0,202307,6,30.84,4561.6,0.592931327318276,0,0,0,0.0,0.0
JPN,3,3926,0,202308,7,33.02,4200.3,0.592931327318276,0,0,0,0.0,0.0
JPN,3,3926,0,202309,8,35.33,4686.51,0.592931327318276,0,0,0,0.0,0.0
JPN,3,3926,0,202310,9,37.2,4704.43,0.592931327318276,0,0,0,0.0,0.0
JPN,3,3926,0,202311,10,36.83,6100.84,0.592931327318276,0,0,0,0.0,0.0
JPN,3,3926,0,202312,11,38.04,5502.65,0.592931327318276,0,0,0,0.0,0.0
JPN,3,3926,0,202401,12,40.48,5328.32,0.592931327318276,0,0,0,0.0,0.0
JPN,3,3926,0,202402,13,40.88,4553.27,0.592931327318276,0,0,0,0.0,0.0
JPN,3,3926,0,202403,14,47.22,6817.65,0.592931327318276,0,0,0,0.0,0.0
JPN,3,3926,0,202404,15,41.65,4178.38,0.592931327318276,0,0,0,0.0,0.0
JPN,3,3926,0,202405,16,41.33,3637.43,0.592931327318276,0,0,0,0.0,0.0
JPN,3,3926,0,202406,17,38.9,3369.85,0.592931327318276,0,0,0,0.0,0.0
JPN,3,3926,0,202407,18,37.11,4600.64,0.592931327318276,0,0,0,0.0,0.0
JPN,3,3926,0,202408,19,35.09,2305.95,0.592931327318276,0,0,0,0.0,0.0
JPN,3,3926,0,202409,20,37.53,3138.45,0.592931327318276,0,0,0,0.0,0.0
JPN,3,3926,0,202410,21,45.37,3548.9,0.592931327318276,0,0,0,0.0,0.0
JPN,3,3926,0,202411,22,41.03,3254.62,0.592931327318276,0,0,0,0.0,0.0
JPN,3,3926,0,202412,23,38.89,2967.02,0.592931327318276,0,0,0,0.0,0.0
JPN,3,3926,0,202501,24,37.86,2969.1,0.592931327318276,0,0,0,0.0,0.0
JPN,3,3926,0,202502,25,28.08,2439.0,0.592931327318276,0,0,0,0.0,0.0
JPN,3,3926,0,202503,26,37.93,3942.35,0.592931327318276,0,0,0,0.0,0.0
JPN,3,3926,0,202504,27,36.44,2758.73,0.592931327318276,0,1,0,0.592931327318276,0.0
JPN,3,3926,0,202505,28,36.53,3926.31,0.592931327318276,0,1,0,0.592931327318276,0.0
JPN,3,3926,0,202506,29,32.21,2442.72,0.592931327318276,0,1,0,0.592931327318276,0.0
JPN,3,3926,0,202507,30,39.0,2485.85,0.592931327318276,0,1,0,0.592931327318276,0.0
JPN,3,3926,0,202508,31,35.14,4841.95,0.592931327318276,0,1,0,0.592931327318276,0.0
JPN,3,3926,0,202509,32,32.52,3644.51,0.592931327318276,0,1,0,0.592931327318276,0.0
JPN,3,3926,0,202510,33,41.92,4784.64,0.592931327318276,0,1,0,0.592931327318276,0.0
JPN,3,3926,0,202511,34,36.91,3416.93,0.592931327318276,0,1,0,0.592931327318276,0.0
JPN,3,3926,0,202512,35,37.02,2182.92,0.592931327318276,0,1,0,0.592931327318276,0.0
JPN,3,4202,1,202301,0,1.0,23.6,0.5082599842937704,0,0,0,0.0,0.0
JPN,3,4202,1,202302,1,1.07,22.17,0.5082599842937704,0,0,0,0.0,0.0
JPN,3,4202,1,202303,2,1.37,20.37,0.5082599842937704,0,0,0,0.0,0.0
JPN,3,4202,1,202304,3,0.85,24.95,0.5082599842937704,0,0,0,0.0,0.0
JPN,3,4202,1,202305,4,0.86,21.97,0.5082599842937704,0,0,0,0.0,0.0
JPN,3,4202,1,202306,5,1.29,97.41,0.5082599842937704,0,0,0,0.0,0.0
JPN,3,4202,1,202307,6,1.19,28.17,0.5082599842937704,0,0,0,0.0,0.0
JPN,3,4202,1,202308,7,1.03,18.5,0.5082599842937704,0,0,0,0.0,0.0
JPN,3,4202,1,202309,8,1.01,18.58,0.5082599842937704,0,0,0,0.0,0.0
JPN,3,4202,1,202310,9,1.04,21.53,0.5082599842937704,0,0,0,0.0,0.0
JPN,3,4202,1,202311,10,1.21,31.04,0.5082599842937704,0,0,0,0.0,0.0
JPN,3,4202,1,202312,11,1.18,23.5,0.5082599842937704,0,0,0,0.0,0.0
JPN,3,4202,1,202401,12,1.0,25.37,0.5082599842937704,0,0,0,0.0,0.0
JPN,3,4202,1,202402,13,0.9,22.35,0.5082599842937704,0,0,0,0.0,0.0
JPN,3,4202,1,202403,14,1.03,14.59,0.5082599842937704,0,0,0,0.0,0.0
JPN,3,4202,1,202404,15,1.26,32.64,0.5082599842937704,0,0,0,0.0,0.0
JPN,3,4202,1,202405,16,1.25,42.44,0.5082599842937704,0,0,0,0.0,0.0
JPN,3,4202,1,202406,17,1.67,43.8,0.5082599842937704,0,0,0,0.0,0.0
JPN,3,4202,1,202407,18,1.33,36.7,0.5082599842937704,0,0,0,0.0,0.0
JPN,3,4202,1,202408,19,1.56,45.92,0.5082599842937704,0,0,0,0.0,0.0
JPN,3,4202,1,202409,20,1.05,33.84,0.5082599842937704,0,0,0,0.0,0.0
JPN,3,4202,1,202410,21,1.12,34.16,0.5082599842937704,0,0,0,0.0,0.0
JPN,3,4202,1,202411,22,1.34,37.0,0.5082599842937704,0,0,0,0.0,0.0
JPN,3,4202,1,202412,23,1.09,27.73,0.5082599842937704,0,0,0,0.0,0.0
JPN,3,4202,1,202501,24,1.01,25.89,0.5082599842937704,0,0,0,0.0,0.0
JPN,3,4202,1,202502,25,1.13,31.89,0.5082599842937704,0,0,0,0.0,0.0
JPN,3,4202,1,202503,26,1.31,39.05,0.5082599842937704,0,0,0,0.0,0.0
JPN,3,4202,1,202504,27,1.64,33.25,0.5082599842937704,0,1,0,0.5082599842937704,0.0
JPN,3,4202,1,202505,28,1.05,38.89,0.5082599842937704,0,1,0,0.5082599842937704,0.0
JPN,3,4202,1,202506,29,1.11,34.89,0.5082599842937704,0,1,0,0.5082599842937704,0.0
JPN,3,4202,1,202507,30,1.39,38.83,0.5082599842937704,0,1,0,0.5082599842937704,0.0
JPN,3,4202,1,202508,31,1.6,37.2,0.5082599842937704,0,1,0,0.5082599842937704,0.0
JPN,3,4202,1,202509,32,1.55,25.23,0.5082599842937704,0,1,0,0.5082599842937704,0.0
JPN,3,4202,1,202510,33,1.66,27.89,0.5082599842937704,0,1,0,0.5082599842937704,0.0
JPN,3,4202,1,202511,34,1.61,45.17,0.5082599842937704,0,1,0,0.5082599842937704,0.0
JPN,3,4202,1,202512,35,1.75,43.5,0.5082599842937704,0,1,0,0.5082599842937704,0.0
JPN,3,6110,2,202301,0,0.67,3.61,0.43468577984429585,0,0,0,0.0,0.0
JPN,3,6110,2,202302,1,1.16,4.99,0.43468577984429585,0,0,0,0.0,0.0
JPN,3,6110,2,202303,2,0.99,3.93,0.43468577984429585,0,0,0,0.0,0.0
JPN,3,6110,2,202304,3,0.67,3.02,0.43468577984429585,0,0,0,0.0,0.0
JPN,3,6110,2,202305,4,0.43,1.49,0.43468577984429585,0,0,0,0.0,0.0
JPN,3,6110,2,202306,5,0.74,3.08,0.43468577984429585,0,0,0,0.0,0.0
JPN,3,6110,2,202307,6,0.69,2.66,0.43468577984429585,0,0,0,0.0,0.0
JPN,3,6110,2,202308,7,0.91,3.49,0.43468577984429585,0,0,0,0.0,0.0
JPN,3,6110,2,202309,8,0.82,3.16,0.43468577984429585,0,0,0,0.0,0.0
JPN,3,6110,2,202310,9,1.01,4.01,0.43468577984429585,0,0,0,0.0,0.0
JPN,3,6110,2,202311,10,0.89,4.19,0.43468577984429585,0,0,0,0.0,0.0
JPN,3,6110,2,202312,11,0.8,3.89,0.43468577984429585,0,0,0,0.0,0.0
JPN,3,6110,2,202401,12,0.81,2.91,0.43468577984429585,0,0,0,0.0,0.0
JPN,3,6110,2,202402,13,0.79,3.17,0.43468577984429585,0,0,0,0.0,0.0
JPN,3,6110,2,202403,14,0.8,2.9,0.43468577984429585,0,0,0,0.0,0.0
JPN,3,6110,2,202404,15,0.69,22.32,0.43468577984429585,0,0,0,0.0,0.0
JPN,3,6110,2,202405,16,0.41,12.7,0.43468577984429585,0,0,0,0.0,0.0
JPN,3,6110,2,202406,17,0.54,16.98,0.43468577984429585,0,0,0,0.0,0.0
JPN,3,6110,2,202407,18,0.65,16.45,0.43468577984429585,0,0,0,0.0,0.0
JPN,3,6110,2,202408,19,1.3,25.7,0.43468577984429585,0,0,0,0.0,0.0
JPN,3,6110,2,202409,20,1.2,30.45,0.43468577984429585,0,0,0,0.0,0.0
JPN,3,6110,2,202410,21,1.09,31.16,0.43468577984429585,0,0,0,0.0,0.0
JPN,3,6110,2,202411,22,1.48,42.76,0.43468577984429585,0,0,0,0.0,0.0
JPN,3,6110,2,202412,23,1.1,32.78,0.43468577984429585,0,0,0,0.0,0.0
JPN,3,6110,2,202501,24,0.8,23.52,0.43468577984429585,0,0,0,0.0,0.0
JPN,3,6110,2,202502,25,0.75,21.52,0.43468577984429585,0,0,0,0.0,0.0
JPN,3,6110,2,202503,26,1.02,31.49,0.43468577984429585,0,0,0,0.0,0.0
JPN,3,6110,2,202504,27,0.49,15.98,0.43468577984429585,0,1,0,0.43468577984429585,0.0
JPN,3,6110,2,202505,28,0.45,15.16,0.43468577984429585,0,1,0,0.43468577984429585,0.0
JPN,3,6110,2,202506,29,0.45,12.3,0.43468577984429585,0,1,0,0.43468577984429585,0.0
JPN,3,6110,2,202507,30,0.92,24.1,0.43468577984429585,0,1,0,0.43468577984429585,0.0
JPN,3,6110,2,202508,31,0.92,12.94,0.43468577984429585,0,1,0,0.43468577984429585,0.0
JPN,3,6110,2,202509,32,1.04,4.97,0.43468577984429585,0,1,0,0.43468577984429585,0.0
JPN,3,6110,2,202510,33,1.34,7.83,0.43468577984429585,0,1,0,0.43468577984429585,0.0
JPN,3,6110,2,202511,34,1.28,33.68,0.43468577984429585,0,1,0,0.43468577984429585,0.0
JPN,3,6110,2,202512,35,1.29,35.13,0.43468577984429585,0,1,0,0.43468577984429585,0.0
JPN,3,6204,3,202301,0,2.28,24.93,0.42349635741507496,0,0,0,0.0,0.0
JPN,3,6204,3,202302,1,2.27,29.81,0.42349635741507496,0,0,0,0.0,0.0
JPN,3,6204,3,202303,2,2.16,21.74,0.42349635741507496,0,0,0,0.0,0.0
JPN,3,6204,3,202304,3,1.65,28.9,0.42349635741507496,0,0,0,0.0,0.0
JPN,3,6204,3,202305,4,1.07,17.07,0.42349635741507496,0,0,0,0.0,0.0
JPN,3,6204,3,202306,5,1.9,37.53,0.42349635741507496,0,0,0,0.0,0.0
JPN,3,6204,3,202307,6,2.15,20.36,0.42349635741507496,0,0,0,0.0,0.0
JPN,3,6204,3,202308,7,1.96,15.05,0.42349635741507496,0,0,0,0.0,0.0
JPN,3,6204,3,202309,8,1.92,18.48,0.42349635741507496,0,0,0,0.0,0.0
JPN,3,6204,3,202310,9,1.77,26.19,0.42349635741507496,0,0,0,0.0,0.0
JPN,3,6204,3,202311,10,1.48,25.48,0.42349635741507496,0,0,0,0.0,0.0
JPN,3,6204,3,202312,11,1.25,5.92,0.42349635741507496,0,0,0,0.0,0.0
JPN,3,6204,3,202401,12,2.34,17.44,0.42349635741507496,0,0,0,0.0,0.0
JPN,3,6204,3,202402,13,2.56,29.51,0.42349635741507496,0,0,0,0.0,0.0
JPN,3,6204,3,202403,14,2.13,20.2,0.42349635741507496,0,0,0,0.0,0.0
JPN,3,6204,3,202404,15,1.33,38.07,0.42349635741507496,0,0,0,0.0,0.0
JPN,3,6204,3,202405,16,1.39,41.16,0.42349635741507496,0,0,0,0.0,0.0
JPN,3,6204,3,202406,17,1.8,52.02,0.42349635741507496,0,0,0,0.0,0.0
JPN,3,6204,3,202407,18,2.6,76.5,0.42349635741507496,0,0,0,0.0,0.0
JPN,3,6204,3,202408,19,2.09,64.43,0.42349635741507496,0,0,0,0.0,0.0
JPN,3,6204,3,202409,20,1.66,51.08,0.42349635741507496,0,0,0,0.0,0.0
JPN,3,6204,3,202410,21,1.27,42.55,0.42349635741507496,0,0,0,0.0,0.0
JPN,3,6204,3,202411,22,1.2,38.65,0.42349635741507496,0,0,0,0.0,0.0
JPN,3,6204,3,202412,23,1.67,54.08,0.42349635741507496,0,0,0,0.0,0.0
JPN,3,6204,3,202501,24,1.77,47.46,0.42349635741507496,0,0,0,0.0,0.0
JPN,3,6204,3,202502,25,2.39,69.72,0.42349635741507496,0,0,0,0.0,0.0
JPN,3,6204,3,202503,26,2.3,76.89,0.42349635741507496,0,0,0,0.0,0.0
JPN,3,6204,3,202504,27,1.48,47.59,0.42349635741507496,0,1,0,0.42349635741507496,0.0
JPN,3,6204,3,202505,28,1.22,42.95,0.42349635741507496,0,1,0,0.42349635741507496,0.0
JPN,3,6204,3,202506,29,1.53,48.93,0.42349635741507496,0,1,0,0.42349635741507496,0.0
JPN,3,6204,3,202507,30,2.01,52.31,0.42349635741507496,0,1,0,0.42349635741507496,0.0
JPN,3,6204,3,202508,31,1.57,19.01,0.42349635741507496,0,1,0,0.42349635741507496,0.0
JPN,3,6204,3,202509,32,2.2,20.61,0.42349635741507496,0,1,0,0.42349635741507496,0.0
JPN,3,6204,3,202510,33,1.9,26.85,0.42349635741507496,0,1,0,0.42349635741507496,0.0
JPN,3,6204,3,202511,34,1.62,52.64,0.42349635741507496,0,1,0,0.42349635741507496,0.0
JPN,3,6204,3,202512,35,1.78,56.82,0.42349635741507496,0,1,0,0.42349635741507496,0.0
JPN,3,6402,4,202301,0,0.06,1.65,0.6876787251706538,0,0,0,0.0,0.0
JPN,3,6402,4,202302,1,0.01,0.35,0.6876787251706538,0,0,0,0.0,0.0
JPN,3,6402,4,202303,2,0.15,3.56,0.6876787251706538,0,0,0,0.0,0.0
JPN,3,6402,4,202304,3,0.13,3.21,0.6876787251706538,0,0,0,0.0,0.0
JPN,3,6402,4,202305,4,0.02,0.67,0.6876787251706538,0,0,0,0.0,0.0
JPN,3,6402,4,202306,5,0.02,0.57,0.6876787251706538,0,0,0,0.0,0.0
JPN,3,6402,4,202307,6,0.16,3.57,0.6876787251706538,0,0,0,0.0,0.0
JPN,3,6402,4,202308,7,0.16,3.36,0.6876787251706538,0,0,0,0.0,0.0
JPN,3,6402,4,202309,8,0.07,1.48,0.6876787251706538,0,0,0,0.0,0.0
JPN,3,6402,4,202310,9,0.01,0.43,0.6876787251706538,0,0,0,0.0,0.0
JPN,3,6402,4,202311,10,0.13,2.73,0.6876787251706538,0,0,0,0.0,0.0
JPN,3,6402,4,202312,11,0.1,2.09,0.6876787251706538,0,0,0,0.0,0.0
JPN,3,6402,4,202401,12,0.19,4.78,0.6876787251706538,0,0,0,0.0,0.0
JPN,3,6402,4,202402,13,0.01,0.49,0.6876787251706538,0,0,0,0.0,0.0
JPN,3,6402,4,202403,14,0.03,1.02,0.6876787251706538,0,0,0,0.0,0.0
JPN,3,6402,4,202404,15,0.02,0.55,0.6876787251706538,0,0,0,0.0,0.0
JPN,3,6402,4,202405,16,0.21,4.37,0.6876787251706538,0,0,0,0.0,0.0
JPN,3,6402,4,202406,17,0.08,1.77,0.6876787251706538,0,0,0,0.0,0.0
JPN,3,6402,4,202407,18,0.06,1.31,0.6876787251706538,0,0,0,0.0,0.0
JPN,3,6402,4,202408,19,0.03,0.63,0.6876787251706538,0,0,0,0.0,0.0
JPN,3,6402,4,202409,20,0.01,0.29,0.6876787251706538,0,0,0,0.0,0.0
JPN,3,6402,4,202410,21,0.08,1.72,0.6876787251706538,0,0,0,0.0,0.0
JPN,3,6402,4,202411,22,0.12,2.55,0.6876787251706538,0,0,0,0.0,0.0
JPN,3,6402,4,202412,23,0.04,0.76,0.6876787251706538,0,0,0,0.0,0.0
JPN,3,6402,4,202501,24,0.14,2.72,0.6876787251706538,0,0,0,0.0,0.0
JPN,3,6402,4,202502,25,0.02,0.56,0.6876787251706538,0,0,0,0.0,0.0
JPN,3,6402,4,202503,26,0.01,0.55,0.6876787251706538,0,0,0,0.0,0.0
JPN,3,6402,4,202504,27,0.21,4.94,0.6876787251706538,0,1,0,0.6876787251706538,0.0
JPN,3,6402,4,202505,28,0.17,3.6,0.6876787251706538,0,1,0,0.6876787251706538,0.0
JPN,3,6402,4,202506,29,0.01,0.4,0.6876787251706538,0,1,0,0.6876787251706538,0.0
JPN,3,6402,4,202507,30,0.1,2.42,0.6876787251706538,0,1,0,0.6876787251706538,0.0
JPN,3,6402,4,202508,31,0.07,1.64,0.6876787251706538,0,1,0,0.6876787251706538,0.0
JPN,3,6402,4,202509,32,0.06,1.33,0.6876787251706538,0,1,0,0.6876787251706538,0.0
JPN,3,6402,4,202510,33,0.41,7.92,0.6876787251706538,0,1,0,0.6876787251706538,0.0
JPN,3,6402,4,202511,34,0.18,4.9,0.6876787251706538,0,1,0,0.6876787251706538,0.0
JPN,3,6402,4,202512,35,0.02,0.63,0.6876787251706538,0,1,0,0.6876787251706538,0.0
JPN,3,6403,5,202301,0,0.15,3.24,0.3564216173855382,0,0,0,0.0,0.0
JPN,3,6403,5,202302,1,0.16,3.54,0.3564216173855382,0,0,0,0.0,0.0
JPN,3,6403,5,202303,2,0.23,5.63,0.3564216173855382,0,0,0,0.0,0.0
JPN,3,6403,5,202304,3,0.08,1.62,0.3564216173855382,0,0,0,0.0,0.0
JPN,3,6403,5,202305,4,0.07,1.44,0.3564216173855382,0,0,0,0.0,0.0
JPN,3,6403,5,202306,5,0.11,2.56,0.3564216173855382,0,0,0,0.0,0.0
JPN,3,6403,5,202307,6,0.09,1.77,0.3564216173855382,0,0,0,0.0,0.0
JPN,3,6403,5,202308,7,0.07,1.31,0.3564216173855382,0,0,0,0.0,0.0
JPN,3,6403,5,202309,8,0.09,1.71,0.3564216173855382,0,0,0,0.0,0.0
JPN,3,6403,5,202310,9,0.11,1.88,0.3564216173855382,0,0,0,0.0,0.0
JPN,3,6403,5,202311,10,0.12,2.34,0.3564216173855382,0,0,0,0.0,0.0
JPN,3,6403,5,202312,11,0.09,1.46,0.3564216173855382,0,0,0,0.0,0.0
JPN,3,6403,5,202401,12,0.12,2.65,0.3564216173855382,0,0,0,0.0,0.0
JPN,3,6403,5,202402,13,0.05,1.11,0.3564216173855382,0,0,0,0.0,0.0
JPN,3,6403,5,202403,14,0.17,3.1,0.3564216173855382,0,0,0,0.0,0.0
JPN,3,6403,5,202404,15,0.11,2.3,0.3564216173855382,0,0,0,0.0,0.0
JPN,3,6403,5,202405,16,0.19,3.47,0.3564216173855382,0,0,0,0.0,0.0
JPN,3,6403,5,202406,17,0.08,1.48,0.3564216173855382,0,0,0,0.0,0.0
JPN,3,6403,5,202407,18,0.15,3.08,0.3564216173855382,0,0,0,0.0,0.0
JPN,3,6403,5,202408,19,0.06,1.17,0.3564216173855382,0,0,0,0.0,0.0
JPN,3,6403,5,202409,20,0.1,1.82,0.3564216173855382,0,0,0,0.0,0.0
JPN,3,6403,5,202410,21,0.11,2.09,0.3564216173855382,0,0,0,0.0,0.0
JPN,3,6403,5,202411,22,0.11,2.23,0.3564216173855382,0,0,0,0.0,0.0
JPN,3,6403,5,202412,23,0.08,1.69,0.3564216173855382,0,0,0,0.0,0.0
JPN,3,6403,5,202501,24,0.12,2.31,0.3564216173855382,0,0,0,0.0,0.0
JPN,3,6403,5,202502,25,0.13,1.79,0.3564216173855382,0,0,0,0.0,0.0
JPN,3,6403,5,202503,26,0.07,1.37,0.3564216173855382,0,0,0,0.0,0.0
JPN,3,6403,5,202504,27,0.15,2.5,0.3564216173855382,0,1,0,0.3564216173855382,0.0
JPN,3,6403,5,202505,28,0.15,2.64,0.3564216173855382,0,1,0,0.3564216173855382,0.0
JPN,3,6403,5,202506,29,0.17,2.08,0.3564216173855382,0,1,0,0.3564216173855382,0.0
JPN,3,6403,5,202507,30,0.23,4.27,0.3564216173855382,0,1,0,0.3564216173855382,0.0
JPN,3,6403,5,202508,31,0.09,1.64,0.3564216173855382,0,1,0,0.3564216173855382,0.0
JPN,3,6403,5,202509,32,0.1,2.05,0.3564216173855382,0,1,0,0.3564216173855382,0.0
JPN,3,6403,5,202510,33,0.34,6.58,0.3564216173855382,0,1,0,0.3564216173855382,0.0
JPN,3,6403,5,202511,34,0.15,2.85,0.3564216173855382,0,1,0,0.3564216173855382,0.0
JPN,3,6403,5,202512,35,0.32,6.18,0.3564216173855382,0,1,0,0.3564216173855382,0.0
JPN,3,7326,6,202301,0,15.06,1679.35,0.371942620179757,0,0,0,0.0,0.0
JPN,3,7326,6,202302,1,14.56,1474.07,0.371942620179757,0,0,0,0.0,0.0
JPN,3,7326,6,202303,2,15.81,1816.44,0.371942620179757,0,0,0,0.0,0.0
JPN,3,7326,6,202304,3,15.61,1997.54,0.371942620179757,0,0,0,0.0,0.0
JPN,3,7326,6,202305,4,14.15,1891.54,0.371942620179757,0,0,0,0.0,0.0
JPN,3,7326,6,202306,5,13.61,1605.8,0.371942620179757,0,0,0,0.0,0.0
JPN,3,7326,6,202307,6,14.65,1982.45,0.371942620179757,0,0,0,0.0,0.0
JPN,3,7326,6,202308,7,17.85,2068.95,0.371942620179757,0,0,0,0.0,0.0
JPN,3,7326,6,202309,8,14.87,2015.55,0.371942620179757,0,0,0,0.0,0.0
JPN,3,7326,6,202310,9,17.97,2406.12,0.371942620179757,0,0,0,0.0,0.0
JPN,3,7326,6,202311,10,15.96,2258.42,0.371942620179757,0,0,0,0.0,0.0
JPN,3,7326,6,202312,11,14.35,2088.15,0.371942620179757,0,0,0,0.0,0.0
JPN,3,7326,6,202401,12,15.34,2034.77,0.371942620179757,0,0,0,0.0,0.0
JPN,3,7326,6,202402,13,15.71,1856.3,0.371942620179757,0,0,0,0.0,0.0
JPN,3,7326,6,202403,14,17.05,2165.77,0.371942620179757,0,0,0,0.0,0.0
JPN,3,7326,6,202404,15,19.13,2572.29,0.371942620179757,0,0,0,0.0,0.0
JPN,3,7326,6,202405,16,16.43,2073.05,0.371942620179757,0,0,0,0.0,0.0
JPN,3,7326,6,202406,17,15.08,1757.41,0.371942620179757,0,0,0,0.0,0.0
JPN,3,7326,6,202407,18,13.53,1731.23,0.371942620179757,0,0,0,0.0,0.0
JPN,3,7326,6,202408,19,12.14,1553.12,0.371942620179757,0,0,0,0.0,0.0
JPN,3,7326,6,202409,20,11.29,1444.41,0.371942620179757,0,0,0,0.0,0.0
JPN,3,7326,6,202410,21,14.23,1666.38,0.371942620179757,0,0,0,0.0,0.0
JPN,3,7326,6,202411,22,12.35,1480.47,0.371942620179757,0,0,0,0.0,0.0
JPN,3,7326,6,202412,23,19.59,2397.87,0.371942620179757,0,0,0,0.0,0.0
JPN,3,7326,6,202501,24,13.71,1927.26,0.371942620179757,0,0,0,0.0,0.0
JPN,3,7326,6,202502,25,14.52,1249.27,0.371942620179757,0,0,0,0.0,0.0
JPN,3,7326,6,202503,26,16.1,1640.64,0.371942620179757,0,0,0,0.0,0.0
JPN,3,7326,6,202504,27,15.02,1725.89,0.371942620179757,0,1,0,0.371942620179757,0.0
JPN,3,7326,6,202505,28,12.62,1611.45,0.371942620179757,0,1,0,0.371942620179757,0.0
JPN,3,7326,6,202506,29,13.51,1105.11,0.371942620179757,0,1,0,0.371942620179757,0.0
JPN,3,7326,6,202507,30,13.68,1077.01,0.371942620179757,0,1,0,0.371942620179757,0.0
JPN,3,7326,6,202508,31,12.51,1248.35,0.371942620179757,0,1,0,0.371942620179757,0.0
JPN,3,7326,6,202509,32,11.5,1128.53,0.371942620179757,0,1,0,0.371942620179757,0.0
JPN,3,7326,6,202510,33,13.87,1405.78,0.371942620179757,0,1,0,0.371942620179757,0.0
JPN,3,7326,6,202511,34,9.89,885.38,0.371942620179757,0,1,0,0.371942620179757,0.0
JPN,3,7326,6,202512,35,9.49,879.57,0.371942620179757,0,1,0,0.371942620179757,0.0
JPN,3,8443,7,202301,0,193.9,3999.7,0.1675662022525517,0,0,0,0.0,0.0
JPN,3,8443,7,202302,1,259.93,5147.19,0.1675662022525517,0,0,0,0.0,0.0
JPN,3,8443,7,202303,2,272.5,5086.0,0.1675662022525517,0,0,0,0.0,0.0
JPN,3,8443,7,202304,3,225.24,4626.98,0.1675662022525517,0,0,0,0.0,0.0
JPN,3,8443,7,202305,4,215.59,3524.5,0.1675662022525517,0,0,0,0.0,0.0
JPN,3,8443,7,202306,5,251.08,4559.11,0.1675662022525517,0,0,0,0.0,0.0
JPN,3,8443,7,202307,6,210.68,3481.46,0.1675662022525517,0,0,0,0.0,0.0
JPN,3,8443,7,202308,7,261.43,4490.61,0.1675662022525517,0,0,0,0.0,0.0
JPN,3,8443,7,202309,8,282.36,4874.58,0.1675662022525517,0,0,0,0.0,0.0
JPN,3,8443,7,202310,9,279.38,4731.14,0.1675662022525517,0,0,0,0.0,0.0
JPN,3,8443,7,202311,10,303.81,5535.05,0.1675662022525517,0,0,0,0.0,0.0
JPN,3,8443,7,202312,11,245.27,4349.72,0.1675662022525517,0,0,0,0.0,0.0
JPN,3,8443,7,202401,12,252.1,4358.89,0.1675662022525517,0,0,0,0.0,0.0
JPN,3,8443,7,202402,13,263.11,4362.12,0.1675662022525517,0,0,0,0.0,0.0
JPN,3,8443,7,202403,14,268.67,4493.96,0.1675662022525517,0,0,0,0.0,0.0
JPN,3,8443,7,202404,15,293.05,5575.7,0.1675662022525517,0,0,0,0.0,0.0
JPN,3,8443,7,202405,16,256.63,4446.9,0.1675662022525517,0,0,0,0.0,0.0
JPN,3,8443,7,202406,17,267.76,4778.97,0.1675662022525517,0,0,0,0.0,0.0
JPN,3,8443,7,202407,18,265.24,4727.25,0.1675662022525517,0,0,0,0.0,0.0
JPN,3,8443,7,202408,19,244.74,4143.81,0.1675662022525517,0,0,0,0.0,0.0
JPN,3,8443,7,202409,20,255.21,4161.57,0.1675662022525517,0,0,0,0.0,0.0
JPN,3,8443,7,202410,21,304.34,5441.29,0.1675662022525517,0,0,0,0.0,0.0
JPN,3,8443,7,202411,22,291.61,5090.68,0.1675662022525517,0,0,0,0.0,0.0
JPN,3,8443,7,202412,23,269.68,5345.17,0.1675662022525517,0,0,0,0.0,0.0
JPN,3,8443,7,202501,24,261.82,4558.91,0.1675662022525517,0,0,0,0.0,0.0
JPN,3,8443,7,202502,25,278.17,4722.78,0.1675662022525517,0,0,0,0.0,0.0
JPN,3,8443,7,202503,26,310.35,5923.26,0.1675662022525517,0,0,0,0.0,0.0
JPN,3,8443,7,202504,27,282.67,5629.8,0.1675662022525517,0,1,0,0.1675662022525517,0.0
JPN,3,8443,7,202505,28,277.39,4610.13,0.1675662022525517,0,1,0,0.1675662022525517,0.0
JPN,3,8443,7,202506,29,286.34,5092.73,0.1675662022525517,0,1,0,0.1675662022525517,0.0
JPN,3,8443,7,202507,30,320.72,5973.72,0.1675662022525517,0,1,0,0.1675662022525517,0.0
JPN,3,8443,7,202508,31,253.47,4407.3,0.1675662022525517,0,1,0,0.1675662022525517,0.0
JPN,3,8443,7,202509,32,183.95,3316.39,0.1675662022525517,0,1,0,0.1675662022525517,0.0
JPN,3,8443,7,202510,33,219.92,4098.96,0.1675662022525517,0,1,0,0.1675662022525517,0.0
JPN,3,8443,7,202511,34,204.31,3623.24,0.1675662022525517,0,1,0,0.1675662022525517,0.0
JPN,3,8443,7,202512,35,219.64,3928.6,0.1675662022525517,0,1,0,0.1675662022525517,0.0
JPN,3,8471,8,202301,0,28.19,192.06,0.39643031296790476,0,0,0,0.0,0.0
JPN,3,8471,8,202302,1,39.28,306.91,0.39643031296790476,0,0,0,0.0,0.0
JPN,3,8471,8,202303,2,40.74,299.13,0.39643031296790476,0,0,0,0.0,0.0
JPN,3,8471,8,202304,3,32.4,211.82,0.39643031296790476,0,0,0,0.0,0.0
JPN,3,8471,8,202305,4,31.29,201.65,0.39643031296790476,0,0,0,0.0,0.0
JPN,3,8471,8,202306,5,30.24,202.14,0.39643031296790476,0,0,0,0.0,0.0
JPN,3,8471,8,202307,6,31.34,209.0,0.39643031296790476,0,0,0,0.0,0.0
JPN,3,8471,8,202308,7,32.64,222.13,0.39643031296790476,0,0,0,0.0,0.0
JPN,3,8471,8,202309,8,34.69,235.05,0.39643031296790476,0,0,0,0.0,0.0
JPN,3,8471,8,202310,9,33.37,214.35,0.39643031296790476,0,0,0,0.0,0.0
JPN,3,8471,8,202311,10,41.18,281.58,0.39643031296790476,0,0,0,0.0,0.0
JPN,3,8471,8,202312,11,41.67,281.81,0.39643031296790476,0,0,0,0.0,0.0
JPN,3,8471,8,202401,12,36.81,240.4,0.39643031296790476,0,0,0,0.0,0.0
JPN,3,8471,8,202402,13,42.71,307.61,0.39643031296790476,0,0,0,0.0,0.0
JPN,3,8471,8,202403,14,39.5,257.77,0.39643031296790476,0,0,0,0.0,0.0
JPN,3,8471,8,202404,15,34.65,207.79,0.39643031296790476,0,0,0,0.0,0.0
JPN,3,8471,8,202405,16,29.66,198.36,0.39643031296790476,0,0,0,0.0,0.0
JPN,3,8471,8,202406,17,35.18,245.2,0.39643031296790476,0,0,0,0.0,0.0
JPN,3,8471,8,202407,18,33.06,225.52,0.39643031296790476,0,0,0,0.0,0.0
JPN,3,8471,8,202408,19,32.15,217.66,0.39643031296790476,0,0,0,0.0,0.0
JPN,3,8471,8,202409,20,35.61,232.04,0.39643031296790476,0,0,0,0.0,0.0
JPN,3,8471,8,202410,21,38.39,243.43,0.39643031296790476,0,0,0,0.0,0.0
JPN,3,8471,8,202411,22,38.82,249.43,0.39643031296790476,0,0,0,0.0,0.0
JPN,3,8471,8,202412,23,40.58,258.76,0.39643031296790476,0,0,0,0.0,0.0
JPN,3,8471,8,202501,24,33.87,224.39,0.39643031296790476,0,0,0,0.0,0.0
JPN,3,8471,8,202502,25,41.44,282.18,0.39643031296790476,0,0,0,0.0,0.0
JPN,3,8471,8,202503,26,48.63,337.66,0.39643031296790476,0,0,0,0.0,0.0
JPN,3,8471,8,202504,27,28.73,174.6,0.39643031296790476,0,1,0,0.39643031296790476,0.0
JPN,3,8471,8,202505,28,29.65,185.12,0.39643031296790476,0,1,0,0.39643031296790476,0.0
JPN,3,8471,8,202506,29,31.5,201.77,0.39643031296790476,0,1,0,0.39643031296790476,0.0
JPN,3,8471,8,202507,30,37.87,240.72,0.39643031296790476,0,1,0,0.39643031296790476,0.0
JPN,3,8471,8,202508,31,34.71,238.65,0.39643031296790476,0,1,0,0.39643031296790476,0.0
JPN,3,8471,8,202509,32,42.67,276.05,0.39643031296790476,0,1,0,0.39643031296790476,0.0
JPN,3,8471,8,202510,33,43.78,244.31,0.39643031296790476,0,1,0,0.39643031296790476,0.0
JPN,3,8471,8,202511,34,42.62,284.19,0.39643031296790476,0,1,0,0.39643031296790476,0.0
JPN,3,8471,8,202512,35,45.71,278.36,0.39643031296790476,0,1,0,0.39643031296790476,0.0
JPN,3,8473,9,202301,0,6.36,168.84,0.20922547448162448,0,0,0,0.0,0.0
JPN,3,8473,9,202302,1,8.8,131.1,0.20922547448162448,0,0,0,0.0,0.0
JPN,3,8473,9,202303,2,10.75,125.19,0.20922547448162448,0,0,0,0.0,0.0
JPN,3,8473,9,202304,3,6.69,91.49,0.20922547448162448,0,0,0,0.0,0.0
JPN,3,8473,9,202305,4,4.05,87.72,0.20922547448162448,0,0,0,0.0,0.0
JPN,3,8473,9,202306,5,7.12,111.83,0.20922547448162448,0,0,0,0.0,0.0
JPN,3,8473,9,202307,6,6.8,67.91,0.20922547448162448,0,0,0,0.0,0.0
JPN,3,8473,9,202308,7,7.09,59.09,0.20922547448162448,0,0,0,0.0,0.0
JPN,3,8473,9,202309,8,10.21,104.43,0.20922547448162448,0,0,0,0.0,0.0
JPN,3,8473,9,202310,9,6.99,101.84,0.20922547448162448,0,0,0,0.0,0.0
JPN,3,8473,9,202311,10,12.6,102.89,0.20922547448162448,0,0,0,0.0,0.0
JPN,3,8473,9,202312,11,8.81,65.79,0.20922547448162448,0,0,0,0.0,0.0
JPN,3,8473,9,202401,12,7.41,78.96,0.20922547448162448,0,0,0,0.0,0.0
JPN,3,8473,9,202402,13,6.21,235.21,0.20922547448162448,0,0,0,0.0,0.0
JPN,3,8473,9,202403,14,7.17,90.46,0.20922547448162448,0,0,0,0.0,0.0
JPN,3,8473,9,202404,15,6.04,57.42,0.20922547448162448,0,0,0,0.0,0.0
JPN,3,8473,9,202405,16,6.52,66.28,0.20922547448162448,0,0,0,0.0,0.0
JPN,3,8473,9,202406,17,8.47,89.07,0.20922547448162448,0,0,0,0.0,0.0
JPN,3,8473,9,202407,18,7.56,61.19,0.20922547448162448,0,0,0,0.0,0.0
JPN,3,8473,9,202408,19,8.55,83.07,0.20922547448162448,0,0,0,0.0,0.0
JPN,3,8473,9,202409,20,7.45,58.1,0.20922547448162448,0,0,0,0.0,0.0
JPN,3,8473,9,202410,21,9.4,63.81,0.20922547448162448,0,0,0,0.0,0.0
JPN,3,8473,9,202411,22,7.88,72.99,0.20922547448162448,0,0,0,0.0,0.0
JPN,3,8473,9,202412,23,9.86,88.33,0.20922547448162448,0,0,0,0.0,0.0
JPN,3,8473,9,202501,24,8.2,84.34,0.20922547448162448,0,0,0,0.0,0.0
JPN,3,8473,9,202502,25,8.32,69.96,0.20922547448162448,0,0,0,0.0,0.0
JPN,3,8473,9,202503,26,8.61,124.02,0.20922547448162448,0,0,0,0.0,0.0
JPN,3,8473,9,202504,27,9.29,68.67,0.20922547448162448,0,1,0,0.20922547448162448,0.0
JPN,3,8473,9,202505,28,5.92,53.63,0.20922547448162448,0,1,0,0.20922547448162448,0.0
JPN,3,8473,9,202506,29,10.02,112.55,0.20922547448162448,0,1,0,0.20922547448162448,0.0
JPN,3,8473,9,202507,30,6.98,77.2,0.20922547448162448,0,1,0,0.20922547448162448,0.0
JPN,3,8473,9,202508,31,7.46,113.16,0.20922547448162448,0,1,0,0.20922547448162448,0.0
JPN,3,8473,9,202509,32,7.37,65.8,0.20922547448162448,0,1,0,0.20922547448162448,0.0
JPN,3,8473,9,202510,33,6.77,101.54,0.20922547448162448,0,1,0,0.20922547448162448,0.0
JPN,3,8473,9,202511,34,8.54,118.42,0.20922547448162448,0,1,0,0.20922547448162448,0.0
JPN,3,8473,9,202512,35,9.97,117.43,0.20922547448162448,0,1,0,0.20922547448162448,0.0
JPN,3,8504,10,202301,0,100.41,1833.7,0.20349559537261644,0,0,0,0.0,0.0
JPN,3,8504,10,202302,1,106.2,1894.45,0.20349559537261644,0,0,0,0.0,0.0
JPN,3,8504,10,202303,2,119.03,2195.13,0.20349559537261644,0,0,0,0.0,0.0
JPN,3,8504,10,202304,3,120.38,2176.44,0.20349559537261644,0,0,0,0.0,0.0
JPN,3,8504,10,202305,4,107.55,1908.57,0.20349559537261644,0,0,0,0.0,0.0
JPN,3,8504,10,202306,5,94.35,1691.23,0.20349559537261644,0,0,0,0.0,0.0
JPN,3,8504,10,202307,6,123.49,2844.31,0.20349559537261644,0,0,0,0.0,0.0
JPN,3,8504,10,202308,7,98.6,1626.2,0.20349559537261644,0,0,0,0.0,0.0
JPN,3,8504,10,202309,8,120.58,1988.04,0.20349559537261644,0,0,0,0.0,0.0
JPN,3,8504,10,202310,9,125.14,2034.77,0.20349559537261644,0,0,0,0.0,0.0
JPN,3,8504,10,202311,10,138.12,2629.28,0.20349559537261644,0,0,0,0.0,0.0
JPN,3,8504,10,202312,11,110.94,1775.27,0.20349559537261644,0,0,0,0.0,0.0
JPN,3,8504,10,202401,12,114.78,1981.61,0.20349559537261644,0,0,0,0.0,0.0
JPN,3,8504,10,202402,13,109.74,2223.1,0.20349559537261644,0,0,0,0.0,0.0
JPN,3,8504,10,202403,14,137.42,2198.41,0.20349559537261644,0,0,0,0.0,0.0
JPN,3,8504,10,202404,15,134.83,2212.64,0.20349559537261644,0,0,0,0.0,0.0
JPN,3,8504,10,202405,16,102.86,1825.55,0.20349559537261644,0,0,0,0.0,0.0
JPN,3,8504,10,202406,17,110.89,1804.71,0.20349559537261644,0,0,0,0.0,0.0
JPN,3,8504,10,202407,18,133.41,2394.31,0.20349559537261644,0,0,0,0.0,0.0
JPN,3,8504,10,202408,19,89.07,1568.68,0.20349559537261644,0,0,0,0.0,0.0
JPN,3,8504,10,202409,20,142.4,3856.04,0.20349559537261644,0,0,0,0.0,0.0
JPN,3,8504,10,202410,21,145.87,2606.05,0.20349559537261644,0,0,0,0.0,0.0
JPN,3,8504,10,202411,22,133.29,2710.99,0.20349559537261644,0,0,0,0.0,0.0
JPN,3,8504,10,202412,23,126.55,2523.66,0.20349559537261644,0,0,0,0.0,0.0
JPN,3,8504,10,202501,24,144.41,2749.61,0.20349559537261644,0,0,0,0.0,0.0
JPN,3,8504,10,202502,25,133.37,2267.77,0.20349559537261644,0,0,0,0.0,0.0
JPN,3,8504,10,202503,26,125.04,2099.06,0.20349559537261644,0,0,0,0.0,0.0
JPN,3,8504,10,202504,27,199.62,3332.79,0.20349559537261644,0,1,0,0.20349559537261644,0.0
JPN,3,8504,10,202505,28,186.83,3204.94,0.20349559537261644,0,1,0,0.20349559537261644,0.0
JPN,3,8504,10,202506,29,224.97,4226.02,0.20349559537261644,0,1,0,0.20349559537261644,0.0
JPN,3,8504,10,202507,30,210.83,4296.59,0.20349559537261644,0,1,0,0.20349559537261644,0.0
JPN,3,8504,10,202508,31,211.43,3747.69,0.20349559537261644,0,1,0,0.20349559537261644,0.0
JPN,3,8504,10,202509,32,270.88,4828.53,0.20349559537261644,0,1,0,0.20349559537261644,0.0
JPN,3,8504,10,202510,33,204.5,3551.82,0.20349559537261644,0,1,0,0.20349559537261644,0.0
JPN,3,8504,10,202511,34,209.64,3700.07,0.20349559537261644,0,1,0,0.20349559537261644,0.0
JPN,3,8504,10,202512,35,241.69,4107.73,0.20349559537261644,0,1,0,0.20349559537261644,0.0
JPN,3,8516,11,202301,0,9.2,455.73,0.6255708163552058,0,0,0,0.0,0.0
JPN,3,8516,11,202302,1,7.95,341.08,0.6255708163552058,0,0,0,0.0,0.0
JPN,3,8516,11,202303,2,11.27,652.8,0.6255708163552058,0,0,0,0.0,0.0
JPN,3,8516,11,202304,3,10.83,604.35,0.6255708163552058,0,0,0,0.0,0.0
JPN,3,8516,11,202305,4,6.02,360.02,0.6255708163552058,0,0,0,0.0,0.0
JPN,3,8516,11,202306,5,7.53,449.76,0.6255708163552058,0,0,0,0.0,0.0
JPN,3,8516,11,202307,6,8.56,468.44,0.6255708163552058,0,0,0,0.0,0.0
JPN,3,8516,11,202308,7,9.91,451.22,0.6255708163552058,0,0,0,0.0,0.0
JPN,3,8516,11,202309,8,10.87,600.05,0.6255708163552058,0,0,0,0.0,0.0
JPN,3,8516,11,202310,9,10.14,538.12,0.6255708163552058,0,0,0,0.0,0.0
JPN,3,8516,11,202311,10,9.8,520.31,0.6255708163552058,0,0,0,0.0,0.0
JPN,3,8516,11,202312,11,8.41,462.29,0.6255708163552058,0,0,0,0.0,0.0
JPN,3,8516,11,202401,12,8.07,416.36,0.6255708163552058,0,0,0,0.0,0.0
JPN,3,8516,11,202402,13,7.1,341.94,0.6255708163552058,0,0,0,0.0,0.0
JPN,3,8516,11,202403,14,8.04,421.81,0.6255708163552058,0,0,0,0.0,0.0
JPN,3,8516,11,202404,15,9.18,446.68,0.6255708163552058,0,0,0,0.0,0.0
JPN,3,8516,11,202405,16,8.03,416.0,0.6255708163552058,0,0,0,0.0,0.0
JPN,3,8516,11,202406,17,9.38,505.46,0.6255708163552058,0,0,0,0.0,0.0
JPN,3,8516,11,202407,18,8.92,489.66,0.6255708163552058,0,0,0,0.0,0.0
JPN,3,8516,11,202408,19,8.43,464.65,0.6255708163552058,0,0,0,0.0,0.0
JPN,3,8516,11,202409,20,8.7,481.32,0.6255708163552058,0,0,0,0.0,0.0
JPN,3,8516,11,202410,21,11.66,674.44,0.6255708163552058,0,0,0,0.0,0.0
JPN,3,8516,11,202411,22,8.73,544.27,0.6255708163552058,0,0,0,0.0,0.0
JPN,3,8516,11,202412,23,10.4,627.82,0.6255708163552058,0,0,0,0.0,0.0
JPN,3,8516,11,202501,24,8.26,427.98,0.6255708163552058,0,0,0,0.0,0.0
JPN,3,8516,11,202502,25,6.33,340.49,0.6255708163552058,0,0,0,0.0,0.0
JPN,3,8516,11,202503,26,9.0,465.6,0.6255708163552058,0,0,0,0.0,0.0
JPN,3,8516,11,202504,27,10.45,555.76,0.6255708163552058,0,1,0,0.6255708163552058,0.0
JPN,3,8516,11,202505,28,9.14,481.13,0.6255708163552058,0,1,0,0.6255708163552058,0.0
JPN,3,8516,11,202506,29,9.7,486.99,0.6255708163552058,0,1,0,0.6255708163552058,0.0
JPN,3,8516,11,202507,30,10.08,536.9,0.6255708163552058,0,1,0,0.6255708163552058,0.0
JPN,3,8516,11,202508,31,8.78,511.67,0.6255708163552058,0,1,0,0.6255708163552058,0.0
JPN,3,8516,11,202509,32,7.81,338.3,0.6255708163552058,0,1,0,0.6255708163552058,0.0
JPN,3,8516,11,202510,33,12.92,824.25,0.6255708163552058,0,1,0,0.6255708163552058,0.0
JPN,3,8516,11,202511,34,10.33,644.77,0.6255708163552058,0,1,0,0.6255708163552058,0.0
JPN,3,8516,11,202512,35,9.5,479.88,0.6255708163552058,0,1,0,0.6255708163552058,0.0
JPN,3,8517,12,202301,0,63.29,83.39,0.49320772139853813,0,0,0,0.0,0.0
JPN,3,8517,12,202302,1,85.99,345.67,0.49320772139853813,0,0,0,0.0,0.0
JPN,3,8517,12,202303,2,114.06,453.92,0.49320772139853813,0,0,0,0.0,0.0
JPN,3,8517,12,202304,3,41.23,149.85,0.49320772139853813,0,0,0,0.0,0.0
JPN,3,8517,12,202305,4,38.77,130.06,0.49320772139853813,0,0,0,0.0,0.0
JPN,3,8517,12,202306,5,51.56,110.92,0.49320772139853813,0,0,0,0.0,0.0
JPN,3,8517,12,202307,6,38.35,103.91,0.49320772139853813,0,0,0,0.0,0.0
JPN,3,8517,12,202308,7,53.5,105.69,0.49320772139853813,0,0,0,0.0,0.0
JPN,3,8517,12,202309,8,54.14,122.43,0.49320772139853813,0,0,0,0.0,0.0
JPN,3,8517,12,202310,9,52.72,121.75,0.49320772139853813,0,0,0,0.0,0.0
JPN,3,8517,12,202311,10,45.08,104.57,0.49320772139853813,0,0,0,0.0,0.0
JPN,3,8517,12,202312,11,46.09,1428.14,0.49320772139853813,0,0,0,0.0,0.0
JPN,3,8517,12,202401,12,41.75,78.24,0.49320772139853813,0,0,0,0.0,0.0
JPN,3,8517,12,202402,13,46.46,111.68,0.49320772139853813,0,0,0,0.0,0.0
JPN,3,8517,12,202403,14,59.53,140.03,0.49320772139853813,0,0,0,0.0,0.0
JPN,3,8517,12,202404,15,41.22,123.49,0.49320772139853813,0,0,0,0.0,0.0
JPN,3,8517,12,202405,16,44.58,122.33,0.49320772139853813,0,0,0,0.0,0.0
JPN,3,8517,12,202406,17,35.83,82.47,0.49320772139853813,0,0,0,0.0,0.0
JPN,3,8517,12,202407,18,67.33,176.13,0.49320772139853813,0,0,0,0.0,0.0
JPN,3,8517,12,202408,19,38.67,102.89,0.49320772139853813,0,0,0,0.0,0.0
JPN,3,8517,12,202409,20,62.3,120.96,0.49320772139853813,0,0,0,0.0,0.0
JPN,3,8517,12,202410,21,59.1,120.66,0.49320772139853813,0,0,0,0.0,0.0
JPN,3,8517,12,202411,22,45.78,112.22,0.49320772139853813,0,0,0,0.0,0.0
JPN,3,8517,12,202412,23,58.33,109.85,0.49320772139853813,0,0,0,0.0,0.0
JPN,3,8517,12,202501,24,46.69,97.48,0.49320772139853813,0,0,0,0.0,0.0
JPN,3,8517,12,202502,25,50.57,119.18,0.49320772139853813,0,0,0,0.0,0.0
JPN,3,8517,12,202503,26,55.55,124.03,0.49320772139853813,0,0,0,0.0,0.0
JPN,3,8517,12,202504,27,40.41,93.23,0.49320772139853813,0,1,0,0.49320772139853813,0.0
JPN,3,8517,12,202505,28,33.5,100.88,0.49320772139853813,0,1,0,0.49320772139853813,0.0
JPN,3,8517,12,202506,29,48.55,157.49,0.49320772139853813,0,1,0,0.49320772139853813,0.0
JPN,3,8517,12,202507,30,62.24,166.93,0.49320772139853813,0,1,0,0.49320772139853813,0.0
JPN,3,8517,12,202508,31,35.81,102.86,0.49320772139853813,0,1,0,0.49320772139853813,0.0
JPN,3,8517,12,202509,32,56.34,158.18,0.49320772139853813,0,1,0,0.49320772139853813,0.0
JPN,3,8517,12,202510,33,37.5,106.42,0.49320772139853813,0,1,0,0.49320772139853813,0.0
JPN,3,8517,12,202511,34,56.39,209.29,0.49320772139853813,0,1,0,0.49320772139853813,0.0
JPN,3,8517,12,202512,35,74.49,237.16,0.49320772139853813,0,1,0,0.49320772139853813,0.0
JPN,3,8528,13,202301,0,22.99,287.26,0.3347814968181058,0,0,0,0.0,0.0
JPN,3,8528,13,202302,1,22.6,264.32,0.3347814968181058,0,0,0,0.0,0.0
JPN,3,8528,13,202303,2,24.67,281.08,0.3347814968181058,0,0,0,0.0,0.0
JPN,3,8528,13,202304,3,23.74,311.55,0.3347814968181058,0,0,0,0.0,0.0
JPN,3,8528,13,202305,4,16.39,181.43,0.3347814968181058,0,0,0,0.0,0.0
JPN,3,8528,13,202306,5,18.33,265.81,0.3347814968181058,0,0,0,0.0,0.0
JPN,3,8528,13,202307,6,17.81,204.82,0.3347814968181058,0,0,0,0.0,0.0
JPN,3,8528,13,202308,7,18.25,195.38,0.3347814968181058,0,0,0,0.0,0.0
JPN,3,8528,13,202309,8,20.41,251.77,0.3347814968181058,0,0,0,0.0,0.0
JPN,3,8528,13,202310,9,17.27,172.43,0.3347814968181058,0,0,0,0.0,0.0
JPN,3,8528,13,202311,10,19.66,191.31,0.3347814968181058,0,0,0,0.0,0.0
JPN,3,8528,13,202312,11,20.54,207.01,0.3347814968181058,0,0,0,0.0,0.0
JPN,3,8528,13,202401,12,16.67,183.41,0.3347814968181058,0,0,0,0.0,0.0
JPN,3,8528,13,202402,13,16.22,190.84,0.3347814968181058,0,0,0,0.0,0.0
JPN,3,8528,13,202403,14,18.58,196.96,0.3347814968181058,0,0,0,0.0,0.0
JPN,3,8528,13,202404,15,16.2,191.75,0.3347814968181058,0,0,0,0.0,0.0
JPN,3,8528,13,202405,16,13.3,158.68,0.3347814968181058,0,0,0,0.0,0.0
JPN,3,8528,13,202406,17,16.34,193.91,0.3347814968181058,0,0,0,0.0,0.0
JPN,3,8528,13,202407,18,14.25,168.25,0.3347814968181058,0,0,0,0.0,0.0
JPN,3,8528,13,202408,19,12.86,133.92,0.3347814968181058,0,0,0,0.0,0.0
JPN,3,8528,13,202409,20,16.97,158.93,0.3347814968181058,0,0,0,0.0,0.0
JPN,3,8528,13,202410,21,21.31,197.23,0.3347814968181058,0,0,0,0.0,0.0
JPN,3,8528,13,202411,22,18.96,192.73,0.3347814968181058,0,0,0,0.0,0.0
JPN,3,8528,13,202412,23,17.08,172.71,0.3347814968181058,0,0,0,0.0,0.0
JPN,3,8528,13,202501,24,19.55,244.89,0.3347814968181058,0,0,0,0.0,0.0
JPN,3,8528,13,202502,25,19.68,252.38,0.3347814968181058,0,0,0,0.0,0.0
JPN,3,8528,13,202503,26,18.48,203.42,0.3347814968181058,0,0,0,0.0,0.0
JPN,3,8528,13,202504,27,13.41,150.14,0.3347814968181058,0,1,0,0.3347814968181058,0.0
JPN,3,8528,13,202505,28,19.47,247.57,0.3347814968181058,0,1,0,0.3347814968181058,0.0
JPN,3,8528,13,202506,29,29.22,412.09,0.3347814968181058,0,1,0,0.3347814968181058,0.0
JPN,3,8528,13,202507,30,23.4,324.72,0.3347814968181058,0,1,0,0.3347814968181058,0.0
JPN,3,8528,13,202508,31,14.43,214.75,0.3347814968181058,0,1,0,0.3347814968181058,0.0
JPN,3,8528,13,202509,32,16.9,248.5,0.3347814968181058,0,1,0,0.3347814968181058,0.0
JPN,3,8528,13,202510,33,17.52,261.66,0.3347814968181058,0,1,0,0.3347814968181058,0.0
JPN,3,8528,13,202511,34,14.79,203.34,0.3347814968181058,0,1,0,0.3347814968181058,0.0
JPN,3,8528,13,202512,35,16.18,246.5,0.3347814968181058,0,1,0,0.3347814968181058,0.0
JPN,3,8541,14,202301,0,89.47,664.36,0.03397421317087017,0,0,0,0.0,0.0
JPN,3,8541,14,202302,1,93.19,252.03,0.03397421317087017,0,0,0,0.0,0.0
JPN,3,8541,14,202303,2,100.0,790.42,0.03397421317087017,0,0,0,0.0,0.0
JPN,3,8541,14,202304,3,91.27,1007.98,0.03397421317087017,0,0,0,0.0,0.0
JPN,3,8541,14,202305,4,85.36,219.51,0.03397421317087017,0,0,0,0.0,0.0
JPN,3,8541,14,202306,5,77.0,707.44,0.03397421317087017,0,0,0,0.0,0.0
JPN,3,8541,14,202307,6,85.97,218.32,0.03397421317087017,0,0,0,0.0,0.0
JPN,3,8541,14,202308,7,95.06,269.33,0.03397421317087017,0,0,0,0.0,0.0
JPN,3,8541,14,202309,8,98.85,263.9,0.03397421317087017,0,0,0,0.0,0.0
JPN,3,8541,14,202310,9,93.88,218.12,0.03397421317087017,0,0,0,0.0,0.0
JPN,3,8541,14,202311,10,85.0,218.75,0.03397421317087017,0,0,0,0.0,0.0
JPN,3,8541,14,202312,11,79.03,201.36,0.03397421317087017,0,0,0,0.0,0.0
JPN,3,8541,14,202401,12,66.5,167.14,0.03397421317087017,0,0,0,0.0,0.0
JPN,3,8541,14,202402,13,85.22,212.95,0.03397421317087017,0,0,0,0.0,0.0
JPN,3,8541,14,202403,14,83.0,184.43,0.03397421317087017,0,0,0,0.0,0.0
JPN,3,8541,14,202404,15,80.97,227.96,0.03397421317087017,0,0,0,0.0,0.0
JPN,3,8541,14,202405,16,83.31,185.64,0.03397421317087017,0,0,0,0.0,0.0
JPN,3,8541,14,202406,17,86.05,199.69,0.03397421317087017,0,0,0,0.0,0.0
JPN,3,8541,14,202407,18,82.55,472.55,0.03397421317087017,0,0,0,0.0,0.0
JPN,3,8541,14,202408,19,100.81,400.16,0.03397421317087017,0,0,0,0.0,0.0
JPN,3,8541,14,202409,20,89.9,1869.98,0.03397421317087017,0,0,0,0.0,0.0
JPN,3,8541,14,202410,21,89.54,198.61,0.03397421317087017,0,0,0,0.0,0.0
JPN,3,8541,14,202411,22,73.31,635.18,0.03397421317087017,0,0,0,0.0,0.0
JPN,3,8541,14,202412,23,81.92,608.99,0.03397421317087017,0,0,0,0.0,0.0
JPN,3,8541,14,202501,24,75.12,169.78,0.03397421317087017,0,0,0,0.0,0.0
JPN,3,8541,14,202502,25,75.58,241.51,0.03397421317087017,0,0,0,0.0,0.0
JPN,3,8541,14,202503,26,93.12,587.39,0.03397421317087017,0,0,0,0.0,0.0
JPN,3,8541,14,202504,27,127.29,619.47,0.03397421317087017,0,1,0,0.03397421317087017,0.0
JPN,3,8541,14,202505,28,104.25,650.04,0.03397421317087017,0,1,0,0.03397421317087017,0.0
JPN,3,8541,14,202506,29,116.57,243.97,0.03397421317087017,0,1,0,0.03397421317087017,0.0
JPN,3,8541,14,202507,30,88.19,288.93,0.03397421317087017,0,1,0,0.03397421317087017,0.0
JPN,3,8541,14,202508,31,97.8,252.72,0.03397421317087017,0,1,0,0.03397421317087017,0.0
JPN,3,8541,14,202509,32,106.01,320.42,0.03397421317087017,0,1,0,0.03397421317087017,0.0
JPN,3,8541,14,202510,33,112.51,252.76,0.03397421317087017,0,1,0,0.03397421317087017,0.0
JPN,3,8541,14,202511,34,89.19,245.07,0.03397421317087017,0,1,0,0.03397421317087017,0.0
JPN,3,8541,14,202512,35,98.86,219.16,0.03397421317087017,0,1,0,0.03397421317087017,0.0
JPN,3,8544,15,202301,0,26.17,659.07,0.13566753252605626,0,0,0,0.0,0.0
JPN,3,8544,15,202302,1,34.13,920.01,0.13566753252605626,0,0,0,0.0,0.0
JPN,3,8544,15,202303,2,38.39,1022.52,0.13566753252605626,0,0,0,0.0,0.0
JPN,3,8544,15,202304,3,34.78,916.69,0.13566753252605626,0,0,0,0.0,0.0
JPN,3,8544,15,202305,4,31.76,835.7,0.13566753252605626,0,0,0,0.0,0.0
JPN,3,8544,15,202306,5,33.04,913.62,0.13566753252605626,0,0,0,0.0,0.0
JPN,3,8544,15,202307,6,37.87,978.8,0.13566753252605626,0,0,0,0.0,0.0
JPN,3,8544,15,202308,7,33.43,1139.68,0.13566753252605626,0,0,0,0.0,0.0
JPN,3,8544,15,202309,8,29.68,1159.51,0.13566753252605626,0,0,0,0.0,0.0
JPN,3,8544,15,202310,9,29.97,1290.4,0.13566753252605626,0,0,0,0.0,0.0
JPN,3,8544,15,202311,10,28.77,1332.27,0.13566753252605626,0,0,0,0.0,0.0
JPN,3,8544,15,202312,11,29.38,1188.69,0.13566753252605626,0,0,0,0.0,0.0
JPN,3,8544,15,202401,12,28.8,1168.7,0.13566753252605626,0,0,0,0.0,0.0
JPN,3,8544,15,202402,13,29.5,1361.95,0.13566753252605626,0,0,0,0.0,0.0
JPN,3,8544,15,202403,14,32.35,1501.01,0.13566753252605626,0,0,0,0.0,0.0
JPN,3,8544,15,202404,15,36.9,1670.71,0.13566753252605626,0,0,0,0.0,0.0
JPN,3,8544,15,202405,16,30.99,1068.68,0.13566753252605626,0,0,0,0.0,0.0
JPN,3,8544,15,202406,17,30.21,1439.42,0.13566753252605626,0,0,0,0.0,0.0
JPN,3,8544,15,202407,18,31.27,1359.5,0.13566753252605626,0,0,0,0.0,0.0
JPN,3,8544,15,202408,19,32.89,1576.87,0.13566753252605626,0,0,0,0.0,0.0
JPN,3,8544,15,202409,20,30.2,1021.58,0.13566753252605626,0,0,0,0.0,0.0
JPN,3,8544,15,202410,21,42.0,1541.02,0.13566753252605626,0,0,0,0.0,0.0
JPN,3,8544,15,202411,22,36.09,1373.65,0.13566753252605626,0,0,0,0.0,0.0
JPN,3,8544,15,202412,23,39.31,1550.08,0.13566753252605626,0,0,0,0.0,0.0
JPN,3,8544,15,202501,24,35.3,1276.71,0.13566753252605626,0,0,0,0.0,0.0
JPN,3,8544,15,202502,25,50.71,1477.62,0.13566753252605626,0,0,0,0.0,0.0
JPN,3,8544,15,202503,26,45.68,1382.19,0.13566753252605626,0,0,0,0.0,0.0
JPN,3,8544,15,202504,27,45.25,1584.57,0.13566753252605626,0,1,0,0.13566753252605626,0.0
JPN,3,8544,15,202505,28,48.1,1432.43,0.13566753252605626,0,1,0,0.13566753252605626,0.0
JPN,3,8544,15,202506,29,45.02,1129.15,0.13566753252605626,0,1,0,0.13566753252605626,0.0
JPN,3,8544,15,202507,30,45.31,1194.23,0.13566753252605626,0,1,0,0.13566753252605626,0.0
JPN,3,8544,15,202508,31,40.27,1110.9,0.13566753252605626,0,1,0,0.13566753252605626,0.0
JPN,3,8544,15,202509,32,35.77,901.23,0.13566753252605626,0,1,0,0.13566753252605626,0.0
JPN,3,8544,15,202510,33,53.22,1397.93,0.13566753252605626,0,1,0,0.13566753252605626,0.0
JPN,3,8544,15,202511,34,39.96,1038.58,0.13566753252605626,0,1,0,0.13566753252605626,0.0
JPN,3,8544,15,202512,35,44.38,1152.21,0.13566753252605626,0,1,0,0.13566753252605626,0.0
JPN,3,9401,16,202301,0,8.15,675.34,0.33783279157026774,0,0,0,0.0,0.0
JPN,3,9401,16,202302,1,6.81,559.75,0.33783279157026774,0,0,0,0.0,0.0
JPN,3,9401,16,202303,2,10.06,836.68,0.33783279157026774,0,0,0,0.0,0.0
JPN,3,9401,16,202304,3,9.63,843.17,0.33783279157026774,0,0,0,0.0,0.0
JPN,3,9401,16,202305,4,13.19,800.17,0.33783279157026774,0,0,0,0.0,0.0
JPN,3,9401,16,202306,5,9.21,774.51,0.33783279157026774,0,0,0,0.0,0.0
JPN,3,9401,16,202307,6,11.15,875.35,0.33783279157026774,0,0,0,0.0,0.0
JPN,3,9401,16,202308,7,8.99,691.82,0.33783279157026774,0,0,0,0.0,0.0
JPN,3,9401,16,202309,8,12.58,977.18,0.33783279157026774,0,0,0,0.0,0.0
JPN,3,9401,16,202310,9,12.01,818.54,0.33783279157026774,0,0,0,0.0,0.0
JPN,3,9401,16,202311,10,11.65,901.44,0.33783279157026774,0,0,0,0.0,0.0
JPN,3,9401,16,202312,11,10.69,715.51,0.33783279157026774,0,0,0,0.0,0.0
JPN,3,9401,16,202401,12,9.89,789.83,0.33783279157026774,0,0,0,0.0,0.0
JPN,3,9401,16,202402,13,9.79,787.6,0.33783279157026774,0,0,0,0.0,0.0
JPN,3,9401,16,202403,14,12.83,1020.47,0.33783279157026774,0,0,0,0.0,0.0
JPN,3,9401,16,202404,15,12.86,1016.18,0.33783279157026774,0,0,0,0.0,0.0
JPN,3,9401,16,202405,16,12.94,1026.57,0.33783279157026774,0,0,0,0.0,0.0
JPN,3,9401,16,202406,17,11.28,860.47,0.33783279157026774,0,0,0,0.0,0.0
JPN,3,9401,16,202407,18,11.51,849.54,0.33783279157026774,0,0,0,0.0,0.0
JPN,3,9401,16,202408,19,13.01,835.78,0.33783279157026774,0,0,0,0.0,0.0
JPN,3,9401,16,202409,20,7.31,559.89,0.33783279157026774,0,0,0,0.0,0.0
JPN,3,9401,16,202410,21,15.77,1198.35,0.33783279157026774,0,0,0,0.0,0.0
JPN,3,9401,16,202411,22,10.27,760.33,0.33783279157026774,0,0,0,0.0,0.0
JPN,3,9401,16,202412,23,12.41,936.18,0.33783279157026774,0,0,0,0.0,0.0
JPN,3,9401,16,202501,24,13.77,882.23,0.33783279157026774,0,0,0,0.0,0.0
JPN,3,9401,16,202502,25,10.03,751.5,0.33783279157026774,0,0,0,0.0,0.0
JPN,3,9401,16,202503,26,13.86,936.76,0.33783279157026774,0,0,0,0.0,0.0
JPN,3,9401,16,202504,27,11.74,915.55,0.33783279157026774,0,1,0,0.33783279157026774,0.0
JPN,3,9401,16,202505,28,12.42,940.02,0.33783279157026774,0,1,0,0.33783279157026774,0.0
JPN,3,9401,16,202506,29,11.27,863.69,0.33783279157026774,0,1,0,0.33783279157026774,0.0
JPN,3,9401,16,202507,30,14.3,1146.7,0.33783279157026774,0,1,0,0.33783279157026774,0.0
JPN,3,9401,16,202508,31,12.39,867.52,0.33783279157026774,0,1,0,0.33783279157026774,0.0
JPN,3,9401,16,202509,32,12.09,855.15,0.33783279157026774,0,1,0,0.33783279157026774,0.0
JPN,3,9401,16,202510,33,14.78,1034.15,0.33783279157026774,0,1,0,0.33783279157026774,0.0
JPN,3,9401,16,202511,34,16.04,1058.44,0.33783279157026774,0,1,0,0.33783279157026774,0.0
JPN,3,9401,16,202512,35,11.93,841.72,0.33783279157026774,0,1,0,0.33783279157026774,0.0
JPN,3,9403,17,202301,0,1.23,229.18,0.32987861426539994,0,0,0,0.0,0.0
JPN,3,9403,17,202302,1,1.99,389.22,0.32987861426539994,0,0,0,0.0,0.0
JPN,3,9403,17,202303,2,1.16,209.37,0.32987861426539994,0,0,0,0.0,0.0
JPN,3,9403,17,202304,3,2.35,459.32,0.32987861426539994,0,0,0,0.0,0.0
JPN,3,9403,17,202305,4,2.19,415.73,0.32987861426539994,0,0,0,0.0,0.0
JPN,3,9403,17,202306,5,2.28,409.56,0.32987861426539994,0,0,0,0.0,0.0
JPN,3,9403,17,202307,6,1.52,285.55,0.32987861426539994,0,0,0,0.0,0.0
JPN,3,9403,17,202308,7,1.91,345.92,0.32987861426539994,0,0,0,0.0,0.0
JPN,3,9403,17,202309,8,1.68,293.69,0.32987861426539994,0,0,0,0.0,0.0
JPN,3,9403,17,202310,9,2.54,488.58,0.32987861426539994,0,0,0,0.0,0.0
JPN,3,9403,17,202311,10,2.96,563.42,0.32987861426539994,0,0,0,0.0,0.0
JPN,3,9403,17,202312,11,1.4,246.38,0.32987861426539994,0,0,0,0.0,0.0
JPN,3,9403,17,202401,12,2.76,513.51,0.32987861426539994,0,0,0,0.0,0.0
JPN,3,9403,17,202402,13,1.88,342.27,0.32987861426539994,0,0,0,0.0,0.0
JPN,3,9403,17,202403,14,2.3,431.33,0.32987861426539994,0,0,0,0.0,0.0
JPN,3,9403,17,202404,15,2.65,513.09,0.32987861426539994,0,0,0,0.0,0.0
JPN,3,9403,17,202405,16,1.27,242.39,0.32987861426539994,0,0,0,0.0,0.0
JPN,3,9403,17,202406,17,3.5,636.64,0.32987861426539994,0,0,0,0.0,0.0
JPN,3,9403,17,202407,18,2.74,554.4,0.32987861426539994,0,0,0,0.0,0.0
JPN,3,9403,17,202408,19,3.96,770.44,0.32987861426539994,0,0,0,0.0,0.0
JPN,3,9403,17,202409,20,3.09,621.02,0.32987861426539994,0,0,0,0.0,0.0
JPN,3,9403,17,202410,21,5.57,1039.64,0.32987861426539994,0,0,0,0.0,0.0
JPN,3,9403,17,202411,22,2.69,508.81,0.32987861426539994,0,0,0,0.0,0.0
JPN,3,9403,17,202412,23,3.0,574.66,0.32987861426539994,0,0,0,0.0,0.0
JPN,3,9403,17,202501,24,3.55,707.16,0.32987861426539994,0,0,0,0.0,0.0
JPN,3,9403,17,202502,25,2.16,391.89,0.32987861426539994,0,0,0,0.0,0.0
JPN,3,9403,17,202503,26,1.56,296.68,0.32987861426539994,0,0,0,0.0,0.0
JPN,3,9403,17,202504,27,1.04,196.04,0.32987861426539994,0,1,0,0.32987861426539994,0.0
JPN,3,9403,17,202505,28,1.59,323.21,0.32987861426539994,0,1,0,0.32987861426539994,0.0
JPN,3,9403,17,202506,29,1.51,301.39,0.32987861426539994,0,1,0,0.32987861426539994,0.0
JPN,3,9403,17,202507,30,2.28,457.85,0.32987861426539994,0,1,0,0.32987861426539994,0.0
JPN,3,9403,17,202508,31,1.83,343.01,0.32987861426539994,0,1,0,0.32987861426539994,0.0
JPN,3,9403,17,202509,32,1.14,227.32,0.32987861426539994,0,1,0,0.32987861426539994,0.0
JPN,3,9403,17,202510,33,1.33,268.55,0.32987861426539994,0,1,0,0.32987861426539994,0.0
JPN,3,9403,17,202511,34,1.37,275.53,0.32987861426539994,0,1,0,0.32987861426539994,0.0
JPN,3,9403,17,202512,35,1.28,287.47,0.32987861426539994,0,1,0,0.32987861426539994,0.0
JPN,3,9405,18,202301,0,1.58,53.73,0.5216145392002935,0,0,0,0.0,0.0
JPN,3,9405,18,202302,1,2.72,96.73,0.5216145392002935,0,0,0,0.0,0.0
JPN,3,9405,18,202303,2,3.51,132.91,0.5216145392002935,0,0,0,0.0,0.0
JPN,3,9405,18,202304,3,2.83,102.23,0.5216145392002935,0,0,0,0.0,0.0
JPN,3,9405,18,202305,4,3.15,115.07,0.5216145392002935,0,0,0,0.0,0.0
JPN,3,9405,18,202306,5,2.92,101.3,0.5216145392002935,0,0,0,0.0,0.0
JPN,3,9405,18,202307,6,3.08,97.98,0.5216145392002935,0,0,0,0.0,0.0
JPN,3,9405,18,202308,7,2.72,81.11,0.5216145392002935,0,0,0,0.0,0.0
JPN,3,9405,18,202309,8,3.86,137.27,0.5216145392002935,0,0,0,0.0,0.0
JPN,3,9405,18,202310,9,3.05,92.69,0.5216145392002935,0,0,0,0.0,0.0
JPN,3,9405,18,202311,10,3.5,122.62,0.5216145392002935,0,0,0,0.0,0.0
JPN,3,9405,18,202312,11,3.22,114.9,0.5216145392002935,0,0,0,0.0,0.0
JPN,3,9405,18,202401,12,2.65,88.08,0.5216145392002935,0,0,0,0.0,0.0
JPN,3,9405,18,202402,13,3.44,115.98,0.5216145392002935,0,0,0,0.0,0.0
JPN,3,9405,18,202403,14,3.57,131.93,0.5216145392002935,0,0,0,0.0,0.0
JPN,3,9405,18,202404,15,2.67,101.02,0.5216145392002935,0,0,0,0.0,0.0
JPN,3,9405,18,202405,16,3.12,90.52,0.5216145392002935,0,0,0,0.0,0.0
JPN,3,9405,18,202406,17,3.26,119.14,0.5216145392002935,0,0,0,0.0,0.0
JPN,3,9405,18,202407,18,3.46,132.2,0.5216145392002935,0,0,0,0.0,0.0
JPN,3,9405,18,202408,19,3.63,121.81,0.5216145392002935,0,0,0,0.0,0.0
JPN,3,9405,18,202409,20,2.45,77.46,0.5216145392002935,0,0,0,0.0,0.0
JPN,3,9405,18,202410,21,2.6,102.85,0.5216145392002935,0,0,0,0.0,0.0
JPN,3,9405,18,202411,22,2.24,80.0,0.5216145392002935,0,0,0,0.0,0.0
JPN,3,9405,18,202412,23,2.3,84.73,0.5216145392002935,0,0,0,0.0,0.0
JPN,3,9405,18,202501,24,2.84,99.24,0.5216145392002935,0,0,0,0.0,0.0
JPN,3,9405,18,202502,25,3.2,113.38,0.5216145392002935,0,0,0,0.0,0.0
JPN,3,9405,18,202503,26,2.99,99.72,0.5216145392002935,0,0,0,0.0,0.0
JPN,3,9405,18,202504,27,2.92,105.14,0.5216145392002935,0,1,0,0.5216145392002935,0.0
JPN,3,9405,18,202505,28,2.59,86.85,0.5216145392002935,0,1,0,0.5216145392002935,0.0
JPN,3,9405,18,202506,29,3.03,117.31,0.5216145392002935,0,1,0,0.5216145392002935,0.0
JPN,3,9405,18,202507,30,2.93,114.13,0.5216145392002935,0,1,0,0.5216145392002935,0.0
JPN,3,9405,18,202508,31,3.49,138.59,0.5216145392002935,0,1,0,0.5216145392002935,0.0
JPN,3,9405,18,202509,32,2.93,122.52,0.5216145392002935,0,1,0,0.5216145392002935,0.0
JPN,3,9405,18,202510,33,3.93,157.51,0.5216145392002935,0,1,0,0.5216145392002935,0.0
JPN,3,9405,18,202511,34,3.19,112.04,0.5216145392002935,0,1,0,0.5216145392002935,0.0
JPN,3,9405,18,202512,35,3.85,136.08,0.5216145392002935,0,1,0,0.5216145392002935,0.0
JPN,3,9503,19,202301,0,7.12,469.59,0.8174924032568407,0,0,0,0.0,0.0
JPN,3,9503,19,202302,1,6.33,417.74,0.8174924032568407,0,0,0,0.0,0.0
JPN,3,9503,19,202303,2,8.06,531.61,0.8174924032568407,0,0,0,0.0,0.0
JPN,3,9503,19,202304,3,5.54,365.21,0.8174924032568407,0,0,0,0.0,0.0
JPN,3,9503,19,202305,4,6.66,439.6,0.8174924032568407,0,0,0,0.0,0.0
JPN,3,9503,19,202306,5,9.3,613.5,0.8174924032568407,0,0,0,0.0,0.0
JPN,3,9503,19,202307,6,7.51,472.75,0.8174924032568407,0,0,0,0.0,0.0
JPN,3,9503,19,202308,7,6.81,428.5,0.8174924032568407,0,0,0,0.0,0.0
JPN,3,9503,19,202309,8,8.0,503.42,0.8174924032568407,0,0,0,0.0,0.0
JPN,3,9503,19,202310,9,7.39,465.22,0.8174924032568407,0,0,0,0.0,0.0
JPN,3,9503,19,202311,10,7.34,462.21,0.8174924032568407,0,0,0,0.0,0.0
JPN,3,9503,19,202312,11,7.13,451.49,0.8174924032568407,0,0,0,0.0,0.0
JPN,3,9503,19,202401,12,5.68,359.81,0.8174924032568407,0,0,0,0.0,0.0
JPN,3,9503,19,202402,13,6.99,442.22,0.8174924032568407,0,0,0,0.0,0.0
JPN,3,9503,19,202403,14,6.62,419.19,0.8174924032568407,0,0,0,0.0,0.0
JPN,3,9503,19,202404,15,5.09,322.01,0.8174924032568407,0,0,0,0.0,0.0
JPN,3,9503,19,202405,16,5.61,355.34,0.8174924032568407,0,0,0,0.0,0.0
JPN,3,9503,19,202406,17,5.57,352.55,0.8174924032568407,0,0,0,0.0,0.0
JPN,3,9503,19,202407,18,5.39,352.99,0.8174924032568407,0,0,0,0.0,0.0
JPN,3,9503,19,202408,19,4.01,262.83,0.8174924032568407,0,0,0,0.0,0.0
JPN,3,9503,19,202409,20,6.31,413.4,0.8174924032568407,0,0,0,0.0,0.0
JPN,3,9503,19,202410,21,7.44,487.39,0.8174924032568407,0,0,0,0.0,0.0
JPN,3,9503,19,202411,22,7.43,487.0,0.8174924032568407,0,0,0,0.0,0.0
JPN,3,9503,19,202412,23,7.12,466.31,0.8174924032568407,0,0,0,0.0,0.0
JPN,3,9503,19,202501,24,7.02,459.54,0.8174924032568407,0,0,0,0.0,0.0
JPN,3,9503,19,202502,25,5.7,373.25,0.8174924032568407,0,0,0,0.0,0.0
JPN,3,9503,19,202503,26,7.32,479.64,0.8174924032568407,0,0,0,0.0,0.0
JPN,3,9503,19,202504,27,7.94,519.79,0.8174924032568407,0,1,0,0.8174924032568407,0.0
JPN,3,9503,19,202505,28,5.86,383.88,0.8174924032568407,0,1,0,0.8174924032568407,0.0
JPN,3,9503,19,202506,29,6.44,421.62,0.8174924032568407,0,1,0,0.8174924032568407,0.0
JPN,3,9503,19,202507,30,7.87,515.55,0.8174924032568407,0,1,0,0.8174924032568407,0.0
JPN,3,9503,19,202508,31,6.11,402.31,0.8174924032568407,0,1,0,0.8174924032568407,0.0
JPN,3,9503,19,202509,32,6.26,412.2,0.8174924032568407,0,1,0,0.8174924032568407,0.0
JPN,3,9503,19,202510,33,7.68,505.08,0.8174924032568407,0,1,0,0.8174924032568407,0.0
JPN,3,9503,19,202511,34,7.41,487.64,0.8174924032568407,0,1,0,0.8174924032568407,0.0
JPN,3,9503,19,202512,35,9.33,613.9,0.8174924032568407,0,1,0,0.8174924032568407,0.0
KOR,4,3926,0,202301,0,29.9,2602.51,0.592931327318276,0,0,0,0.0,0.0
KOR,4,3926,0,202302,1,24.42,2044.97,0.592931327318276,0,0,0,0.0,0.0
KOR,4,3926,0,202303,2,27.89,2652.12,0.592931327318276,0,0,0,0.0,0.0
KOR,4,3926,0,202304,3,27.48,2606.04,0.592931327318276,0,0,0,0.0,0.0
KOR,4,3926,0,202305,4,24.86,2651.11,0.592931327318276,0,0,0,0.0,0.0
KOR,4,3926,0,202306,5,24.27,2284.15,0.592931327318276,0,0,0,0.0,0.0
KOR,4,3926,0,202307,6,28.69,2418.23,0.592931327318276,0,0,0,0.0,0.0
KOR,4,3926,0,202308,7,28.96,2265.86,0.592931327318276,0,0,0,0.0,0.0
KOR,4,3926,0,202309,8,27.3,2141.05,0.592931327318276,0,0,0,0.0,0.0
KOR,4,3926,0,202310,9,28.92,2484.11,0.592931327318276,0,0,0,0.0,0.0
KOR,4,3926,0,202311,10,25.21,2220.1,0.592931327318276,0,0,0,0.0,0.0
KOR,4,3926,0,202312,11,24.67,2092.06,0.592931327318276,0,0,0,0.0,0.0
KOR,4,3926,0,202401,12,26.97,2356.34,0.592931327318276,0,0,0,0.0,0.0
KOR,4,3926,0,202402,13,25.05,2191.58,0.592931327318276,0,0,0,0.0,0.0
KOR,4,3926,0,202403,14,28.01,2316.98,0.592931327318276,0,0,0,0.0,0.0
KOR,4,3926,0,202404,15,30.47,1973.53,0.592931327318276,0,0,0,0.0,0.0
KOR,4,3926,0,202405,16,30.09,1881.03,0.592931327318276,0,0,0,0.0,0.0
KOR,4,3926,0,202406,17,28.73,1696.28,0.592931327318276,0,0,0,0.0,0.0
KOR,4,3926,0,202407,18,28.69,2496.97,0.592931327318276,0,0,0,0.0,0.0
KOR,4,3926,0,202408,19,31.68,2380.63,0.592931327318276,0,0,0,0.0,0.0
KOR,4,3926,0,202409,20,33.53,1913.03,0.592931327318276,0,0,0,0.0,0.0
KOR,4,3926,0,202410,21,31.61,1852.93,0.592931327318276,0,0,0,0.0,0.0
KOR,4,3926,0,202411,22,28.21,1755.82,0.592931327318276,0,0,0,0.0,0.0
KOR,4,3926,0,202412,23,28.45,1696.19,0.592931327318276,0,0,0,0.0,0.0
KOR,4,3926,0,202501,24,27.17,1599.98,0.592931327318276,0,0,0,0.0,0.0
KOR,4,3926,0,202502,25,26.22,1566.43,0.592931327318276,0,0,0,0.0,0.0
KOR,4,3926,0,202503,26,34.23,2175.26,0.592931327318276,0,0,0,0.0,0.0
KOR,4,3926,0,202504,27,31.97,2021.06,0.592931327318276,0,1,0,0.592931327318276,0.0
KOR,4,3926,0,202505,28,35.05,2326.51,0.592931327318276,0,1,0,0.592931327318276,0.0
KOR,4,3926,0,202506,29,32.82,2045.81,0.592931327318276,0,1,0,0.592931327318276,0.0
KOR,4,3926,0,202507,30,39.63,2530.59,0.592931327318276,0,1,0,0.592931327318276,0.0
KOR,4,3926,0,202508,31,37.1,6142.49,0.592931327318276,0,1,0,0.592931327318276,0.0
KOR,4,3926,0,202509,32,33.03,6894.53,0.592931327318276,0,1,0,0.592931327318276,0.0
KOR,4,3926,0,202510,33,33.36,3286.02,0.592931327318276,0,1,0,0.592931327318276,0.0
KOR,4,3926,0,202511,34,32.77,1826.91,0.592931327318276,0,1,0,0.592931327318276,0.0
KOR,4,3926,0,202512,35,38.05,2193.42,0.592931327318276,0,1,0,0.592931327318276,0.0
KOR,4,4202,1,202301,0,1.82,43.54,0.5082599842937704,0,0,0,0.0,0.0
KOR,4,4202,1,202302,1,1.93,69.16,0.5082599842937704,0,0,0,0.0,0.0
KOR,4,4202,1,202303,2,2.16,50.41,0.5082599842937704,0,0,0,0.0,0.0
KOR,4,4202,1,202304,3,2.44,78.4,0.5082599842937704,0,0,0,0.0,0.0
KOR,4,4202,1,202305,4,3.41,83.93,0.5082599842937704,0,0,0,0.0,0.0
KOR,4,4202,1,202306,5,2.47,70.49,0.5082599842937704,0,0,0,0.0,0.0
KOR,4,4202,1,202307,6,2.98,91.13,0.5082599842937704,0,0,0,0.0,0.0
KOR,4,4202,1,202308,7,1.84,69.65,0.5082599842937704,0,0,0,0.0,0.0
KOR,4,4202,1,202309,8,2.3,84.42,0.5082599842937704,0,0,0,0.0,0.0
KOR,4,4202,1,202310,9,3.13,79.9,0.5082599842937704,0,0,0,0.0,0.0
KOR,4,4202,1,202311,10,2.62,59.21,0.5082599842937704,0,0,0,0.0,0.0
KOR,4,4202,1,202312,11,2.39,56.1,0.5082599842937704,0,0,0,0.0,0.0
KOR,4,4202,1,202401,12,1.43,33.1,0.5082599842937704,0,0,0,0.0,0.0
KOR,4,4202,1,202402,13,1.76,48.19,0.5082599842937704,0,0,0,0.0,0.0
KOR,4,4202,1,202403,14,1.46,56.25,0.5082599842937704,0,0,0,0.0,0.0
KOR,4,4202,1,202404,15,2.75,85.28,0.5082599842937704,0,0,0,0.0,0.0
KOR,4,4202,1,202405,16,3.91,104.78,0.5082599842937704,0,0,0,0.0,0.0
KOR,4,4202,1,202406,17,2.37,71.2,0.5082599842937704,0,0,0,0.0,0.0
KOR,4,4202,1,202407,18,3.48,119.31,0.5082599842937704,0,0,0,0.0,0.0
KOR,4,4202,1,202408,19,1.99,66.56,0.5082599842937704,0,0,0,0.0,0.0
KOR,4,4202,1,202409,20,1.45,44.95,0.5082599842937704,0,0,0,0.0,0.0
KOR,4,4202,1,202410,21,2.98,95.69,0.5082599842937704,0,0,0,0.0,0.0
KOR,4,4202,1,202411,22,1.75,60.14,0.5082599842937704,0,0,0,0.0,0.0
KOR,4,4202,1,202412,23,2.07,62.19,0.5082599842937704,0,0,0,0.0,0.0
KOR,4,4202,1,202501,24,1.38,42.25,0.5082599842937704,0,0,0,0.0,0.0
KOR,4,4202,1,202502,25,1.24,38.67,0.5082599842937704,0,0,0,0.0,0.0
KOR,4,4202,1,202503,26,1.7,56.11,0.5082599842937704,0,0,0,0.0,0.0
KOR,4,4202,1,202504,27,2.23,68.6,0.5082599842937704,0,1,0,0.5082599842937704,0.0
KOR,4,4202,1,202505,28,2.44,77.26,0.5082599842937704,0,1,0,0.5082599842937704,0.0
KOR,4,4202,1,202506,29,3.24,112.31,0.5082599842937704,0,1,0,0.5082599842937704,0.0
KOR,4,4202,1,202507,30,2.72,84.84,0.5082599842937704,0,1,0,0.5082599842937704,0.0
KOR,4,4202,1,202508,31,2.16,90.7,0.5082599842937704,0,1,0,0.5082599842937704,0.0
KOR,4,4202,1,202509,32,2.04,80.39,0.5082599842937704,0,1,0,0.5082599842937704,0.0
KOR,4,4202,1,202510,33,3.07,79.03,0.5082599842937704,0,1,0,0.5082599842937704,0.0
KOR,4,4202,1,202511,34,3.15,94.66,0.5082599842937704,0,1,0,0.5082599842937704,0.0
KOR,4,4202,1,202512,35,2.55,82.36,0.5082599842937704,0,1,0,0.5082599842937704,0.0
KOR,4,6110,2,202301,0,2.71,46.23,0.43468577984429585,0,0,0,0.0,0.0
KOR,4,6110,2,202302,1,1.17,18.38,0.43468577984429585,0,0,0,0.0,0.0
KOR,4,6110,2,202303,2,2.07,35.2,0.43468577984429585,0,0,0,0.0,0.0
KOR,4,6110,2,202304,3,1.89,36.54,0.43468577984429585,0,0,0,0.0,0.0
KOR,4,6110,2,202305,4,1.55,27.14,0.43468577984429585,0,0,0,0.0,0.0
KOR,4,6110,2,202306,5,2.87,139.49,0.43468577984429585,0,0,0,0.0,0.0
KOR,4,6110,2,202307,6,3.37,77.64,0.43468577984429585,0,0,0,0.0,0.0
KOR,4,6110,2,202308,7,2.03,32.74,0.43468577984429585,0,0,0,0.0,0.0
KOR,4,6110,2,202309,8,2.88,51.03,0.43468577984429585,0,0,0,0.0,0.0
KOR,4,6110,2,202310,9,3.02,52.49,0.43468577984429585,0,0,0,0.0,0.0
KOR,4,6110,2,202311,10,1.65,26.79,0.43468577984429585,0,0,0,0.0,0.0
KOR,4,6110,2,202312,11,1.49,21.0,0.43468577984429585,0,0,0,0.0,0.0
KOR,4,6110,2,202401,12,2.43,46.6,0.43468577984429585,0,0,0,0.0,0.0
KOR,4,6110,2,202402,13,1.47,22.9,0.43468577984429585,0,0,0,0.0,0.0
KOR,4,6110,2,202403,14,1.55,28.88,0.43468577984429585,0,0,0,0.0,0.0
KOR,4,6110,2,202404,15,1.28,39.8,0.43468577984429585,0,0,0,0.0,0.0
KOR,4,6110,2,202405,16,1.1,33.59,0.43468577984429585,0,0,0,0.0,0.0
KOR,4,6110,2,202406,17,1.18,37.61,0.43468577984429585,0,0,0,0.0,0.0
KOR,4,6110,2,202407,18,4.0,131.98,0.43468577984429585,0,0,0,0.0,0.0
KOR,4,6110,2,202408,19,3.03,95.79,0.43468577984429585,0,0,0,0.0,0.0
KOR,4,6110,2,202409,20,3.5,112.43,0.43468577984429585,0,0,0,0.0,0.0
KOR,4,6110,2,202410,21,2.14,71.42,0.43468577984429585,0,0,0,0.0,0.0
KOR,4,6110,2,202411,22,1.4,42.84,0.43468577984429585,0,0,0,0.0,0.0
KOR,4,6110,2,202412,23,1.36,45.7,0.43468577984429585,0,0,0,0.0,0.0
KOR,4,6110,2,202501,24,1.75,57.48,0.43468577984429585,0,0,0,0.0,0.0
KOR,4,6110,2,202502,25,1.45,48.24,0.43468577984429585,0,0,0,0.0,0.0
KOR,4,6110,2,202503,26,1.07,35.02,0.43468577984429585,0,0,0,0.0,0.0
KOR,4,6110,2,202504,27,1.08,33.3,0.43468577984429585,0,1,0,0.43468577984429585,0.0
KOR,4,6110,2,202505,28,0.9,30.14,0.43468577984429585,0,1,0,0.43468577984429585,0.0
KOR,4,6110,2,202506,29,1.71,55.08,0.43468577984429585,0,1,0,0.43468577984429585,0.0
KOR,4,6110,2,202507,30,1.8,57.94,0.43468577984429585,0,1,0,0.43468577984429585,0.0
KOR,4,6110,2,202508,31,2.38,40.12,0.43468577984429585,0,1,0,0.43468577984429585,0.0
KOR,4,6110,2,202509,32,2.94,62.52,0.43468577984429585,0,1,0,0.43468577984429585,0.0
KOR,4,6110,2,202510,33,2.41,51.14,0.43468577984429585,0,1,0,0.43468577984429585,0.0
KOR,4,6110,2,202511,34,2.36,73.22,0.43468577984429585,0,1,0,0.43468577984429585,0.0
KOR,4,6110,2,202512,35,2.64,84.87,0.43468577984429585,0,1,0,0.43468577984429585,0.0
KOR,4,6204,3,202301,0,0.39,5.22,0.42349635741507496,0,0,0,0.0,0.0
KOR,4,6204,3,202302,1,0.49,4.24,0.42349635741507496,0,0,0,0.0,0.0
KOR,4,6204,3,202303,2,0.37,3.44,0.42349635741507496,0,0,0,0.0,0.0
KOR,4,6204,3,202304,3,0.5,5.18,0.42349635741507496,0,0,0,0.0,0.0
KOR,4,6204,3,202305,4,0.6,12.08,0.42349635741507496,0,0,0,0.0,0.0
KOR,4,6204,3,202306,5,0.14,1.91,0.42349635741507496,0,0,0,0.0,0.0
KOR,4,6204,3,202307,6,0.4,4.89,0.42349635741507496,0,0,0,0.0,0.0
KOR,4,6204,3,202308,7,0.6,13.31,0.42349635741507496,0,0,0,0.0,0.0
KOR,4,6204,3,202309,8,0.46,9.47,0.42349635741507496,0,0,0,0.0,0.0
KOR,4,6204,3,202310,9,0.3,10.66,0.42349635741507496,0,0,0,0.0,0.0
KOR,4,6204,3,202311,10,0.27,3.6,0.42349635741507496,0,0,0,0.0,0.0
KOR,4,6204,3,202312,11,0.3,5.27,0.42349635741507496,0,0,0,0.0,0.0
KOR,4,6204,3,202401,12,0.29,2.48,0.42349635741507496,0,0,0,0.0,0.0
KOR,4,6204,3,202402,13,0.37,5.3,0.42349635741507496,0,0,0,0.0,0.0
KOR,4,6204,3,202403,14,0.45,5.29,0.42349635741507496,0,0,0,0.0,0.0
KOR,4,6204,3,202404,15,0.22,5.66,0.42349635741507496,0,0,0,0.0,0.0
KOR,4,6204,3,202405,16,0.33,9.46,0.42349635741507496,0,0,0,0.0,0.0
KOR,4,6204,3,202406,17,0.28,7.12,0.42349635741507496,0,0,0,0.0,0.0
KOR,4,6204,3,202407,18,0.5,10.91,0.42349635741507496,0,0,0,0.0,0.0
KOR,4,6204,3,202408,19,0.31,8.32,0.42349635741507496,0,0,0,0.0,0.0
KOR,4,6204,3,202409,20,0.43,12.67,0.42349635741507496,0,0,0,0.0,0.0
KOR,4,6204,3,202410,21,0.25,5.82,0.42349635741507496,0,0,0,0.0,0.0
KOR,4,6204,3,202411,22,0.31,9.88,0.42349635741507496,0,0,0,0.0,0.0
KOR,4,6204,3,202412,23,0.42,13.01,0.42349635741507496,0,0,0,0.0,0.0
KOR,4,6204,3,202501,24,0.7,22.0,0.42349635741507496,0,0,0,0.0,0.0
KOR,4,6204,3,202502,25,0.38,10.61,0.42349635741507496,0,0,0,0.0,0.0
KOR,4,6204,3,202503,26,0.46,13.51,0.42349635741507496,0,0,0,0.0,0.0
KOR,4,6204,3,202504,27,0.33,10.56,0.42349635741507496,0,1,0,0.42349635741507496,0.0
KOR,4,6204,3,202505,28,0.5,14.44,0.42349635741507496,0,1,0,0.42349635741507496,0.0
KOR,4,6204,3,202506,29,0.35,11.58,0.42349635741507496,0,1,0,0.42349635741507496,0.0
KOR,4,6204,3,202507,30,0.52,12.31,0.42349635741507496,0,1,0,0.42349635741507496,0.0
KOR,4,6204,3,202508,31,0.45,10.22,0.42349635741507496,0,1,0,0.42349635741507496,0.0
KOR,4,6204,3,202509,32,0.73,20.24,0.42349635741507496,0,1,0,0.42349635741507496,0.0
KOR,4,6204,3,202510,33,0.88,23.89,0.42349635741507496,0,1,0,0.42349635741507496,0.0
KOR,4,6204,3,202511,34,0.64,20.37,0.42349635741507496,0,1,0,0.42349635741507496,0.0
KOR,4,6204,3,202512,35,0.75,20.94,0.42349635741507496,0,1,0,0.42349635741507496,0.0
KOR,4,6402,4,202301,0,0.64,27.59,0.6876787251706538,0,0,0,0.0,0.0
KOR,4,6402,4,202302,1,0.5,21.73,0.6876787251706538,0,0,0,0.0,0.0
KOR,4,6402,4,202303,2,0.44,18.98,0.6876787251706538,0,0,0,0.0,0.0
KOR,4,6402,4,202304,3,0.51,21.27,0.6876787251706538,0,0,0,0.0,0.0
KOR,4,6402,4,202305,4,1.14,49.07,0.6876787251706538,0,0,0,0.0,0.0
KOR,4,6402,4,202306,5,0.69,29.7,0.6876787251706538,0,0,0,0.0,0.0
KOR,4,6402,4,202307,6,1.29,50.32,0.6876787251706538,0,0,0,0.0,0.0
KOR,4,6402,4,202308,7,0.57,22.63,0.6876787251706538,0,0,0,0.0,0.0
KOR,4,6402,4,202309,8,0.57,22.42,0.6876787251706538,0,0,0,0.0,0.0
KOR,4,6402,4,202310,9,0.16,6.28,0.6876787251706538,0,0,0,0.0,0.0
KOR,4,6402,4,202311,10,0.29,11.44,0.6876787251706538,0,0,0,0.0,0.0
KOR,4,6402,4,202312,11,0.23,8.82,0.6876787251706538,0,0,0,0.0,0.0
KOR,4,6402,4,202401,12,0.35,13.17,0.6876787251706538,0,0,0,0.0,0.0
KOR,4,6402,4,202402,13,0.16,6.05,0.6876787251706538,0,0,0,0.0,0.0
KOR,4,6402,4,202403,14,0.44,16.79,0.6876787251706538,0,0,0,0.0,0.0
KOR,4,6402,4,202404,15,0.25,9.47,0.6876787251706538,0,0,0,0.0,0.0
KOR,4,6402,4,202405,16,0.45,14.66,0.6876787251706538,0,0,0,0.0,0.0
KOR,4,6402,4,202406,17,0.5,17.0,0.6876787251706538,0,0,0,0.0,0.0
KOR,4,6402,4,202407,18,0.44,18.44,0.6876787251706538,0,0,0,0.0,0.0
KOR,4,6402,4,202408,19,0.79,32.27,0.6876787251706538,0,0,0,0.0,0.0
KOR,4,6402,4,202409,20,0.48,18.77,0.6876787251706538,0,0,0,0.0,0.0
KOR,4,6402,4,202410,21,1.43,46.87,0.6876787251706538,0,0,0,0.0,0.0
KOR,4,6402,4,202411,22,0.33,12.09,0.6876787251706538,0,0,0,0.0,0.0
KOR,4,6402,4,202412,23,1.15,46.55,0.6876787251706538,0,0,0,0.0,0.0
KOR,4,6402,4,202501,24,0.37,13.59,0.6876787251706538,0,0,0,0.0,0.0
KOR,4,6402,4,202502,25,1.47,60.17,0.6876787251706538,0,0,0,0.0,0.0
KOR,4,6402,4,202503,26,0.43,14.26,0.6876787251706538,0,0,0,0.0,0.0
KOR,4,6402,4,202504,27,0.1,3.97,0.6876787251706538,0,1,0,0.6876787251706538,0.0
KOR,4,6402,4,202505,28,0.44,18.41,0.6876787251706538,0,1,0,0.6876787251706538,0.0
KOR,4,6402,4,202506,29,0.35,14.53,0.6876787251706538,0,1,0,0.6876787251706538,0.0
KOR,4,6402,4,202507,30,0.73,20.96,0.6876787251706538,0,1,0,0.6876787251706538,0.0
KOR,4,6402,4,202508,31,0.32,12.95,0.6876787251706538,0,1,0,0.6876787251706538,0.0
KOR,4,6402,4,202509,32,0.29,11.6,0.6876787251706538,0,1,0,0.6876787251706538,0.0
KOR,4,6402,4,202510,33,0.1,4.03,0.6876787251706538,0,1,0,0.6876787251706538,0.0
KOR,4,6402,4,202511,34,0.2,7.85,0.6876787251706538,0,1,0,0.6876787251706538,0.0
KOR,4,6402,4,202512,35,0.29,11.51,0.6876787251706538,0,1,0,0.6876787251706538,0.0
KOR,4,6403,5,202301,0,0.3,7.46,0.3564216173855382,0,0,0,0.0,0.0
KOR,4,6403,5,202302,1,0.51,12.82,0.3564216173855382,0,0,0,0.0,0.0
KOR,4,6403,5,202303,2,0.06,1.58,0.3564216173855382,0,0,0,0.0,0.0
KOR,4,6403,5,202304,3,0.61,15.38,0.3564216173855382,0,0,0,0.0,0.0
KOR,4,6403,5,202305,4,0.23,5.78,0.3564216173855382,0,0,0,0.0,0.0
KOR,4,6403,5,202306,5,1.68,39.4,0.3564216173855382,0,0,0,0.0,0.0
KOR,4,6403,5,202307,6,0.96,20.88,0.3564216173855382,0,0,0,0.0,0.0
KOR,4,6403,5,202308,7,1.74,35.62,0.3564216173855382,0,0,0,0.0,0.0
KOR,4,6403,5,202309,8,1.61,33.97,0.3564216173855382,0,0,0,0.0,0.0
KOR,4,6403,5,202310,9,0.46,10.46,0.3564216173855382,0,0,0,0.0,0.0
KOR,4,6403,5,202311,10,0.35,8.05,0.3564216173855382,0,0,0,0.0,0.0
KOR,4,6403,5,202312,11,0.48,10.74,0.3564216173855382,0,0,0,0.0,0.0
KOR,4,6403,5,202401,12,0.48,10.25,0.3564216173855382,0,0,0,0.0,0.0
KOR,4,6403,5,202402,13,0.48,10.65,0.3564216173855382,0,0,0,0.0,0.0
KOR,4,6403,5,202403,14,1.12,25.17,0.3564216173855382,0,0,0,0.0,0.0
KOR,4,6403,5,202404,15,0.52,10.85,0.3564216173855382,0,0,0,0.0,0.0
KOR,4,6403,5,202405,16,0.24,5.4,0.3564216173855382,0,0,0,0.0,0.0
KOR,4,6403,5,202406,17,0.24,5.46,0.3564216173855382,0,0,0,0.0,0.0
KOR,4,6403,5,202407,18,1.95,48.63,0.3564216173855382,0,0,0,0.0,0.0
KOR,4,6403,5,202408,19,0.88,18.38,0.3564216173855382,0,0,0,0.0,0.0
KOR,4,6403,5,202409,20,0.5,10.91,0.3564216173855382,0,0,0,0.0,0.0
KOR,4,6403,5,202410,21,0.31,6.79,0.3564216173855382,0,0,0,0.0,0.0
KOR,4,6403,5,202411,22,0.84,21.18,0.3564216173855382,0,0,0,0.0,0.0
KOR,4,6403,5,202412,23,0.16,3.33,0.3564216173855382,0,0,0,0.0,0.0
KOR,4,6403,5,202501,24,0.58,11.79,0.3564216173855382,0,0,0,0.0,0.0
KOR,4,6403,5,202502,25,1.55,33.41,0.3564216173855382,0,0,0,0.0,0.0
KOR,4,6403,5,202503,26,0.28,5.8,0.3564216173855382,0,0,0,0.0,0.0
KOR,4,6403,5,202504,27,0.96,19.11,0.3564216173855382,0,1,0,0.3564216173855382,0.0
KOR,4,6403,5,202505,28,0.45,9.5,0.3564216173855382,0,1,0,0.3564216173855382,0.0
KOR,4,6403,5,202506,29,0.5,10.66,0.3564216173855382,0,1,0,0.3564216173855382,0.0
KOR,4,6403,5,202507,30,0.76,15.21,0.3564216173855382,0,1,0,0.3564216173855382,0.0
KOR,4,6403,5,202508,31,1.35,28.06,0.3564216173855382,0,1,0,0.3564216173855382,0.0
KOR,4,6403,5,202509,32,0.49,10.32,0.3564216173855382,0,1,0,0.3564216173855382,0.0
KOR,4,6403,5,202510,33,0.67,14.78,0.3564216173855382,0,1,0,0.3564216173855382,0.0
KOR,4,6403,5,202511,34,0.62,13.8,0.3564216173855382,0,1,0,0.3564216173855382,0.0
KOR,4,6403,5,202512,35,0.98,21.87,0.3564216173855382,0,1,0,0.3564216173855382,0.0
KOR,4,7326,6,202301,0,13.82,1957.22,0.371942620179757,0,0,0,0.0,0.0
KOR,4,7326,6,202302,1,11.24,1787.31,0.371942620179757,0,0,0,0.0,0.0
KOR,4,7326,6,202303,2,17.42,2900.3,0.371942620179757,0,0,0,0.0,0.0
KOR,4,7326,6,202304,3,12.3,2205.22,0.371942620179757,0,0,0,0.0,0.0
KOR,4,7326,6,202305,4,12.29,1856.73,0.371942620179757,0,0,0,0.0,0.0
KOR,4,7326,6,202306,5,11.23,2036.64,0.371942620179757,0,0,0,0.0,0.0
KOR,4,7326,6,202307,6,13.65,2096.48,0.371942620179757,0,0,0,0.0,0.0
KOR,4,7326,6,202308,7,13.83,2082.93,0.371942620179757,0,0,0,0.0,0.0
KOR,4,7326,6,202309,8,12.39,2255.26,0.371942620179757,0,0,0,0.0,0.0
KOR,4,7326,6,202310,9,16.06,2521.0,0.371942620179757,0,0,0,0.0,0.0
KOR,4,7326,6,202311,10,17.22,2330.19,0.371942620179757,0,0,0,0.0,0.0
KOR,4,7326,6,202312,11,15.47,2366.33,0.371942620179757,0,0,0,0.0,0.0
KOR,4,7326,6,202401,12,18.26,2739.19,0.371942620179757,0,0,0,0.0,0.0
KOR,4,7326,6,202402,13,20.23,2710.52,0.371942620179757,0,0,0,0.0,0.0
KOR,4,7326,6,202403,14,29.52,4021.6,0.371942620179757,0,0,0,0.0,0.0
KOR,4,7326,6,202404,15,32.42,4397.25,0.371942620179757,0,0,0,0.0,0.0
KOR,4,7326,6,202405,16,27.48,3332.39,0.371942620179757,0,0,0,0.0,0.0
KOR,4,7326,6,202406,17,23.92,4035.14,0.371942620179757,0,0,0,0.0,0.0
KOR,4,7326,6,202407,18,30.42,3743.91,0.371942620179757,0,0,0,0.0,0.0
KOR,4,7326,6,202408,19,25.78,4440.99,0.371942620179757,0,0,0,0.0,0.0
KOR,4,7326,6,202409,20,23.58,4104.14,0.371942620179757,0,0,0,0.0,0.0
KOR,4,7326,6,202410,21,21.36,3966.94,0.371942620179757,0,0,0,0.0,0.0
KOR,4,7326,6,202411,22,23.39,3913.34,0.371942620179757,0,0,0,0.0,0.0
KOR,4,7326,6,202412,23,19.59,3090.84,0.371942620179757,0,0,0,0.0,0.0
KOR,4,7326,6,202501,24,17.78,3260.64,0.371942620179757,0,0,0,0.0,0.0
KOR,4,7326,6,202502,25,15.16,3094.85,0.371942620179757,0,0,0,0.0,0.0
KOR,4,7326,6,202503,26,17.14,2953.37,0.371942620179757,0,0,0,0.0,0.0
KOR,4,7326,6,202504,27,11.28,2134.53,0.371942620179757,0,1,0,0.371942620179757,0.0
KOR,4,7326,6,202505,28,11.56,2550.1,0.371942620179757,0,1,0,0.371942620179757,0.0
KOR,4,7326,6,202506,29,10.74,2010.0,0.371942620179757,0,1,0,0.371942620179757,0.0
KOR,4,7326,6,202507,30,15.59,2931.15,0.371942620179757,0,1,0,0.371942620179757,0.0
KOR,4,7326,6,202508,31,10.85,2531.29,0.371942620179757,0,1,0,0.371942620179757,0.0
KOR,4,7326,6,202509,32,9.02,1977.96,0.371942620179757,0,1,0,0.371942620179757,0.0
KOR,4,7326,6,202510,33,10.94,1903.4,0.371942620179757,0,1,0,0.371942620179757,0.0
KOR,4,7326,6,202511,34,8.23,1473.74,0.371942620179757,0,1,0,0.371942620179757,0.0
KOR,4,7326,6,202512,35,12.04,2163.41,0.371942620179757,0,1,0,0.371942620179757,0.0
KOR,4,8443,7,202301,0,9.7,244.82,0.1675662022525517,0,0,0,0.0,0.0
KOR,4,8443,7,202302,1,6.02,160.51,0.1675662022525517,0,0,0,0.0,0.0
KOR,4,8443,7,202303,2,8.05,175.44,0.1675662022525517,0,0,0,0.0,0.0
KOR,4,8443,7,202304,3,10.55,240.41,0.1675662022525517,0,0,0,0.0,0.0
KOR,4,8443,7,202305,4,9.22,232.47,0.1675662022525517,0,0,0,0.0,0.0
KOR,4,8443,7,202306,5,8.49,213.95,0.1675662022525517,0,0,0,0.0,0.0
KOR,4,8443,7,202307,6,8.04,237.75,0.1675662022525517,0,0,0,0.0,0.0
KOR,4,8443,7,202308,7,6.22,182.51,0.1675662022525517,0,0,0,0.0,0.0
KOR,4,8443,7,202309,8,7.7,190.85,0.1675662022525517,0,0,0,0.0,0.0
KOR,4,8443,7,202310,9,7.5,202.75,0.1675662022525517,0,0,0,0.0,0.0
KOR,4,8443,7,202311,10,10.22,244.38,0.1675662022525517,0,0,0,0.0,0.0
KOR,4,8443,7,202312,11,10.78,269.86,0.1675662022525517,0,0,0,0.0,0.0
KOR,4,8443,7,202401,12,12.3,313.12,0.1675662022525517,0,0,0,0.0,0.0
KOR,4,8443,7,202402,13,8.22,209.05,0.1675662022525517,0,0,0,0.0,0.0
KOR,4,8443,7,202403,14,9.54,240.66,0.1675662022525517,0,0,0,0.0,0.0
KOR,4,8443,7,202404,15,9.66,247.14,0.1675662022525517,0,0,0,0.0,0.0
KOR,4,8443,7,202405,16,8.51,208.14,0.1675662022525517,0,0,0,0.0,0.0
KOR,4,8443,7,202406,17,9.5,218.3,0.1675662022525517,0,0,0,0.0,0.0
KOR,4,8443,7,202407,18,14.34,327.32,0.1675662022525517,0,0,0,0.0,0.0
KOR,4,8443,7,202408,19,16.94,405.68,0.1675662022525517,0,0,0,0.0,0.0
KOR,4,8443,7,202409,20,11.98,276.15,0.1675662022525517,0,0,0,0.0,0.0
KOR,4,8443,7,202410,21,10.29,261.42,0.1675662022525517,0,0,0,0.0,0.0
KOR,4,8443,7,202411,22,7.51,183.85,0.1675662022525517,0,0,0,0.0,0.0
KOR,4,8443,7,202412,23,9.74,226.37,0.1675662022525517,0,0,0,0.0,0.0
KOR,4,8443,7,202501,24,7.21,175.37,0.1675662022525517,0,0,0,0.0,0.0
KOR,4,8443,7,202502,25,7.3,171.48,0.1675662022525517,0,0,0,0.0,0.0
KOR,4,8443,7,202503,26,7.22,155.16,0.1675662022525517,0,0,0,0.0,0.0
KOR,4,8443,7,202504,27,8.69,182.45,0.1675662022525517,0,1,0,0.1675662022525517,0.0
KOR,4,8443,7,202505,28,7.72,161.36,0.1675662022525517,0,1,0,0.1675662022525517,0.0
KOR,4,8443,7,202506,29,6.06,128.65,0.1675662022525517,0,1,0,0.1675662022525517,0.0
KOR,4,8443,7,202507,30,8.91,190.82,0.1675662022525517,0,1,0,0.1675662022525517,0.0
KOR,4,8443,7,202508,31,5.48,121.32,0.1675662022525517,0,1,0,0.1675662022525517,0.0
KOR,4,8443,7,202509,32,6.2,131.18,0.1675662022525517,0,1,0,0.1675662022525517,0.0
KOR,4,8443,7,202510,33,7.69,165.28,0.1675662022525517,0,1,0,0.1675662022525517,0.0
KOR,4,8443,7,202511,34,6.94,150.89,0.1675662022525517,0,1,0,0.1675662022525517,0.0
KOR,4,8443,7,202512,35,9.96,212.84,0.1675662022525517,0,1,0,0.1675662022525517,0.0
KOR,4,8471,8,202301,0,4.18,20.24,0.39643031296790476,0,0,0,0.0,0.0
KOR,4,8471,8,202302,1,8.03,36.02,0.39643031296790476,0,0,0,0.0,0.0
KOR,4,8471,8,202303,2,11.28,58.34,0.39643031296790476,0,0,0,0.0,0.0
KOR,4,8471,8,202304,3,10.14,42.63,0.39643031296790476,0,0,0,0.0,0.0
KOR,4,8471,8,202305,4,8.13,43.07,0.39643031296790476,0,0,0,0.0,0.0
KOR,4,8471,8,202306,5,11.78,46.79,0.39643031296790476,0,0,0,0.0,0.0
KOR,4,8471,8,202307,6,13.25,50.31,0.39643031296790476,0,0,0,0.0,0.0
KOR,4,8471,8,202308,7,7.69,38.96,0.39643031296790476,0,0,0,0.0,0.0
KOR,4,8471,8,202309,8,10.11,45.79,0.39643031296790476,0,0,0,0.0,0.0
KOR,4,8471,8,202310,9,11.44,42.55,0.39643031296790476,0,0,0,0.0,0.0
KOR,4,8471,8,202311,10,19.04,82.79,0.39643031296790476,0,0,0,0.0,0.0
KOR,4,8471,8,202312,11,9.18,43.09,0.39643031296790476,0,0,0,0.0,0.0
KOR,4,8471,8,202401,12,7.5,37.26,0.39643031296790476,0,0,0,0.0,0.0
KOR,4,8471,8,202402,13,10.62,42.35,0.39643031296790476,0,0,0,0.0,0.0
KOR,4,8471,8,202403,14,16.68,67.71,0.39643031296790476,0,0,0,0.0,0.0
KOR,4,8471,8,202404,15,11.51,40.97,0.39643031296790476,0,0,0,0.0,0.0
KOR,4,8471,8,202405,16,9.9,47.55,0.39643031296790476,0,0,0,0.0,0.0
KOR,4,8471,8,202406,17,10.95,49.56,0.39643031296790476,0,0,0,0.0,0.0
KOR,4,8471,8,202407,18,10.85,48.94,0.39643031296790476,0,0,0,0.0,0.0
KOR,4,8471,8,202408,19,13.72,55.69,0.39643031296790476,0,0,0,0.0,0.0
KOR,4,8471,8,202409,20,11.07,50.06,0.39643031296790476,0,0,0,0.0,0.0
KOR,4,8471,8,202410,21,14.91,56.46,0.39643031296790476,0,0,0,0.0,0.0
KOR,4,8471,8,202411,22,18.23,68.21,0.39643031296790476,0,0,0,0.0,0.0
KOR,4,8471,8,202412,23,13.58,57.54,0.39643031296790476,0,0,0,0.0,0.0
KOR,4,8471,8,202501,24,17.95,50.27,0.39643031296790476,0,0,0,0.0,0.0
KOR,4,8471,8,202502,25,17.24,58.22,0.39643031296790476,0,0,0,0.0,0.0
KOR,4,8471,8,202503,26,24.58,81.27,0.39643031296790476,0,0,0,0.0,0.0
KOR,4,8471,8,202504,27,16.25,56.35,0.39643031296790476,0,1,0,0.39643031296790476,0.0
KOR,4,8471,8,202505,28,14.24,56.94,0.39643031296790476,0,1,0,0.39643031296790476,0.0
KOR,4,8471,8,202506,29,38.5,129.15,0.39643031296790476,0,1,0,0.39643031296790476,0.0
KOR,4,8471,8,202507,30,20.59,80.92,0.39643031296790476,0,1,0,0.39643031296790476,0.0
KOR,4,8471,8,202508,31,19.55,65.37,0.39643031296790476,0,1,0,0.39643031296790476,0.0
KOR,4,8471,8,202509,32,13.48,54.75,0.39643031296790476,0,1,0,0.39643031296790476,0.0
KOR,4,8471,8,202510,33,14.84,50.19,0.39643031296790476,0,1,0,0.39643031296790476,0.0
KOR,4,8471,8,202511,34,18.77,71.15,0.39643031296790476,0,1,0,0.39643031296790476,0.0
KOR,4,8471,8,202512,35,19.61,79.16,0.39643031296790476,0,1,0,0.39643031296790476,0.0
KOR,4,8473,9,202301,0,177.14,711.57,0.20922547448162448,0,0,0,0.0,0.0
KOR,4,8473,9,202302,1,172.97,657.0,0.20922547448162448,0,0,0,0.0,0.0
KOR,4,8473,9,202303,2,299.51,1143.65,0.20922547448162448,0,0,0,0.0,0.0
KOR,4,8473,9,202304,3,172.57,698.01,0.20922547448162448,0,0,0,0.0,0.0
KOR,4,8473,9,202305,4,327.38,1299.44,0.20922547448162448,0,0,0,0.0,0.0
KOR,4,8473,9,202306,5,406.96,1546.53,0.20922547448162448,0,0,0,0.0,0.0
KOR,4,8473,9,202307,6,277.07,1111.81,0.20922547448162448,0,0,0,0.0,0.0
KOR,4,8473,9,202308,7,367.77,1522.5,0.20922547448162448,0,0,0,0.0,0.0
KOR,4,8473,9,202309,8,520.51,1985.55,0.20922547448162448,0,0,0,0.0,0.0
KOR,4,8473,9,202310,9,351.47,1358.77,0.20922547448162448,0,0,0,0.0,0.0
KOR,4,8473,9,202311,10,306.47,1220.51,0.20922547448162448,0,0,0,0.0,0.0
KOR,4,8473,9,202312,11,514.43,1985.58,0.20922547448162448,0,0,0,0.0,0.0
KOR,4,8473,9,202401,12,296.82,1195.66,0.20922547448162448,0,0,0,0.0,0.0
KOR,4,8473,9,202402,13,318.16,1282.79,0.20922547448162448,0,0,0,0.0,0.0
KOR,4,8473,9,202403,14,636.72,2505.36,0.20922547448162448,0,0,0,0.0,0.0
KOR,4,8473,9,202404,15,383.66,1517.77,0.20922547448162448,0,0,0,0.0,0.0
KOR,4,8473,9,202405,16,503.37,1962.19,0.20922547448162448,0,0,0,0.0,0.0
KOR,4,8473,9,202406,17,692.4,2715.05,0.20922547448162448,0,0,0,0.0,0.0
KOR,4,8473,9,202407,18,495.3,1896.76,0.20922547448162448,0,0,0,0.0,0.0
KOR,4,8473,9,202408,19,503.29,1942.23,0.20922547448162448,0,0,0,0.0,0.0
KOR,4,8473,9,202409,20,777.92,2915.22,0.20922547448162448,0,0,0,0.0,0.0
KOR,4,8473,9,202410,21,573.87,2173.22,0.20922547448162448,0,0,0,0.0,0.0
KOR,4,8473,9,202411,22,712.12,2683.96,0.20922547448162448,0,0,0,0.0,0.0
KOR,4,8473,9,202412,23,1124.19,4229.16,0.20922547448162448,0,0,0,0.0,0.0
KOR,4,8473,9,202501,24,544.93,2074.06,0.20922547448162448,0,0,0,0.0,0.0
KOR,4,8473,9,202502,25,527.98,1994.1,0.20922547448162448,0,0,0,0.0,0.0
KOR,4,8473,9,202503,26,834.81,3152.63,0.20922547448162448,0,0,0,0.0,0.0
KOR,4,8473,9,202504,27,467.13,1784.29,0.20922547448162448,0,1,0,0.20922547448162448,0.0
KOR,4,8473,9,202505,28,645.59,2433.01,0.20922547448162448,0,1,0,0.20922547448162448,0.0
KOR,4,8473,9,202506,29,972.42,3678.58,0.20922547448162448,0,1,0,0.20922547448162448,0.0
KOR,4,8473,9,202507,30,776.34,2952.05,0.20922547448162448,0,1,0,0.20922547448162448,0.0
KOR,4,8473,9,202508,31,728.75,2956.23,0.20922547448162448,0,1,0,0.20922547448162448,0.0
KOR,4,8473,9,202509,32,937.25,3755.31,0.20922547448162448,0,1,0,0.20922547448162448,0.0
KOR,4,8473,9,202510,33,840.87,3393.87,0.20922547448162448,0,1,0,0.20922547448162448,0.0
KOR,4,8473,9,202511,34,718.49,2880.53,0.20922547448162448,0,1,0,0.20922547448162448,0.0
KOR,4,8473,9,202512,35,1551.56,6167.14,0.20922547448162448,0,1,0,0.20922547448162448,0.0
KOR,4,8504,10,202301,0,122.42,8219.87,0.20349559537261644,0,0,0,0.0,0.0
KOR,4,8504,10,202302,1,78.64,4710.59,0.20349559537261644,0,0,0,0.0,0.0
KOR,4,8504,10,202303,2,97.39,6901.23,0.20349559537261644,0,0,0,0.0,0.0
KOR,4,8504,10,202304,3,100.88,8510.22,0.20349559537261644,0,0,0,0.0,0.0
KOR,4,8504,10,202305,4,91.37,7164.39,0.20349559537261644,0,0,0,0.0,0.0
KOR,4,8504,10,202306,5,89.47,7739.48,0.20349559537261644,0,0,0,0.0,0.0
KOR,4,8504,10,202307,6,126.21,8930.97,0.20349559537261644,0,0,0,0.0,0.0
KOR,4,8504,10,202308,7,88.05,5402.72,0.20349559537261644,0,0,0,0.0,0.0
KOR,4,8504,10,202309,8,109.14,6586.8,0.20349559537261644,0,0,0,0.0,0.0
KOR,4,8504,10,202310,9,145.9,11611.62,0.20349559537261644,0,0,0,0.0,0.0
KOR,4,8504,10,202311,10,119.43,8061.32,0.20349559537261644,0,0,0,0.0,0.0
KOR,4,8504,10,202312,11,122.81,8139.68,0.20349559537261644,0,0,0,0.0,0.0
KOR,4,8504,10,202401,12,110.38,8250.39,0.20349559537261644,0,0,0,0.0,0.0
KOR,4,8504,10,202402,13,167.35,12210.49,0.20349559537261644,0,0,0,0.0,0.0
KOR,4,8504,10,202403,14,161.2,12968.25,0.20349559537261644,0,0,0,0.0,0.0
KOR,4,8504,10,202404,15,146.03,11093.99,0.20349559537261644,0,0,0,0.0,0.0
KOR,4,8504,10,202405,16,136.05,11892.56,0.20349559537261644,0,0,0,0.0,0.0
KOR,4,8504,10,202406,17,178.63,15919.1,0.20349559537261644,0,0,0,0.0,0.0
KOR,4,8504,10,202407,18,185.43,15479.81,0.20349559537261644,0,0,0,0.0,0.0
KOR,4,8504,10,202408,19,153.19,12637.36,0.20349559537261644,0,0,0,0.0,0.0
KOR,4,8504,10,202409,20,136.47,12056.43,0.20349559537261644,0,0,0,0.0,0.0
KOR,4,8504,10,202410,21,124.77,10530.55,0.20349559537261644,0,0,0,0.0,0.0
KOR,4,8504,10,202411,22,161.9,14519.14,0.20349559537261644,0,0,0,0.0,0.0
KOR,4,8504,10,202412,23,173.98,14922.55,0.20349559537261644,0,0,0,0.0,0.0
KOR,4,8504,10,202501,24,212.25,17903.72,0.20349559537261644,0,0,0,0.0,0.0
KOR,4,8504,10,202502,25,153.32,12075.12,0.20349559537261644,0,0,0,0.0,0.0
KOR,4,8504,10,202503,26,175.12,14849.65,0.20349559537261644,0,0,0,0.0,0.0
KOR,4,8504,10,202504,27,207.3,18544.7,0.20349559537261644,0,1,0,0.20349559537261644,0.0
KOR,4,8504,10,202505,28,196.56,17574.73,0.20349559537261644,0,1,0,0.20349559537261644,0.0
KOR,4,8504,10,202506,29,198.5,17218.93,0.20349559537261644,0,1,0,0.20349559537261644,0.0
KOR,4,8504,10,202507,30,238.91,20395.27,0.20349559537261644,0,1,0,0.20349559537261644,0.0
KOR,4,8504,10,202508,31,187.16,17814.03,0.20349559537261644,0,1,0,0.20349559537261644,0.0
KOR,4,8504,10,202509,32,161.89,14997.71,0.20349559537261644,0,1,0,0.20349559537261644,0.0
KOR,4,8504,10,202510,33,193.4,15923.8,0.20349559537261644,0,1,0,0.20349559537261644,0.0
KOR,4,8504,10,202511,34,115.67,9110.92,0.20349559537261644,0,1,0,0.20349559537261644,0.0
KOR,4,8504,10,202512,35,208.92,17976.78,0.20349559537261644,0,1,0,0.20349559537261644,0.0
KOR,4,8516,11,202301,0,17.75,1730.11,0.6255708163552058,0,0,0,0.0,0.0
KOR,4,8516,11,202302,1,15.03,1476.35,0.6255708163552058,0,0,0,0.0,0.0
KOR,4,8516,11,202303,2,24.57,2500.33,0.6255708163552058,0,0,0,0.0,0.0
KOR,4,8516,11,202304,3,26.7,2721.45,0.6255708163552058,0,0,0,0.0,0.0
KOR,4,8516,11,202305,4,25.05,2590.49,0.6255708163552058,0,0,0,0.0,0.0
KOR,4,8516,11,202306,5,23.2,2398.87,0.6255708163552058,0,0,0,0.0,0.0
KOR,4,8516,11,202307,6,23.8,2252.34,0.6255708163552058,0,0,0,0.0,0.0
KOR,4,8516,11,202308,7,19.26,1767.13,0.6255708163552058,0,0,0,0.0,0.0
KOR,4,8516,11,202309,8,19.61,1775.68,0.6255708163552058,0,0,0,0.0,0.0
KOR,4,8516,11,202310,9,20.36,1761.91,0.6255708163552058,0,0,0,0.0,0.0
KOR,4,8516,11,202311,10,26.52,2414.22,0.6255708163552058,0,0,0,0.0,0.0
KOR,4,8516,11,202312,11,17.55,1503.04,0.6255708163552058,0,0,0,0.0,0.0
KOR,4,8516,11,202401,12,22.23,2010.33,0.6255708163552058,0,0,0,0.0,0.0
KOR,4,8516,11,202402,13,20.98,1891.15,0.6255708163552058,0,0,0,0.0,0.0
KOR,4,8516,11,202403,14,38.86,3388.53,0.6255708163552058,0,0,0,0.0,0.0
KOR,4,8516,11,202404,15,29.76,2789.69,0.6255708163552058,0,0,0,0.0,0.0
KOR,4,8516,11,202405,16,26.01,2429.21,0.6255708163552058,0,0,0,0.0,0.0
KOR,4,8516,11,202406,17,27.36,2507.71,0.6255708163552058,0,0,0,0.0,0.0
KOR,4,8516,11,202407,18,28.97,3006.03,0.6255708163552058,0,0,0,0.0,0.0
KOR,4,8516,11,202408,19,24.73,2520.22,0.6255708163552058,0,0,0,0.0,0.0
KOR,4,8516,11,202409,20,21.87,2201.14,0.6255708163552058,0,0,0,0.0,0.0
KOR,4,8516,11,202410,21,26.94,2746.41,0.6255708163552058,0,0,0,0.0,0.0
KOR,4,8516,11,202411,22,27.26,2807.53,0.6255708163552058,0,0,0,0.0,0.0
KOR,4,8516,11,202412,23,31.32,3263.41,0.6255708163552058,0,0,0,0.0,0.0
KOR,4,8516,11,202501,24,27.31,2869.63,0.6255708163552058,0,0,0,0.0,0.0
KOR,4,8516,11,202502,25,26.13,2701.18,0.6255708163552058,0,0,0,0.0,0.0
KOR,4,8516,11,202503,26,34.09,3566.26,0.6255708163552058,0,0,0,0.0,0.0
KOR,4,8516,11,202504,27,33.93,3617.87,0.6255708163552058,0,1,0,0.6255708163552058,0.0
KOR,4,8516,11,202505,28,36.14,3832.68,0.6255708163552058,0,1,0,0.6255708163552058,0.0
KOR,4,8516,11,202506,29,29.66,3150.56,0.6255708163552058,0,1,0,0.6255708163552058,0.0
KOR,4,8516,11,202507,30,23.45,2374.5,0.6255708163552058,0,1,0,0.6255708163552058,0.0
KOR,4,8516,11,202508,31,30.37,3254.49,0.6255708163552058,0,1,0,0.6255708163552058,0.0
KOR,4,8516,11,202509,32,29.12,3054.0,0.6255708163552058,0,1,0,0.6255708163552058,0.0
KOR,4,8516,11,202510,33,25.48,2741.6,0.6255708163552058,0,1,0,0.6255708163552058,0.0
KOR,4,8516,11,202511,34,18.59,1886.54,0.6255708163552058,0,1,0,0.6255708163552058,0.0
KOR,4,8516,11,202512,35,18.19,1768.83,0.6255708163552058,0,1,0,0.6255708163552058,0.0
KOR,4,8517,12,202301,0,161.28,275.0,0.49320772139853813,0,0,0,0.0,0.0
KOR,4,8517,12,202302,1,101.63,183.97,0.49320772139853813,0,0,0,0.0,0.0
KOR,4,8517,12,202303,2,111.3,210.03,0.49320772139853813,0,0,0,0.0,0.0
KOR,4,8517,12,202304,3,158.6,279.76,0.49320772139853813,0,0,0,0.0,0.0
KOR,4,8517,12,202305,4,127.82,236.67,0.49320772139853813,0,0,0,0.0,0.0
KOR,4,8517,12,202306,5,97.94,199.45,0.49320772139853813,0,0,0,0.0,0.0
KOR,4,8517,12,202307,6,129.48,254.0,0.49320772139853813,0,0,0,0.0,0.0
KOR,4,8517,12,202308,7,79.21,155.21,0.49320772139853813,0,0,0,0.0,0.0
KOR,4,8517,12,202309,8,207.44,298.47,0.49320772139853813,0,0,0,0.0,0.0
KOR,4,8517,12,202310,9,155.7,245.74,0.49320772139853813,0,0,0,0.0,0.0
KOR,4,8517,12,202311,10,119.98,210.53,0.49320772139853813,0,0,0,0.0,0.0
KOR,4,8517,12,202312,11,30.66,128.57,0.49320772139853813,0,0,0,0.0,0.0
KOR,4,8517,12,202401,12,34.29,133.45,0.49320772139853813,0,0,0,0.0,0.0
KOR,4,8517,12,202402,13,30.19,105.3,0.49320772139853813,0,0,0,0.0,0.0
KOR,4,8517,12,202403,14,43.18,158.22,0.49320772139853813,0,0,0,0.0,0.0
KOR,4,8517,12,202404,15,33.77,126.41,0.49320772139853813,0,0,0,0.0,0.0
KOR,4,8517,12,202405,16,31.62,123.75,0.49320772139853813,0,0,0,0.0,0.0
KOR,4,8517,12,202406,17,34.64,132.62,0.49320772139853813,0,0,0,0.0,0.0
KOR,4,8517,12,202407,18,35.82,149.62,0.49320772139853813,0,0,0,0.0,0.0
KOR,4,8517,12,202408,19,29.79,140.9,0.49320772139853813,0,0,0,0.0,0.0
KOR,4,8517,12,202409,20,37.85,143.44,0.49320772139853813,0,0,0,0.0,0.0
KOR,4,8517,12,202410,21,33.69,93.21,0.49320772139853813,0,0,0,0.0,0.0
KOR,4,8517,12,202411,22,36.51,126.18,0.49320772139853813,0,0,0,0.0,0.0
KOR,4,8517,12,202412,23,27.77,111.67,0.49320772139853813,0,0,0,0.0,0.0
KOR,4,8517,12,202501,24,38.65,138.05,0.49320772139853813,0,0,0,0.0,0.0
KOR,4,8517,12,202502,25,32.61,105.38,0.49320772139853813,0,0,0,0.0,0.0
KOR,4,8517,12,202503,26,34.33,114.42,0.49320772139853813,0,0,0,0.0,0.0
KOR,4,8517,12,202504,27,49.34,163.06,0.49320772139853813,0,1,0,0.49320772139853813,0.0
KOR,4,8517,12,202505,28,62.97,241.29,0.49320772139853813,0,1,0,0.49320772139853813,0.0
KOR,4,8517,12,202506,29,51.15,233.49,0.49320772139853813,0,1,0,0.49320772139853813,0.0
KOR,4,8517,12,202507,30,37.55,101.45,0.49320772139853813,0,1,0,0.49320772139853813,0.0
KOR,4,8517,12,202508,31,39.9,113.77,0.49320772139853813,0,1,0,0.49320772139853813,0.0
KOR,4,8517,12,202509,32,30.27,84.35,0.49320772139853813,0,1,0,0.49320772139853813,0.0
KOR,4,8517,12,202510,33,30.32,87.0,0.49320772139853813,0,1,0,0.49320772139853813,0.0
KOR,4,8517,12,202511,34,35.81,96.31,0.49320772139853813,0,1,0,0.49320772139853813,0.0
KOR,4,8517,12,202512,35,44.6,110.38,0.49320772139853813,0,1,0,0.49320772139853813,0.0
KOR,4,8528,13,202301,0,24.63,449.66,0.3347814968181058,0,0,0,0.0,0.0
KOR,4,8528,13,202302,1,18.27,300.26,0.3347814968181058,0,0,0,0.0,0.0
KOR,4,8528,13,202303,2,25.87,477.68,0.3347814968181058,0,0,0,0.0,0.0
KOR,4,8528,13,202304,3,31.0,580.62,0.3347814968181058,0,0,0,0.0,0.0
KOR,4,8528,13,202305,4,27.53,421.34,0.3347814968181058,0,0,0,0.0,0.0
KOR,4,8528,13,202306,5,28.31,454.78,0.3347814968181058,0,0,0,0.0,0.0
KOR,4,8528,13,202307,6,36.83,514.12,0.3347814968181058,0,0,0,0.0,0.0
KOR,4,8528,13,202308,7,33.82,542.64,0.3347814968181058,0,0,0,0.0,0.0
KOR,4,8528,13,202309,8,32.1,506.08,0.3347814968181058,0,0,0,0.0,0.0
KOR,4,8528,13,202310,9,33.53,496.03,0.3347814968181058,0,0,0,0.0,0.0
KOR,4,8528,13,202311,10,30.84,550.36,0.3347814968181058,0,0,0,0.0,0.0
KOR,4,8528,13,202312,11,32.46,554.22,0.3347814968181058,0,0,0,0.0,0.0
KOR,4,8528,13,202401,12,38.93,590.06,0.3347814968181058,0,0,0,0.0,0.0
KOR,4,8528,13,202402,13,39.85,610.1,0.3347814968181058,0,0,0,0.0,0.0
KOR,4,8528,13,202403,14,45.77,678.3,0.3347814968181058,0,0,0,0.0,0.0
KOR,4,8528,13,202404,15,38.34,487.19,0.3347814968181058,0,0,0,0.0,0.0
KOR,4,8528,13,202405,16,38.92,534.24,0.3347814968181058,0,0,0,0.0,0.0
KOR,4,8528,13,202406,17,27.84,346.59,0.3347814968181058,0,0,0,0.0,0.0
KOR,4,8528,13,202407,18,36.43,589.32,0.3347814968181058,0,0,0,0.0,0.0
KOR,4,8528,13,202408,19,25.95,513.36,0.3347814968181058,0,0,0,0.0,0.0
KOR,4,8528,13,202409,20,47.32,772.76,0.3347814968181058,0,0,0,0.0,0.0
KOR,4,8528,13,202410,21,31.3,522.42,0.3347814968181058,0,0,0,0.0,0.0
KOR,4,8528,13,202411,22,41.21,710.69,0.3347814968181058,0,0,0,0.0,0.0
KOR,4,8528,13,202412,23,41.08,746.77,0.3347814968181058,0,0,0,0.0,0.0
KOR,4,8528,13,202501,24,25.44,498.39,0.3347814968181058,0,0,0,0.0,0.0
KOR,4,8528,13,202502,25,41.87,753.2,0.3347814968181058,0,0,0,0.0,0.0
KOR,4,8528,13,202503,26,51.52,989.01,0.3347814968181058,0,0,0,0.0,0.0
KOR,4,8528,13,202504,27,51.67,961.39,0.3347814968181058,0,1,0,0.3347814968181058,0.0
KOR,4,8528,13,202505,28,58.05,1042.59,0.3347814968181058,0,1,0,0.3347814968181058,0.0
KOR,4,8528,13,202506,29,55.8,1121.32,0.3347814968181058,0,1,0,0.3347814968181058,0.0
KOR,4,8528,13,202507,30,63.68,1170.86,0.3347814968181058,0,1,0,0.3347814968181058,0.0
KOR,4,8528,13,202508,31,58.1,1047.54,0.3347814968181058,0,1,0,0.3347814968181058,0.0
KOR,4,8528,13,202509,32,42.75,697.03,0.3347814968181058,0,1,0,0.3347814968181058,0.0
KOR,4,8528,13,202510,33,45.2,739.54,0.3347814968181058,0,1,0,0.3347814968181058,0.0
KOR,4,8528,13,202511,34,39.1,641.6,0.3347814968181058,0,1,0,0.3347814968181058,0.0
KOR,4,8528,13,202512,35,58.14,1042.69,0.3347814968181058,0,1,0,0.3347814968181058,0.0
KOR,4,8541,14,202301,0,200.61,32662.86,0.03397421317087017,0,0,0,0.0,0.0
KOR,4,8541,14,202302,1,163.37,26447.04,0.03397421317087017,0,0,0,0.0,0.0
KOR,4,8541,14,202303,2,163.77,25920.73,0.03397421317087017,0,0,0,0.0,0.0
KOR,4,8541,14,202304,3,103.17,15870.42,0.03397421317087017,0,0,0,0.0,0.0
KOR,4,8541,14,202305,4,86.65,12934.75,0.03397421317087017,0,0,0,0.0,0.0
KOR,4,8541,14,202306,5,139.47,20824.65,0.03397421317087017,0,0,0,0.0,0.0
KOR,4,8541,14,202307,6,123.12,18042.15,0.03397421317087017,0,0,0,0.0,0.0
KOR,4,8541,14,202308,7,149.81,22158.64,0.03397421317087017,0,0,0,0.0,0.0
KOR,4,8541,14,202309,8,104.0,13361.21,0.03397421317087017,0,0,0,0.0,0.0
KOR,4,8541,14,202310,9,88.6,10300.77,0.03397421317087017,0,0,0,0.0,0.0
KOR,4,8541,14,202311,10,78.08,5680.05,0.03397421317087017,0,0,0,0.0,0.0
KOR,4,8541,14,202312,11,77.3,5980.09,0.03397421317087017,0,0,0,0.0,0.0
KOR,4,8541,14,202401,12,57.48,7156.07,0.03397421317087017,0,0,0,0.0,0.0
KOR,4,8541,14,202402,13,74.42,4493.83,0.03397421317087017,0,0,0,0.0,0.0
KOR,4,8541,14,202403,14,72.45,2329.72,0.03397421317087017,0,0,0,0.0,0.0
KOR,4,8541,14,202404,15,55.02,1224.67,0.03397421317087017,0,0,0,0.0,0.0
KOR,4,8541,14,202405,16,93.24,1304.94,0.03397421317087017,0,0,0,0.0,0.0
KOR,4,8541,14,202406,17,62.78,919.13,0.03397421317087017,0,0,0,0.0,0.0
KOR,4,8541,14,202407,18,74.15,4961.97,0.03397421317087017,0,0,0,0.0,0.0
KOR,4,8541,14,202408,19,60.91,6284.46,0.03397421317087017,0,0,0,0.0,0.0
KOR,4,8541,14,202409,20,55.71,4346.3,0.03397421317087017,0,0,0,0.0,0.0
KOR,4,8541,14,202410,21,60.25,1291.65,0.03397421317087017,0,0,0,0.0,0.0
KOR,4,8541,14,202411,22,76.15,1603.43,0.03397421317087017,0,0,0,0.0,0.0
KOR,4,8541,14,202412,23,85.92,1416.34,0.03397421317087017,0,0,0,0.0,0.0
KOR,4,8541,14,202501,24,17.92,255.93,0.03397421317087017,0,0,0,0.0,0.0
KOR,4,8541,14,202502,25,82.95,1648.87,0.03397421317087017,0,0,0,0.0,0.0
KOR,4,8541,14,202503,26,54.08,900.36,0.03397421317087017,0,0,0,0.0,0.0
KOR,4,8541,14,202504,27,73.32,1358.87,0.03397421317087017,0,1,0,0.03397421317087017,0.0
KOR,4,8541,14,202505,28,70.17,1358.92,0.03397421317087017,0,1,0,0.03397421317087017,0.0
KOR,4,8541,14,202506,29,33.14,1908.35,0.03397421317087017,0,1,0,0.03397421317087017,0.0
KOR,4,8541,14,202507,30,18.6,1411.9,0.03397421317087017,0,1,0,0.03397421317087017,0.0
KOR,4,8541,14,202508,31,8.05,92.09,0.03397421317087017,0,1,0,0.03397421317087017,0.0
KOR,4,8541,14,202509,32,17.38,2998.3,0.03397421317087017,0,1,0,0.03397421317087017,0.0
KOR,4,8541,14,202510,33,7.04,938.32,0.03397421317087017,0,1,0,0.03397421317087017,0.0
KOR,4,8541,14,202511,34,165.79,8055.97,0.03397421317087017,0,1,0,0.03397421317087017,0.0
KOR,4,8541,14,202512,35,16.61,3710.91,0.03397421317087017,0,1,0,0.03397421317087017,0.0
KOR,4,8544,15,202301,0,97.23,8990.93,0.13566753252605626,0,0,0,0.0,0.0
KOR,4,8544,15,202302,1,69.55,7100.7,0.13566753252605626,0,0,0,0.0,0.0
KOR,4,8544,15,202303,2,76.04,8224.3,0.13566753252605626,0,0,0,0.0,0.0
KOR,4,8544,15,202304,3,71.11,7396.59,0.13566753252605626,0,0,0,0.0,0.0
KOR,4,8544,15,202305,4,54.06,5636.16,0.13566753252605626,0,0,0,0.0,0.0
KOR,4,8544,15,202306,5,73.69,8564.54,0.13566753252605626,0,0,0,0.0,0.0
KOR,4,8544,15,202307,6,65.19,6462.05,0.13566753252605626,0,0,0,0.0,0.0
KOR,4,8544,15,202308,7,47.71,3776.82,0.13566753252605626,0,0,0,0.0,0.0
KOR,4,8544,15,202309,8,51.32,4585.51,0.13566753252605626,0,0,0,0.0,0.0
KOR,4,8544,15,202310,9,63.04,6578.86,0.13566753252605626,0,0,0,0.0,0.0
KOR,4,8544,15,202311,10,88.29,6412.21,0.13566753252605626,0,0,0,0.0,0.0
KOR,4,8544,15,202312,11,52.92,6707.08,0.13566753252605626,0,0,0,0.0,0.0
KOR,4,8544,15,202401,12,78.29,6854.31,0.13566753252605626,0,0,0,0.0,0.0
KOR,4,8544,15,202402,13,51.97,4801.07,0.13566753252605626,0,0,0,0.0,0.0
KOR,4,8544,15,202403,14,79.67,8282.03,0.13566753252605626,0,0,0,0.0,0.0
KOR,4,8544,15,202404,15,60.73,6891.38,0.13566753252605626,0,0,0,0.0,0.0
KOR,4,8544,15,202405,16,73.89,8151.29,0.13566753252605626,0,0,0,0.0,0.0
KOR,4,8544,15,202406,17,74.06,7087.89,0.13566753252605626,0,0,0,0.0,0.0
KOR,4,8544,15,202407,18,89.62,8500.97,0.13566753252605626,0,0,0,0.0,0.0
KOR,4,8544,15,202408,19,63.99,7170.23,0.13566753252605626,0,0,0,0.0,0.0
KOR,4,8544,15,202409,20,64.4,5897.99,0.13566753252605626,0,0,0,0.0,0.0
KOR,4,8544,15,202410,21,68.19,6337.25,0.13566753252605626,0,0,0,0.0,0.0
KOR,4,8544,15,202411,22,65.04,7015.06,0.13566753252605626,0,0,0,0.0,0.0
KOR,4,8544,15,202412,23,85.28,8492.19,0.13566753252605626,0,0,0,0.0,0.0
KOR,4,8544,15,202501,24,72.28,7747.61,0.13566753252605626,0,0,0,0.0,0.0
KOR,4,8544,15,202502,25,55.26,5958.49,0.13566753252605626,0,0,0,0.0,0.0
KOR,4,8544,15,202503,26,80.33,8113.26,0.13566753252605626,0,0,0,0.0,0.0
KOR,4,8544,15,202504,27,82.37,8766.94,0.13566753252605626,0,1,0,0.13566753252605626,0.0
KOR,4,8544,15,202505,28,101.19,10133.89,0.13566753252605626,0,1,0,0.13566753252605626,0.0
KOR,4,8544,15,202506,29,96.28,10552.87,0.13566753252605626,0,1,0,0.13566753252605626,0.0
KOR,4,8544,15,202507,30,104.81,12211.59,0.13566753252605626,0,1,0,0.13566753252605626,0.0
KOR,4,8544,15,202508,31,108.42,12416.56,0.13566753252605626,0,1,0,0.13566753252605626,0.0
KOR,4,8544,15,202509,32,82.8,9951.97,0.13566753252605626,0,1,0,0.13566753252605626,0.0
KOR,4,8544,15,202510,33,82.88,10955.34,0.13566753252605626,0,1,0,0.13566753252605626,0.0
KOR,4,8544,15,202511,34,70.61,8322.48,0.13566753252605626,0,1,0,0.13566753252605626,0.0
KOR,4,8544,15,202512,35,110.86,13213.28,0.13566753252605626,0,1,0,0.13566753252605626,0.0
KOR,4,9401,16,202301,0,23.57,1985.68,0.33783279157026774,0,0,0,0.0,0.0
KOR,4,9401,16,202302,1,18.27,1539.56,0.33783279157026774,0,0,0,0.0,0.0
KOR,4,9401,16,202303,2,22.21,1872.69,0.33783279157026774,0,0,0,0.0,0.0
KOR,4,9401,16,202304,3,26.26,2176.89,0.33783279157026774,0,0,0,0.0,0.0
KOR,4,9401,16,202305,4,19.58,1641.35,0.33783279157026774,0,0,0,0.0,0.0
KOR,4,9401,16,202306,5,21.11,1774.16,0.33783279157026774,0,0,0,0.0,0.0
KOR,4,9401,16,202307,6,27.54,2137.25,0.33783279157026774,0,0,0,0.0,0.0
KOR,4,9401,16,202308,7,22.0,1711.07,0.33783279157026774,0,0,0,0.0,0.0
KOR,4,9401,16,202309,8,24.11,1874.46,0.33783279157026774,0,0,0,0.0,0.0
KOR,4,9401,16,202310,9,24.33,1897.59,0.33783279157026774,0,0,0,0.0,0.0
KOR,4,9401,16,202311,10,25.25,1962.2,0.33783279157026774,0,0,0,0.0,0.0
KOR,4,9401,16,202312,11,26.84,2132.42,0.33783279157026774,0,0,0,0.0,0.0
KOR,4,9401,16,202401,12,23.15,1854.97,0.33783279157026774,0,0,0,0.0,0.0
KOR,4,9401,16,202402,13,21.7,1744.33,0.33783279157026774,0,0,0,0.0,0.0
KOR,4,9401,16,202403,14,24.92,2002.85,0.33783279157026774,0,0,0,0.0,0.0
KOR,4,9401,16,202404,15,24.95,1991.5,0.33783279157026774,0,0,0,0.0,0.0
KOR,4,9401,16,202405,16,24.42,1972.77,0.33783279157026774,0,0,0,0.0,0.0
KOR,4,9401,16,202406,17,22.86,1842.82,0.33783279157026774,0,0,0,0.0,0.0
KOR,4,9401,16,202407,18,24.41,1839.61,0.33783279157026774,0,0,0,0.0,0.0
KOR,4,9401,16,202408,19,25.41,1907.37,0.33783279157026774,0,0,0,0.0,0.0
KOR,4,9401,16,202409,20,25.14,1885.0,0.33783279157026774,0,0,0,0.0,0.0
KOR,4,9401,16,202410,21,28.45,2112.52,0.33783279157026774,0,0,0,0.0,0.0
KOR,4,9401,16,202411,22,23.47,1773.27,0.33783279157026774,0,0,0,0.0,0.0
KOR,4,9401,16,202412,23,23.24,1746.86,0.33783279157026774,0,0,0,0.0,0.0
KOR,4,9401,16,202501,24,24.92,1887.18,0.33783279157026774,0,0,0,0.0,0.0
KOR,4,9401,16,202502,25,19.89,1531.26,0.33783279157026774,0,0,0,0.0,0.0
KOR,4,9401,16,202503,26,30.2,2272.0,0.33783279157026774,0,0,0,0.0,0.0
KOR,4,9401,16,202504,27,32.11,2423.1,0.33783279157026774,0,1,0,0.33783279157026774,0.0
KOR,4,9401,16,202505,28,34.38,2614.86,0.33783279157026774,0,1,0,0.33783279157026774,0.0
KOR,4,9401,16,202506,29,23.48,1803.06,0.33783279157026774,0,1,0,0.33783279157026774,0.0
KOR,4,9401,16,202507,30,28.69,2161.63,0.33783279157026774,0,1,0,0.33783279157026774,0.0
KOR,4,9401,16,202508,31,29.9,2092.52,0.33783279157026774,0,1,0,0.33783279157026774,0.0
KOR,4,9401,16,202509,32,24.74,1742.16,0.33783279157026774,0,1,0,0.33783279157026774,0.0
KOR,4,9401,16,202510,33,26.05,1818.61,0.33783279157026774,0,1,0,0.33783279157026774,0.0
KOR,4,9401,16,202511,34,20.87,1457.63,0.33783279157026774,0,1,0,0.33783279157026774,0.0
KOR,4,9401,16,202512,35,35.06,2403.06,0.33783279157026774,0,1,0,0.33783279157026774,0.0
KOR,4,9403,17,202301,0,6.04,1184.23,0.32987861426539994,0,0,0,0.0,0.0
KOR,4,9403,17,202302,1,6.44,1230.18,0.32987861426539994,0,0,0,0.0,0.0
KOR,4,9403,17,202303,2,6.11,1073.31,0.32987861426539994,0,0,0,0.0,0.0
KOR,4,9403,17,202304,3,7.14,1345.09,0.32987861426539994,0,0,0,0.0,0.0
KOR,4,9403,17,202305,4,9.88,1775.36,0.32987861426539994,0,0,0,0.0,0.0
KOR,4,9403,17,202306,5,9.47,1730.73,0.32987861426539994,0,0,0,0.0,0.0
KOR,4,9403,17,202307,6,7.92,1361.93,0.32987861426539994,0,0,0,0.0,0.0
KOR,4,9403,17,202308,7,5.91,1059.54,0.32987861426539994,0,0,0,0.0,0.0
KOR,4,9403,17,202309,8,7.19,1288.63,0.32987861426539994,0,0,0,0.0,0.0
KOR,4,9403,17,202310,9,7.73,1384.61,0.32987861426539994,0,0,0,0.0,0.0
KOR,4,9403,17,202311,10,9.62,1649.75,0.32987861426539994,0,0,0,0.0,0.0
KOR,4,9403,17,202312,11,9.25,1605.53,0.32987861426539994,0,0,0,0.0,0.0
KOR,4,9403,17,202401,12,8.27,1521.19,0.32987861426539994,0,0,0,0.0,0.0
KOR,4,9403,17,202402,13,7.95,1382.36,0.32987861426539994,0,0,0,0.0,0.0
KOR,4,9403,17,202403,14,12.07,2077.29,0.32987861426539994,0,0,0,0.0,0.0
KOR,4,9403,17,202404,15,13.6,2416.53,0.32987861426539994,0,0,0,0.0,0.0
KOR,4,9403,17,202405,16,9.22,1655.71,0.32987861426539994,0,0,0,0.0,0.0
KOR,4,9403,17,202406,17,11.93,2087.57,0.32987861426539994,0,0,0,0.0,0.0
KOR,4,9403,17,202407,18,8.9,1722.33,0.32987861426539994,0,0,0,0.0,0.0
KOR,4,9403,17,202408,19,10.71,2086.29,0.32987861426539994,0,0,0,0.0,0.0
KOR,4,9403,17,202409,20,9.27,1781.26,0.32987861426539994,0,0,0,0.0,0.0
KOR,4,9403,17,202410,21,8.24,1650.46,0.32987861426539994,0,0,0,0.0,0.0
KOR,4,9403,17,202411,22,9.52,1865.85,0.32987861426539994,0,0,0,0.0,0.0
KOR,4,9403,17,202412,23,12.07,2350.65,0.32987861426539994,0,0,0,0.0,0.0
KOR,4,9403,17,202501,24,11.96,2269.03,0.32987861426539994,0,0,0,0.0,0.0
KOR,4,9403,17,202502,25,8.45,1625.65,0.32987861426539994,0,0,0,0.0,0.0
KOR,4,9403,17,202503,26,9.87,2001.77,0.32987861426539994,0,0,0,0.0,0.0
KOR,4,9403,17,202504,27,11.38,2248.76,0.32987861426539994,0,1,0,0.32987861426539994,0.0
KOR,4,9403,17,202505,28,12.4,2466.67,0.32987861426539994,0,1,0,0.32987861426539994,0.0
KOR,4,9403,17,202506,29,8.9,1775.22,0.32987861426539994,0,1,0,0.32987861426539994,0.0
KOR,4,9403,17,202507,30,9.38,1982.58,0.32987861426539994,0,1,0,0.32987861426539994,0.0
KOR,4,9403,17,202508,31,9.41,1941.1,0.32987861426539994,0,1,0,0.32987861426539994,0.0
KOR,4,9403,17,202509,32,8.6,1848.39,0.32987861426539994,0,1,0,0.32987861426539994,0.0
KOR,4,9403,17,202510,33,8.0,1777.55,0.32987861426539994,0,1,0,0.32987861426539994,0.0
KOR,4,9403,17,202511,34,8.55,1845.71,0.32987861426539994,0,1,0,0.32987861426539994,0.0
KOR,4,9403,17,202512,35,7.88,1797.99,0.32987861426539994,0,1,0,0.32987861426539994,0.0
KOR,4,9405,18,202301,0,2.52,132.08,0.5216145392002935,0,0,0,0.0,0.0
KOR,4,9405,18,202302,1,1.92,89.05,0.5216145392002935,0,0,0,0.0,0.0
KOR,4,9405,18,202303,2,2.62,146.27,0.5216145392002935,0,0,0,0.0,0.0
KOR,4,9405,18,202304,3,5.15,222.88,0.5216145392002935,0,0,0,0.0,0.0
KOR,4,9405,18,202305,4,3.56,196.27,0.5216145392002935,0,0,0,0.0,0.0
KOR,4,9405,18,202306,5,4.6,203.64,0.5216145392002935,0,0,0,0.0,0.0
KOR,4,9405,18,202307,6,2.72,132.85,0.5216145392002935,0,0,0,0.0,0.0
KOR,4,9405,18,202308,7,3.51,168.43,0.5216145392002935,0,0,0,0.0,0.0
KOR,4,9405,18,202309,8,4.19,171.19,0.5216145392002935,0,0,0,0.0,0.0
KOR,4,9405,18,202310,9,3.74,156.9,0.5216145392002935,0,0,0,0.0,0.0
KOR,4,9405,18,202311,10,4.18,178.88,0.5216145392002935,0,0,0,0.0,0.0
KOR,4,9405,18,202312,11,4.61,184.54,0.5216145392002935,0,0,0,0.0,0.0
KOR,4,9405,18,202401,12,3.67,144.79,0.5216145392002935,0,0,0,0.0,0.0
KOR,4,9405,18,202402,13,3.06,124.69,0.5216145392002935,0,0,0,0.0,0.0
KOR,4,9405,18,202403,14,3.67,180.5,0.5216145392002935,0,0,0,0.0,0.0
KOR,4,9405,18,202404,15,3.79,169.12,0.5216145392002935,0,0,0,0.0,0.0
KOR,4,9405,18,202405,16,3.6,158.08,0.5216145392002935,0,0,0,0.0,0.0
KOR,4,9405,18,202406,17,3.7,133.26,0.5216145392002935,0,0,0,0.0,0.0
KOR,4,9405,18,202407,18,3.8,201.79,0.5216145392002935,0,0,0,0.0,0.0
KOR,4,9405,18,202408,19,2.98,281.22,0.5216145392002935,0,0,0,0.0,0.0
KOR,4,9405,18,202409,20,2.55,131.44,0.5216145392002935,0,0,0,0.0,0.0
KOR,4,9405,18,202410,21,3.18,164.71,0.5216145392002935,0,0,0,0.0,0.0
KOR,4,9405,18,202411,22,3.44,177.5,0.5216145392002935,0,0,0,0.0,0.0
KOR,4,9405,18,202412,23,3.06,175.95,0.5216145392002935,0,0,0,0.0,0.0
KOR,4,9405,18,202501,24,2.21,113.5,0.5216145392002935,0,0,0,0.0,0.0
KOR,4,9405,18,202502,25,2.33,135.26,0.5216145392002935,0,0,0,0.0,0.0
KOR,4,9405,18,202503,26,2.38,145.36,0.5216145392002935,0,0,0,0.0,0.0
KOR,4,9405,18,202504,27,2.57,141.2,0.5216145392002935,0,1,0,0.5216145392002935,0.0
KOR,4,9405,18,202505,28,2.18,93.87,0.5216145392002935,0,1,0,0.5216145392002935,0.0
KOR,4,9405,18,202506,29,2.96,130.0,0.5216145392002935,0,1,0,0.5216145392002935,0.0
KOR,4,9405,18,202507,30,2.34,101.64,0.5216145392002935,0,1,0,0.5216145392002935,0.0
KOR,4,9405,18,202508,31,2.25,107.92,0.5216145392002935,0,1,0,0.5216145392002935,0.0
KOR,4,9405,18,202509,32,1.44,75.65,0.5216145392002935,0,1,0,0.5216145392002935,0.0
KOR,4,9405,18,202510,33,1.72,115.15,0.5216145392002935,0,1,0,0.5216145392002935,0.0
KOR,4,9405,18,202511,34,1.52,86.36,0.5216145392002935,0,1,0,0.5216145392002935,0.0
KOR,4,9405,18,202512,35,2.09,89.19,0.5216145392002935,0,1,0,0.5216145392002935,0.0
KOR,4,9503,19,202301,0,1.43,94.39,0.8174924032568407,0,0,0,0.0,0.0
KOR,4,9503,19,202302,1,0.78,51.74,0.8174924032568407,0,0,0,0.0,0.0
KOR,4,9503,19,202303,2,1.92,126.59,0.8174924032568407,0,0,0,0.0,0.0
KOR,4,9503,19,202304,3,1.1,72.67,0.8174924032568407,0,0,0,0.0,0.0
KOR,4,9503,19,202305,4,0.69,45.74,0.8174924032568407,0,0,0,0.0,0.0
KOR,4,9503,19,202306,5,0.98,64.89,0.8174924032568407,0,0,0,0.0,0.0
KOR,4,9503,19,202307,6,1.53,96.57,0.8174924032568407,0,0,0,0.0,0.0
KOR,4,9503,19,202308,7,1.16,73.15,0.8174924032568407,0,0,0,0.0,0.0
KOR,4,9503,19,202309,8,1.07,67.47,0.8174924032568407,0,0,0,0.0,0.0
KOR,4,9503,19,202310,9,1.16,73.01,0.8174924032568407,0,0,0,0.0,0.0
KOR,4,9503,19,202311,10,0.49,30.62,0.8174924032568407,0,0,0,0.0,0.0
KOR,4,9503,19,202312,11,1.83,115.88,0.8174924032568407,0,0,0,0.0,0.0
KOR,4,9503,19,202401,12,1.89,119.66,0.8174924032568407,0,0,0,0.0,0.0
KOR,4,9503,19,202402,13,0.77,48.64,0.8174924032568407,0,0,0,0.0,0.0
KOR,4,9503,19,202403,14,0.78,49.66,0.8174924032568407,0,0,0,0.0,0.0
KOR,4,9503,19,202404,15,1.56,98.81,0.8174924032568407,0,0,0,0.0,0.0
KOR,4,9503,19,202405,16,1.51,95.45,0.8174924032568407,0,0,0,0.0,0.0
KOR,4,9503,19,202406,17,0.81,51.26,0.8174924032568407,0,0,0,0.0,0.0
KOR,4,9503,19,202407,18,1.01,66.21,0.8174924032568407,0,0,0,0.0,0.0
KOR,4,9503,19,202408,19,1.47,96.08,0.8174924032568407,0,0,0,0.0,0.0
KOR,4,9503,19,202409,20,1.49,97.56,0.8174924032568407,0,0,0,0.0,0.0
KOR,4,9503,19,202410,21,1.06,69.62,0.8174924032568407,0,0,0,0.0,0.0
KOR,4,9503,19,202411,22,1.94,126.81,0.8174924032568407,0,0,0,0.0,0.0
KOR,4,9503,19,202412,23,0.91,59.51,0.8174924032568407,0,0,0,0.0,0.0
KOR,4,9503,19,202501,24,0.98,64.39,0.8174924032568407,0,0,0,0.0,0.0
KOR,4,9503,19,202502,25,1.3,85.0,0.8174924032568407,0,0,0,0.0,0.0
KOR,4,9503,19,202503,26,0.88,57.44,0.8174924032568407,0,0,0,0.0,0.0
KOR,4,9503,19,202504,27,1.22,80.12,0.8174924032568407,0,1,0,0.8174924032568407,0.0
KOR,4,9503,19,202505,28,1.02,66.82,0.8174924032568407,0,1,0,0.8174924032568407,0.0
KOR,4,9503,19,202506,29,0.91,59.42,0.8174924032568407,0,1,0,0.8174924032568407,0.0
KOR,4,9503,19,202507,30,0.69,45.26,0.8174924032568407,0,1,0,0.8174924032568407,0.0
KOR,4,9503,19,202508,31,0.8,52.67,0.8174924032568407,0,1,0,0.8174924032568407,0.0
KOR,4,9503,19,202509,32,0.36,23.48,0.8174924032568407,0,1,0,0.8174924032568407,0.0
KOR,4,9503,19,202510,33,1.43,93.89,0.8174924032568407,0,1,0,0.8174924032568407,0.0
KOR,4,9503,19,202511,34,0.91,59.57,0.8174924032568407,0,1,0,0.8174924032568407,0.0
KOR,4,9503,19,202512,35,1.37,90.42,0.8174924032568407,0,1,0,0.8174924032568407,0.0
MEX,5,3926,0,202301,0,152.37,17773.34,0.592931327318276,0,0,0,0.0,0.0
MEX,5,3926,0,202302,1,144.34,15831.51,0.592931327318276,0,0,0,0.0,0.0
MEX,5,3926,0,202303,2,172.27,20382.69,0.592931327318276,0,0,0,0.0,0.0
MEX,5,3926,0,202304,3,151.51,18946.58,0.592931327318276,0,0,0,0.0,0.0
MEX,5,3926,0,202305,4,170.58,23312.56,0.592931327318276,0,0,0,0.0,0.0
MEX,5,3926,0,202306,5,164.91,19469.22,0.592931327318276,0,0,0,0.0,0.0
MEX,5,3926,0,202307,6,158.36,19875.33,0.592931327318276,0,0,0,0.0,0.0
MEX,5,3926,0,202308,7,177.02,22985.72,0.592931327318276,0,0,0,0.0,0.0
MEX,5,3926,0,202309,8,160.43,18914.74,0.592931327318276,0,0,0,0.0,0.0
MEX,5,3926,0,202310,9,173.29,19721.52,0.592931327318276,0,0,0,0.0,0.0
MEX,5,3926,0,202311,10,162.26,19308.05,0.592931327318276,0,0,0,0.0,0.0
MEX,5,3926,0,202312,11,139.27,17454.45,0.592931327318276,0,0,0,0.0,0.0
MEX,5,3926,0,202401,12,153.51,20454.35,0.592931327318276,0,0,0,0.0,0.0
MEX,5,3926,0,202402,13,170.01,21879.81,0.592931327318276,0,0,0,0.0,0.0
MEX,5,3926,0,202403,14,167.49,21186.86,0.592931327318276,0,0,0,0.0,0.0
MEX,5,3926,0,202404,15,171.51,10937.69,0.592931327318276,0,0,0,0.0,0.0
MEX,5,3926,0,202405,16,175.37,10947.17,0.592931327318276,0,0,0,0.0,0.0
MEX,5,3926,0,202406,17,161.63,9718.33,0.592931327318276,0,0,0,0.0,0.0
MEX,5,3926,0,202407,18,181.11,11610.73,0.592931327318276,0,0,0,0.0,0.0
MEX,5,3926,0,202408,19,184.36,11959.34,0.592931327318276,0,0,0,0.0,0.0
MEX,5,3926,0,202409,20,174.94,11317.97,0.592931327318276,0,0,0,0.0,0.0
MEX,5,3926,0,202410,21,191.29,11426.81,0.592931327318276,0,0,0,0.0,0.0
MEX,5,3926,0,202411,22,176.24,10594.7,0.592931327318276,0,0,0,0.0,0.0
MEX,5,3926,0,202412,23,148.77,9517.95,0.592931327318276,0,0,0,0.0,0.0
MEX,5,3926,0,202501,24,163.16,10733.73,0.592931327318276,0,0,0,0.0,0.0
MEX,5,3926,0,202502,25,166.65,11891.47,0.592931327318276,0,0,0,0.0,0.0
MEX,5,3926,0,202503,26,181.66,13008.36,0.592931327318276,0,0,0,0.0,0.0
MEX,5,3926,0,202504,27,184.2,12362.15,0.592931327318276,0,1,0,0.592931327318276,0.0
MEX,5,3926,0,202505,28,192.16,13036.47,0.592931327318276,0,1,0,0.592931327318276,0.0
MEX,5,3926,0,202506,29,183.59,12314.64,0.592931327318276,0,1,0,0.592931327318276,0.0
MEX,5,3926,0,202507,30,203.3,13317.62,0.592931327318276,0,1,0,0.592931327318276,0.0
MEX,5,3926,0,202508,31,202.99,26590.18,0.592931327318276,0,1,0,0.592931327318276,0.0
MEX,5,3926,0,202509,32,228.48,25609.17,0.592931327318276,0,1,0,0.592931327318276,0.0
MEX,5,3926,0,202510,33,254.21,26921.86,0.592931327318276,0,1,0,0.592931327318276,0.0
MEX,5,3926,0,202511,34,224.61,14690.24,0.592931327318276,0,1,0,0.592931327318276,0.0
MEX,5,3926,0,202512,35,187.9,12310.91,0.592931327318276,0,1,0,0.592931327318276,0.0
MEX,5,4202,1,202301,0,21.35,1005.44,0.5082599842937704,0,0,0,0.0,0.0
MEX,5,4202,1,202302,1,19.5,957.85,0.5082599842937704,0,0,0,0.0,0.0
MEX,5,4202,1,202303,2,24.26,1194.16,0.5082599842937704,0,0,0,0.0,0.0
MEX,5,4202,1,202304,3,20.1,1109.77,0.5082599842937704,0,0,0,0.0,0.0
MEX,5,4202,1,202305,4,23.03,1197.15,0.5082599842937704,0,0,0,0.0,0.0
MEX,5,4202,1,202306,5,24.46,1155.14,0.5082599842937704,0,0,0,0.0,0.0
MEX,5,4202,1,202307,6,23.75,1167.9,0.5082599842937704,0,0,0,0.0,0.0
MEX,5,4202,1,202308,7,24.68,1250.25,0.5082599842937704,0,0,0,0.0,0.0
MEX,5,4202,1,202309,8,20.26,976.7,0.5082599842937704,0,0,0,0.0,0.0
MEX,5,4202,1,202310,9,21.3,821.26,0.5082599842937704,0,0,0,0.0,0.0
MEX,5,4202,1,202311,10,22.86,759.63,0.5082599842937704,0,0,0,0.0,0.0
MEX,5,4202,1,202312,11,16.56,578.36,0.5082599842937704,0,0,0,0.0,0.0
MEX,5,4202,1,202401,12,17.41,731.4,0.5082599842937704,0,0,0,0.0,0.0
MEX,5,4202,1,202402,13,16.41,626.19,0.5082599842937704,0,0,0,0.0,0.0
MEX,5,4202,1,202403,14,16.61,753.41,0.5082599842937704,0,0,0,0.0,0.0
MEX,5,4202,1,202404,15,16.15,637.59,0.5082599842937704,0,0,0,0.0,0.0
MEX,5,4202,1,202405,16,17.06,656.18,0.5082599842937704,0,0,0,0.0,0.0
MEX,5,4202,1,202406,17,14.87,564.91,0.5082599842937704,0,0,0,0.0,0.0
MEX,5,4202,1,202407,18,15.63,624.98,0.5082599842937704,0,0,0,0.0,0.0
MEX,5,4202,1,202408,19,15.46,651.17,0.5082599842937704,0,0,0,0.0,0.0
MEX,5,4202,1,202409,20,13.55,500.73,0.5082599842937704,0,0,0,0.0,0.0
MEX,5,4202,1,202410,21,18.94,655.99,0.5082599842937704,0,0,0,0.0,0.0
MEX,5,4202,1,202411,22,20.27,661.24,0.5082599842937704,0,0,0,0.0,0.0
MEX,5,4202,1,202412,23,18.09,596.64,0.5082599842937704,0,0,0,0.0,0.0
MEX,5,4202,1,202501,24,15.74,543.51,0.5082599842937704,0,0,0,0.0,0.0
MEX,5,4202,1,202502,25,21.85,866.97,0.5082599842937704,0,0,0,0.0,0.0
MEX,5,4202,1,202503,26,19.32,651.78,0.5082599842937704,0,0,0,0.0,0.0
MEX,5,4202,1,202504,27,16.07,614.03,0.5082599842937704,0,1,0,0.5082599842937704,0.0
MEX,5,4202,1,202505,28,17.97,667.26,0.5082599842937704,0,1,0,0.5082599842937704,0.0
MEX,5,4202,1,202506,29,17.14,682.42,0.5082599842937704,0,1,0,0.5082599842937704,0.0
MEX,5,4202,1,202507,30,20.34,717.08,0.5082599842937704,0,1,0,0.5082599842937704,0.0
MEX,5,4202,1,202508,31,20.82,829.91,0.5082599842937704,0,1,0,0.5082599842937704,0.0
MEX,5,4202,1,202509,32,21.97,885.56,0.5082599842937704,0,1,0,0.5082599842937704,0.0
MEX,5,4202,1,202510,33,24.45,1033.97,0.5082599842937704,0,1,0,0.5082599842937704,0.0
MEX,5,4202,1,202511,34,21.57,789.13,0.5082599842937704,0,1,0,0.5082599842937704,0.0
MEX,5,4202,1,202512,35,22.76,883.46,0.5082599842937704,0,1,0,0.5082599842937704,0.0
MEX,5,6110,2,202301,0,16.08,847.89,0.43468577984429585,0,0,0,0.0,0.0
MEX,5,6110,2,202302,1,13.51,704.51,0.43468577984429585,0,0,0,0.0,0.0
MEX,5,6110,2,202303,2,20.58,1043.27,0.43468577984429585,0,0,0,0.0,0.0
MEX,5,6110,2,202304,3,16.95,870.37,0.43468577984429585,0,0,0,0.0,0.0
MEX,5,6110,2,202305,4,20.9,1077.28,0.43468577984429585,0,0,0,0.0,0.0
MEX,5,6110,2,202306,5,19.91,1010.02,0.43468577984429585,0,0,0,0.0,0.0
MEX,5,6110,2,202307,6,22.9,1197.98,0.43468577984429585,0,0,0,0.0,0.0
MEX,5,6110,2,202308,7,23.72,1338.79,0.43468577984429585,0,0,0,0.0,0.0
MEX,5,6110,2,202309,8,17.03,1013.57,0.43468577984429585,0,0,0,0.0,0.0
MEX,5,6110,2,202310,9,17.53,1049.48,0.43468577984429585,0,0,0,0.0,0.0
MEX,5,6110,2,202311,10,16.13,845.89,0.43468577984429585,0,0,0,0.0,0.0
MEX,5,6110,2,202312,11,14.98,777.93,0.43468577984429585,0,0,0,0.0,0.0
MEX,5,6110,2,202401,12,16.48,822.36,0.43468577984429585,0,0,0,0.0,0.0
MEX,5,6110,2,202402,13,14.9,750.63,0.43468577984429585,0,0,0,0.0,0.0
MEX,5,6110,2,202403,14,14.53,759.49,0.43468577984429585,0,0,0,0.0,0.0
MEX,5,6110,2,202404,15,16.58,543.66,0.43468577984429585,0,0,0,0.0,0.0
MEX,5,6110,2,202405,16,18.76,615.72,0.43468577984429585,0,0,0,0.0,0.0
MEX,5,6110,2,202406,17,20.01,657.85,0.43468577984429585,0,0,0,0.0,0.0
MEX,5,6110,2,202407,18,22.22,768.89,0.43468577984429585,0,0,0,0.0,0.0
MEX,5,6110,2,202408,19,22.57,780.87,0.43468577984429585,0,0,0,0.0,0.0
MEX,5,6110,2,202409,20,21.4,741.04,0.43468577984429585,0,0,0,0.0,0.0
MEX,5,6110,2,202410,21,17.7,612.75,0.43468577984429585,0,0,0,0.0,0.0
MEX,5,6110,2,202411,22,15.18,525.0,0.43468577984429585,0,0,0,0.0,0.0
MEX,5,6110,2,202412,23,13.98,483.6,0.43468577984429585,0,0,0,0.0,0.0
MEX,5,6110,2,202501,24,12.32,426.52,0.43468577984429585,0,0,0,0.0,0.0
MEX,5,6110,2,202502,25,13.25,458.47,0.43468577984429585,0,0,0,0.0,0.0
MEX,5,6110,2,202503,26,17.54,606.28,0.43468577984429585,0,0,0,0.0,0.0
MEX,5,6110,2,202504,27,15.62,540.24,0.43468577984429585,0,1,0,0.43468577984429585,0.0
MEX,5,6110,2,202505,28,16.32,564.52,0.43468577984429585,0,1,0,0.43468577984429585,0.0
MEX,5,6110,2,202506,29,16.58,574.01,0.43468577984429585,0,1,0,0.43468577984429585,0.0
MEX,5,6110,2,202507,30,20.24,700.36,0.43468577984429585,0,1,0,0.43468577984429585,0.0
MEX,5,6110,2,202508,31,19.18,1211.63,0.43468577984429585,0,1,0,0.43468577984429585,0.0
MEX,5,6110,2,202509,32,19.07,1161.7,0.43468577984429585,0,1,0,0.43468577984429585,0.0
MEX,5,6110,2,202510,33,18.26,1274.12,0.43468577984429585,0,1,0,0.43468577984429585,0.0
MEX,5,6110,2,202511,34,17.75,585.88,0.43468577984429585,0,1,0,0.43468577984429585,0.0
MEX,5,6110,2,202512,35,21.59,713.43,0.43468577984429585,0,1,0,0.43468577984429585,0.0
MEX,5,6204,3,202301,0,15.65,559.47,0.42349635741507496,0,0,0,0.0,0.0
MEX,5,6204,3,202302,1,15.62,605.37,0.42349635741507496,0,0,0,0.0,0.0
MEX,5,6204,3,202303,2,16.96,720.45,0.42349635741507496,0,0,0,0.0,0.0
MEX,5,6204,3,202304,3,13.91,551.45,0.42349635741507496,0,0,0,0.0,0.0
MEX,5,6204,3,202305,4,14.73,623.0,0.42349635741507496,0,0,0,0.0,0.0
MEX,5,6204,3,202306,5,15.34,618.41,0.42349635741507496,0,0,0,0.0,0.0
MEX,5,6204,3,202307,6,15.63,618.05,0.42349635741507496,0,0,0,0.0,0.0
MEX,5,6204,3,202308,7,16.44,669.31,0.42349635741507496,0,0,0,0.0,0.0
MEX,5,6204,3,202309,8,14.28,522.55,0.42349635741507496,0,0,0,0.0,0.0
MEX,5,6204,3,202310,9,14.26,656.24,0.42349635741507496,0,0,0,0.0,0.0
MEX,5,6204,3,202311,10,10.36,503.06,0.42349635741507496,0,0,0,0.0,0.0
MEX,5,6204,3,202312,11,10.71,465.34,0.42349635741507496,0,0,0,0.0,0.0
MEX,5,6204,3,202401,12,10.17,415.6,0.42349635741507496,0,0,0,0.0,0.0
MEX,5,6204,3,202402,13,13.06,508.32,0.42349635741507496,0,0,0,0.0,0.0
MEX,5,6204,3,202403,14,12.76,517.76,0.42349635741507496,0,0,0,0.0,0.0
MEX,5,6204,3,202404,15,11.85,397.2,0.42349635741507496,0,0,0,0.0,0.0
MEX,5,6204,3,202405,16,13.12,437.67,0.42349635741507496,0,0,0,0.0,0.0
MEX,5,6204,3,202406,17,14.56,492.8,0.42349635741507496,0,0,0,0.0,0.0
MEX,5,6204,3,202407,18,16.58,638.92,0.42349635741507496,0,0,0,0.0,0.0
MEX,5,6204,3,202408,19,17.04,657.99,0.42349635741507496,0,0,0,0.0,0.0
MEX,5,6204,3,202409,20,15.17,587.44,0.42349635741507496,0,0,0,0.0,0.0
MEX,5,6204,3,202410,21,17.58,687.03,0.42349635741507496,0,0,0,0.0,0.0
MEX,5,6204,3,202411,22,14.34,555.09,0.42349635741507496,0,0,0,0.0,0.0
MEX,5,6204,3,202412,23,15.43,599.07,0.42349635741507496,0,0,0,0.0,0.0
MEX,5,6204,3,202501,24,14.4,556.03,0.42349635741507496,0,0,0,0.0,0.0
MEX,5,6204,3,202502,25,13.31,510.1,0.42349635741507496,0,0,0,0.0,0.0
MEX,5,6204,3,202503,26,12.6,474.13,0.42349635741507496,0,0,0,0.0,0.0
MEX,5,6204,3,202504,27,13.34,510.12,0.42349635741507496,0,1,0,0.42349635741507496,0.0
MEX,5,6204,3,202505,28,13.8,518.04,0.42349635741507496,0,1,0,0.42349635741507496,0.0
MEX,5,6204,3,202506,29,13.03,501.59,0.42349635741507496,0,1,0,0.42349635741507496,0.0
MEX,5,6204,3,202507,30,14.86,575.49,0.42349635741507496,0,1,0,0.42349635741507496,0.0
MEX,5,6204,3,202508,31,13.53,515.79,0.42349635741507496,0,1,0,0.42349635741507496,0.0
MEX,5,6204,3,202509,32,12.86,476.85,0.42349635741507496,0,1,0,0.42349635741507496,0.0
MEX,5,6204,3,202510,33,11.96,460.11,0.42349635741507496,0,1,0,0.42349635741507496,0.0
MEX,5,6204,3,202511,34,11.43,441.83,0.42349635741507496,0,1,0,0.42349635741507496,0.0
MEX,5,6204,3,202512,35,12.88,500.56,0.42349635741507496,0,1,0,0.42349635741507496,0.0
MEX,5,6402,4,202301,0,3.26,140.35,0.6876787251706538,0,0,0,0.0,0.0
MEX,5,6402,4,202302,1,2.78,120.12,0.6876787251706538,0,0,0,0.0,0.0
MEX,5,6402,4,202303,2,3.96,168.47,0.6876787251706538,0,0,0,0.0,0.0
MEX,5,6402,4,202304,3,2.66,114.18,0.6876787251706538,0,0,0,0.0,0.0
MEX,5,6402,4,202305,4,3.95,170.98,0.6876787251706538,0,0,0,0.0,0.0
MEX,5,6402,4,202306,5,3.73,162.48,0.6876787251706538,0,0,0,0.0,0.0
MEX,5,6402,4,202307,6,3.12,121.6,0.6876787251706538,0,0,0,0.0,0.0
MEX,5,6402,4,202308,7,2.99,116.25,0.6876787251706538,0,0,0,0.0,0.0
MEX,5,6402,4,202309,8,2.77,108.34,0.6876787251706538,0,0,0,0.0,0.0
MEX,5,6402,4,202310,9,2.95,116.43,0.6876787251706538,0,0,0,0.0,0.0
MEX,5,6402,4,202311,10,2.46,98.18,0.6876787251706538,0,0,0,0.0,0.0
MEX,5,6402,4,202312,11,2.11,80.25,0.6876787251706538,0,0,0,0.0,0.0
MEX,5,6402,4,202401,12,2.93,111.26,0.6876787251706538,0,0,0,0.0,0.0
MEX,5,6402,4,202402,13,2.37,90.48,0.6876787251706538,0,0,0,0.0,0.0
MEX,5,6402,4,202403,14,2.45,91.76,0.6876787251706538,0,0,0,0.0,0.0
MEX,5,6402,4,202404,15,2.49,94.49,0.6876787251706538,0,0,0,0.0,0.0
MEX,5,6402,4,202405,16,2.82,107.69,0.6876787251706538,0,0,0,0.0,0.0
MEX,5,6402,4,202406,17,2.89,110.08,0.6876787251706538,0,0,0,0.0,0.0
MEX,5,6402,4,202407,18,2.61,107.93,0.6876787251706538,0,0,0,0.0,0.0
MEX,5,6402,4,202408,19,2.43,101.73,0.6876787251706538,0,0,0,0.0,0.0
MEX,5,6402,4,202409,20,2.09,86.6,0.6876787251706538,0,0,0,0.0,0.0
MEX,5,6402,4,202410,21,2.85,119.05,0.6876787251706538,0,0,0,0.0,0.0
MEX,5,6402,4,202411,22,2.84,119.06,0.6876787251706538,0,0,0,0.0,0.0
MEX,5,6402,4,202412,23,2.04,85.32,0.6876787251706538,0,0,0,0.0,0.0
MEX,5,6402,4,202501,24,1.67,69.46,0.6876787251706538,0,0,0,0.0,0.0
MEX,5,6402,4,202502,25,2.81,117.83,0.6876787251706538,0,0,0,0.0,0.0
MEX,5,6402,4,202503,26,3.36,139.54,0.6876787251706538,0,0,0,0.0,0.0
MEX,5,6402,4,202504,27,2.28,95.02,0.6876787251706538,0,1,0,0.6876787251706538,0.0
MEX,5,6402,4,202505,28,2.32,97.09,0.6876787251706538,0,1,0,0.6876787251706538,0.0
MEX,5,6402,4,202506,29,2.42,100.72,0.6876787251706538,0,1,0,0.6876787251706538,0.0
MEX,5,6402,4,202507,30,2.44,101.86,0.6876787251706538,0,1,0,0.6876787251706538,0.0
MEX,5,6402,4,202508,31,2.6,105.76,0.6876787251706538,0,1,0,0.6876787251706538,0.0
MEX,5,6402,4,202509,32,1.96,79.8,0.6876787251706538,0,1,0,0.6876787251706538,0.0
MEX,5,6402,4,202510,33,2.09,85.14,0.6876787251706538,0,1,0,0.6876787251706538,0.0
MEX,5,6402,4,202511,34,2.72,110.88,0.6876787251706538,0,1,0,0.6876787251706538,0.0
MEX,5,6402,4,202512,35,2.25,91.56,0.6876787251706538,0,1,0,0.6876787251706538,0.0
MEX,5,6403,5,202301,0,41.56,750.13,0.3564216173855382,0,0,0,0.0,0.0
MEX,5,6403,5,202302,1,51.58,903.47,0.3564216173855382,0,0,0,0.0,0.0
MEX,5,6403,5,202303,2,54.21,965.51,0.3564216173855382,0,0,0,0.0,0.0
MEX,5,6403,5,202304,3,40.5,722.03,0.3564216173855382,0,0,0,0.0,0.0
MEX,5,6403,5,202305,4,64.3,1142.13,0.3564216173855382,0,0,0,0.0,0.0
MEX,5,6403,5,202306,5,58.09,1073.26,0.3564216173855382,0,0,0,0.0,0.0
MEX,5,6403,5,202307,6,60.53,891.32,0.3564216173855382,0,0,0,0.0,0.0
MEX,5,6403,5,202308,7,63.69,946.4,0.3564216173855382,0,0,0,0.0,0.0
MEX,5,6403,5,202309,8,61.99,909.45,0.3564216173855382,0,0,0,0.0,0.0
MEX,5,6403,5,202310,9,68.39,959.45,0.3564216173855382,0,0,0,0.0,0.0
MEX,5,6403,5,202311,10,59.88,841.84,0.3564216173855382,0,0,0,0.0,0.0
MEX,5,6403,5,202312,11,57.42,739.44,0.3564216173855382,0,0,0,0.0,0.0
MEX,5,6403,5,202401,12,39.08,525.02,0.3564216173855382,0,0,0,0.0,0.0
MEX,5,6403,5,202402,13,50.83,694.4,0.3564216173855382,0,0,0,0.0,0.0
MEX,5,6403,5,202403,14,51.81,693.3,0.3564216173855382,0,0,0,0.0,0.0
MEX,5,6403,5,202404,15,45.6,616.92,0.3564216173855382,0,0,0,0.0,0.0
MEX,5,6403,5,202405,16,51.78,710.74,0.3564216173855382,0,0,0,0.0,0.0
MEX,5,6403,5,202406,17,52.87,718.74,0.3564216173855382,0,0,0,0.0,0.0
MEX,5,6403,5,202407,18,58.92,794.2,0.3564216173855382,0,0,0,0.0,0.0
MEX,5,6403,5,202408,19,58.32,769.75,0.3564216173855382,0,0,0,0.0,0.0
MEX,5,6403,5,202409,20,56.23,749.86,0.3564216173855382,0,0,0,0.0,0.0
MEX,5,6403,5,202410,21,56.23,743.8,0.3564216173855382,0,0,0,0.0,0.0
MEX,5,6403,5,202411,22,54.81,720.2,0.3564216173855382,0,0,0,0.0,0.0
MEX,5,6403,5,202412,23,61.09,782.03,0.3564216173855382,0,0,0,0.0,0.0
MEX,5,6403,5,202501,24,32.8,444.26,0.3564216173855382,0,0,0,0.0,0.0
MEX,5,6403,5,202502,25,49.33,638.12,0.3564216173855382,0,0,0,0.0,0.0
MEX,5,6403,5,202503,26,57.06,738.81,0.3564216173855382,0,0,0,0.0,0.0
MEX,5,6403,5,202504,27,37.97,503.34,0.3564216173855382,0,1,0,0.3564216173855382,0.0
MEX,5,6403,5,202505,28,57.9,747.2,0.3564216173855382,0,1,0,0.3564216173855382,0.0
MEX,5,6403,5,202506,29,54.73,720.01,0.3564216173855382,0,1,0,0.3564216173855382,0.0
MEX,5,6403,5,202507,30,68.79,900.79,0.3564216173855382,0,1,0,0.3564216173855382,0.0
MEX,5,6403,5,202508,31,55.5,808.91,0.3564216173855382,0,1,0,0.3564216173855382,0.0
MEX,5,6403,5,202509,32,64.79,942.21,0.3564216173855382,0,1,0,0.3564216173855382,0.0
MEX,5,6403,5,202510,33,67.34,995.21,0.3564216173855382,0,1,0,0.3564216173855382,0.0
MEX,5,6403,5,202511,34,55.02,818.65,0.3564216173855382,0,1,0,0.3564216173855382,0.0
MEX,5,6403,5,202512,35,66.6,971.79,0.3564216173855382,0,1,0,0.3564216173855382,0.0
MEX,5,7326,6,202301,0,134.22,25815.41,0.371942620179757,0,0,0,0.0,0.0
MEX,5,7326,6,202302,1,128.88,23446.62,0.371942620179757,0,0,0,0.0,0.0
MEX,5,7326,6,202303,2,160.67,27695.25,0.371942620179757,0,0,0,0.0,0.0
MEX,5,7326,6,202304,3,146.32,25839.1,0.371942620179757,0,0,0,0.0,0.0
MEX,5,7326,6,202305,4,169.0,28856.41,0.371942620179757,0,0,0,0.0,0.0
MEX,5,7326,6,202306,5,154.04,26716.23,0.371942620179757,0,0,0,0.0,0.0
MEX,5,7326,6,202307,6,142.99,25060.86,0.371942620179757,0,0,0,0.0,0.0
MEX,5,7326,6,202308,7,157.26,29757.3,0.371942620179757,0,0,0,0.0,0.0
MEX,5,7326,6,202309,8,140.57,27286.72,0.371942620179757,0,0,0,0.0,0.0
MEX,5,7326,6,202310,9,159.2,29766.5,0.371942620179757,0,0,0,0.0,0.0
MEX,5,7326,6,202311,10,134.32,24367.05,0.371942620179757,0,0,0,0.0,0.0
MEX,5,7326,6,202312,11,117.61,20354.85,0.371942620179757,0,0,0,0.0,0.0
MEX,5,7326,6,202401,12,135.68,25335.75,0.371942620179757,0,0,0,0.0,0.0
MEX,5,7326,6,202402,13,146.81,26284.55,0.371942620179757,0,0,0,0.0,0.0
MEX,5,7326,6,202403,14,151.06,27607.09,0.371942620179757,0,0,0,0.0,0.0
MEX,5,7326,6,202404,15,149.55,27547.34,0.371942620179757,0,0,0,0.0,0.0
MEX,5,7326,6,202405,16,142.92,26326.39,0.371942620179757,0,0,0,0.0,0.0
MEX,5,7326,6,202406,17,130.23,25356.11,0.371942620179757,0,0,0,0.0,0.0
MEX,5,7326,6,202407,18,136.37,24649.05,0.371942620179757,0,0,0,0.0,0.0
MEX,5,7326,6,202408,19,140.09,25152.08,0.371942620179757,0,0,0,0.0,0.0
MEX,5,7326,6,202409,20,133.68,24875.16,0.371942620179757,0,0,0,0.0,0.0
MEX,5,7326,6,202410,21,149.28,27161.74,0.371942620179757,0,0,0,0.0,0.0
MEX,5,7326,6,202411,22,136.51,25243.81,0.371942620179757,0,0,0,0.0,0.0
MEX,5,7326,6,202412,23,118.92,21000.18,0.371942620179757,0,0,0,0.0,0.0
MEX,5,7326,6,202501,24,140.67,24909.02,0.371942620179757,0,0,0,0.0,0.0
MEX,5,7326,6,202502,25,136.03,24684.88,0.371942620179757,0,0,0,0.0,0.0
MEX,5,7326,6,202503,26,116.39,19406.43,0.371942620179757,0,0,0,0.0,0.0
MEX,5,7326,6,202504,27,91.4,16103.01,0.371942620179757,0,1,0,0.371942620179757,0.0
MEX,5,7326,6,202505,28,90.96,15959.21,0.371942620179757,0,1,0,0.371942620179757,0.0
MEX,5,7326,6,202506,29,81.94,14731.97,0.371942620179757,0,1,0,0.371942620179757,0.0
MEX,5,7326,6,202507,30,81.51,15809.82,0.371942620179757,0,1,0,0.371942620179757,0.0
MEX,5,7326,6,202508,31,75.38,16807.18,0.371942620179757,0,1,0,0.371942620179757,0.0
MEX,5,7326,6,202509,32,81.94,18648.87,0.371942620179757,0,1,0,0.371942620179757,0.0
MEX,5,7326,6,202510,33,89.82,19647.27,0.371942620179757,0,1,0,0.371942620179757,0.0
MEX,5,7326,6,202511,34,76.57,17064.26,0.371942620179757,0,1,0,0.371942620179757,0.0
MEX,5,7326,6,202512,35,73.95,16071.39,0.371942620179757,0,1,0,0.371942620179757,0.0
MEX,5,8443,7,202301,0,63.31,2377.29,0.1675662022525517,0,0,0,0.0,0.0
MEX,5,8443,7,202302,1,54.72,1959.22,0.1675662022525517,0,0,0,0.0,0.0
MEX,5,8443,7,202303,2,58.71,2009.04,0.1675662022525517,0,0,0,0.0,0.0
MEX,5,8443,7,202304,3,48.19,1693.83,0.1675662022525517,0,0,0,0.0,0.0
MEX,5,8443,7,202305,4,60.94,2109.47,0.1675662022525517,0,0,0,0.0,0.0
MEX,5,8443,7,202306,5,62.42,2010.36,0.1675662022525517,0,0,0,0.0,0.0
MEX,5,8443,7,202307,6,49.52,1493.78,0.1675662022525517,0,0,0,0.0,0.0
MEX,5,8443,7,202308,7,56.02,1530.81,0.1675662022525517,0,0,0,0.0,0.0
MEX,5,8443,7,202309,8,47.01,1382.0,0.1675662022525517,0,0,0,0.0,0.0
MEX,5,8443,7,202310,9,53.88,1516.35,0.1675662022525517,0,0,0,0.0,0.0
MEX,5,8443,7,202311,10,54.45,1526.24,0.1675662022525517,0,0,0,0.0,0.0
MEX,5,8443,7,202312,11,48.17,1449.26,0.1675662022525517,0,0,0,0.0,0.0
MEX,5,8443,7,202401,12,54.32,1587.14,0.1675662022525517,0,0,0,0.0,0.0
MEX,5,8443,7,202402,13,58.63,1700.21,0.1675662022525517,0,0,0,0.0,0.0
MEX,5,8443,7,202403,14,64.91,1904.86,0.1675662022525517,0,0,0,0.0,0.0
MEX,5,8443,7,202404,15,72.66,2379.12,0.1675662022525517,0,0,0,0.0,0.0
MEX,5,8443,7,202405,16,63.23,1762.18,0.1675662022525517,0,0,0,0.0,0.0
MEX,5,8443,7,202406,17,68.29,2010.94,0.1675662022525517,0,0,0,0.0,0.0
MEX,5,8443,7,202407,18,68.11,2087.65,0.1675662022525517,0,0,0,0.0,0.0
MEX,5,8443,7,202408,19,72.12,2143.54,0.1675662022525517,0,0,0,0.0,0.0
MEX,5,8443,7,202409,20,67.09,1908.87,0.1675662022525517,0,0,0,0.0,0.0
MEX,5,8443,7,202410,21,78.62,2559.91,0.1675662022525517,0,0,0,0.0,0.0
MEX,5,8443,7,202411,22,61.76,1878.91,0.1675662022525517,0,0,0,0.0,0.0
MEX,5,8443,7,202412,23,63.77,2089.99,0.1675662022525517,0,0,0,0.0,0.0
MEX,5,8443,7,202501,24,59.15,1900.1,0.1675662022525517,0,0,0,0.0,0.0
MEX,5,8443,7,202502,25,58.55,1831.37,0.1675662022525517,0,0,0,0.0,0.0
MEX,5,8443,7,202503,26,59.46,1910.13,0.1675662022525517,0,0,0,0.0,0.0
MEX,5,8443,7,202504,27,57.06,1912.43,0.1675662022525517,0,1,0,0.1675662022525517,0.0
MEX,5,8443,7,202505,28,52.7,1732.44,0.1675662022525517,0,1,0,0.1675662022525517,0.0
MEX,5,8443,7,202506,29,58.8,1985.14,0.1675662022525517,0,1,0,0.1675662022525517,0.0
MEX,5,8443,7,202507,30,47.51,1470.81,0.1675662022525517,0,1,0,0.1675662022525517,0.0
MEX,5,8443,7,202508,31,51.0,1627.12,0.1675662022525517,0,1,0,0.1675662022525517,0.0
MEX,5,8443,7,202509,32,55.97,1959.5,0.1675662022525517,0,1,0,0.1675662022525517,0.0
MEX,5,8443,7,202510,33,66.2,2287.65,0.1675662022525517,0,1,0,0.1675662022525517,0.0
MEX,5,8443,7,202511,34,49.33,1718.92,0.1675662022525517,0,1,0,0.1675662022525517,0.0
MEX,5,8443,7,202512,35,59.51,1985.98,0.1675662022525517,0,1,0,0.1675662022525517,0.0
MEX,5,8471,8,202301,0,2318.79,8140.43,0.39643031296790476,0,0,0,0.0,0.0
MEX,5,8471,8,202302,1,2021.77,7175.27,0.39643031296790476,0,0,0,0.0,0.0
MEX,5,8471,8,202303,2,2656.78,9405.77,0.39643031296790476,0,0,0,0.0,0.0
MEX,5,8471,8,202304,3,2031.25,7161.31,0.39643031296790476,0,0,0,0.0,0.0
MEX,5,8471,8,202305,4,2407.11,8522.27,0.39643031296790476,0,0,0,0.0,0.0
MEX,5,8471,8,202306,5,2431.46,8650.4,0.39643031296790476,0,0,0,0.0,0.0
MEX,5,8471,8,202307,6,2056.42,7285.86,0.39643031296790476,0,0,0,0.0,0.0
MEX,5,8471,8,202308,7,2310.4,8175.01,0.39643031296790476,0,0,0,0.0,0.0
MEX,5,8471,8,202309,8,1740.0,6174.96,0.39643031296790476,0,0,0,0.0,0.0
MEX,5,8471,8,202310,9,2864.82,10068.76,0.39643031296790476,0,0,0,0.0,0.0
MEX,5,8471,8,202311,10,2490.03,8715.14,0.39643031296790476,0,0,0,0.0,0.0
MEX,5,8471,8,202312,11,2399.49,8000.19,0.39643031296790476,0,0,0,0.0,0.0
MEX,5,8471,8,202401,12,2493.75,8325.31,0.39643031296790476,0,0,0,0.0,0.0
MEX,5,8471,8,202402,13,2563.61,8553.72,0.39643031296790476,0,0,0,0.0,0.0
MEX,5,8471,8,202403,14,2795.11,9330.35,0.39643031296790476,0,0,0,0.0,0.0
MEX,5,8471,8,202404,15,3403.91,11278.93,0.39643031296790476,0,0,0,0.0,0.0
MEX,5,8471,8,202405,16,3671.55,12222.98,0.39643031296790476,0,0,0,0.0,0.0
MEX,5,8471,8,202406,17,4390.76,14627.89,0.39643031296790476,0,0,0,0.0,0.0
MEX,5,8471,8,202407,18,4040.08,13083.03,0.39643031296790476,0,0,0,0.0,0.0
MEX,5,8471,8,202408,19,4722.83,15263.23,0.39643031296790476,0,0,0,0.0,0.0
MEX,5,8471,8,202409,20,5900.05,18965.31,0.39643031296790476,0,0,0,0.0,0.0
MEX,5,8471,8,202410,21,4820.96,15548.95,0.39643031296790476,0,0,0,0.0,0.0
MEX,5,8471,8,202411,22,4464.9,14349.33,0.39643031296790476,0,0,0,0.0,0.0
MEX,5,8471,8,202412,23,5074.0,16443.17,0.39643031296790476,0,0,0,0.0,0.0
MEX,5,8471,8,202501,24,5118.86,16618.35,0.39643031296790476,0,0,0,0.0,0.0
MEX,5,8471,8,202502,25,5460.54,17818.53,0.39643031296790476,0,0,0,0.0,0.0
MEX,5,8471,8,202503,26,7072.82,22885.09,0.39643031296790476,0,0,0,0.0,0.0
MEX,5,8471,8,202504,27,6226.96,20159.85,0.39643031296790476,0,1,0,0.39643031296790476,0.0
MEX,5,8471,8,202505,28,7227.64,23409.07,0.39643031296790476,0,1,0,0.39643031296790476,0.0
MEX,5,8471,8,202506,29,7192.63,23050.75,0.39643031296790476,0,1,0,0.39643031296790476,0.0
MEX,5,8471,8,202507,30,7616.53,24315.45,0.39643031296790476,0,1,0,0.39643031296790476,0.0
MEX,5,8471,8,202508,31,8394.34,25959.43,0.39643031296790476,0,1,0,0.39643031296790476,0.0
MEX,5,8471,8,202509,32,8027.11,24742.35,0.39643031296790476,0,1,0,0.39643031296790476,0.0
MEX,5,8471,8,202510,33,9228.76,28478.65,0.39643031296790476,0,1,0,0.39643031296790476,0.0
MEX,5,8471,8,202511,34,10337.84,31871.02,0.39643031296790476,0,1,0,0.39643031296790476,0.0
MEX,5,8471,8,202512,35,8031.49,24706.85,0.39643031296790476,0,1,0,0.39643031296790476,0.0
MEX,5,8473,9,202301,0,91.28,406.34,0.20922547448162448,0,0,0,0.0,0.0
MEX,5,8473,9,202302,1,86.73,383.75,0.20922547448162448,0,0,0,0.0,0.0
MEX,5,8473,9,202303,2,104.69,443.13,0.20922547448162448,0,0,0,0.0,0.0
MEX,5,8473,9,202304,3,115.75,543.84,0.20922547448162448,0,0,0,0.0,0.0
MEX,5,8473,9,202305,4,115.08,505.87,0.20922547448162448,0,0,0,0.0,0.0
MEX,5,8473,9,202306,5,186.3,769.02,0.20922547448162448,0,0,0,0.0,0.0
MEX,5,8473,9,202307,6,103.77,488.65,0.20922547448162448,0,0,0,0.0,0.0
MEX,5,8473,9,202308,7,81.32,365.81,0.20922547448162448,0,0,0,0.0,0.0
MEX,5,8473,9,202309,8,108.02,454.62,0.20922547448162448,0,0,0,0.0,0.0
MEX,5,8473,9,202310,9,127.24,514.57,0.20922547448162448,0,0,0,0.0,0.0
MEX,5,8473,9,202311,10,142.93,568.27,0.20922547448162448,0,0,0,0.0,0.0
MEX,5,8473,9,202312,11,122.94,492.33,0.20922547448162448,0,0,0,0.0,0.0
MEX,5,8473,9,202401,12,84.52,353.04,0.20922547448162448,0,0,0,0.0,0.0
MEX,5,8473,9,202402,13,90.12,382.77,0.20922547448162448,0,0,0,0.0,0.0
MEX,5,8473,9,202403,14,108.13,448.86,0.20922547448162448,0,0,0,0.0,0.0
MEX,5,8473,9,202404,15,109.54,463.76,0.20922547448162448,0,0,0,0.0,0.0
MEX,5,8473,9,202405,16,111.57,454.87,0.20922547448162448,0,0,0,0.0,0.0
MEX,5,8473,9,202406,17,189.5,760.94,0.20922547448162448,0,0,0,0.0,0.0
MEX,5,8473,9,202407,18,233.57,933.9,0.20922547448162448,0,0,0,0.0,0.0
MEX,5,8473,9,202408,19,137.4,547.62,0.20922547448162448,0,0,0,0.0,0.0
MEX,5,8473,9,202409,20,174.73,694.38,0.20922547448162448,0,0,0,0.0,0.0
MEX,5,8473,9,202410,21,176.0,685.31,0.20922547448162448,0,0,0,0.0,0.0
MEX,5,8473,9,202411,22,128.88,521.72,0.20922547448162448,0,0,0,0.0,0.0
MEX,5,8473,9,202412,23,231.3,926.54,0.20922547448162448,0,0,0,0.0,0.0
MEX,5,8473,9,202501,24,163.97,652.25,0.20922547448162448,0,0,0,0.0,0.0
MEX,5,8473,9,202502,25,178.03,710.51,0.20922547448162448,0,0,0,0.0,0.0
MEX,5,8473,9,202503,26,774.87,2939.92,0.20922547448162448,0,0,0,0.0,0.0
MEX,5,8473,9,202504,27,477.33,1853.49,0.20922547448162448,0,1,0,0.20922547448162448,0.0
MEX,5,8473,9,202505,28,265.98,1096.32,0.20922547448162448,0,1,0,0.20922547448162448,0.0
MEX,5,8473,9,202506,29,189.45,753.65,0.20922547448162448,0,1,0,0.20922547448162448,0.0
MEX,5,8473,9,202507,30,318.94,1239.51,0.20922547448162448,0,1,0,0.20922547448162448,0.0
MEX,5,8473,9,202508,31,175.75,816.23,0.20922547448162448,0,1,0,0.20922547448162448,0.0
MEX,5,8473,9,202509,32,259.92,1124.15,0.20922547448162448,0,1,0,0.20922547448162448,0.0
MEX,5,8473,9,202510,33,307.42,1372.85,0.20922547448162448,0,1,0,0.20922547448162448,0.0
MEX,5,8473,9,202511,34,275.61,1228.79,0.20922547448162448,0,1,0,0.20922547448162448,0.0
MEX,5,8473,9,202512,35,271.74,1170.14,0.20922547448162448,0,1,0,0.20922547448162448,0.0
MEX,5,8504,10,202301,0,407.37,21801.64,0.20349559537261644,0,0,0,0.0,0.0
MEX,5,8504,10,202302,1,440.74,24360.65,0.20349559537261644,0,0,0,0.0,0.0
MEX,5,8504,10,202303,2,497.78,26985.24,0.20349559537261644,0,0,0,0.0,0.0
MEX,5,8504,10,202304,3,456.51,27060.95,0.20349559537261644,0,0,0,0.0,0.0
MEX,5,8504,10,202305,4,487.58,28734.97,0.20349559537261644,0,0,0,0.0,0.0
MEX,5,8504,10,202306,5,500.85,29783.11,0.20349559537261644,0,0,0,0.0,0.0
MEX,5,8504,10,202307,6,497.35,24209.88,0.20349559537261644,0,0,0,0.0,0.0
MEX,5,8504,10,202308,7,524.23,25689.48,0.20349559537261644,0,0,0,0.0,0.0
MEX,5,8504,10,202309,8,483.05,23580.93,0.20349559537261644,0,0,0,0.0,0.0
MEX,5,8504,10,202310,9,529.91,27858.15,0.20349559537261644,0,0,0,0.0,0.0
MEX,5,8504,10,202311,10,488.25,24635.35,0.20349559537261644,0,0,0,0.0,0.0
MEX,5,8504,10,202312,11,429.96,19422.08,0.20349559537261644,0,0,0,0.0,0.0
MEX,5,8504,10,202401,12,461.19,17700.52,0.20349559537261644,0,0,0,0.0,0.0
MEX,5,8504,10,202402,13,516.98,23328.38,0.20349559537261644,0,0,0,0.0,0.0
MEX,5,8504,10,202403,14,542.21,25146.99,0.20349559537261644,0,0,0,0.0,0.0
MEX,5,8504,10,202404,15,582.37,27989.14,0.20349559537261644,0,0,0,0.0,0.0
MEX,5,8504,10,202405,16,552.29,27366.39,0.20349559537261644,0,0,0,0.0,0.0
MEX,5,8504,10,202406,17,491.02,26194.06,0.20349559537261644,0,0,0,0.0,0.0
MEX,5,8504,10,202407,18,501.74,28185.89,0.20349559537261644,0,0,0,0.0,0.0
MEX,5,8504,10,202408,19,546.68,30041.97,0.20349559537261644,0,0,0,0.0,0.0
MEX,5,8504,10,202409,20,492.95,26778.02,0.20349559537261644,0,0,0,0.0,0.0
MEX,5,8504,10,202410,21,533.8,28366.79,0.20349559537261644,0,0,0,0.0,0.0
MEX,5,8504,10,202411,22,516.45,28398.34,0.20349559537261644,0,0,0,0.0,0.0
MEX,5,8504,10,202412,23,443.14,23478.34,0.20349559537261644,0,0,0,0.0,0.0
MEX,5,8504,10,202501,24,480.28,26000.05,0.20349559537261644,0,0,0,0.0,0.0
MEX,5,8504,10,202502,25,493.7,27216.01,0.20349559537261644,0,0,0,0.0,0.0
MEX,5,8504,10,202503,26,552.34,29495.07,0.20349559537261644,0,0,0,0.0,0.0
MEX,5,8504,10,202504,27,511.85,29228.26,0.20349559537261644,0,1,0,0.20349559537261644,0.0
MEX,5,8504,10,202505,28,509.82,28111.85,0.20349559537261644,0,1,0,0.20349559537261644,0.0
MEX,5,8504,10,202506,29,496.84,27459.27,0.20349559537261644,0,1,0,0.20349559537261644,0.0
MEX,5,8504,10,202507,30,561.89,32386.23,0.20349559537261644,0,1,0,0.20349559537261644,0.0
MEX,5,8504,10,202508,31,533.39,42896.95,0.20349559537261644,0,1,0,0.20349559537261644,0.0
MEX,5,8504,10,202509,32,560.62,38859.35,0.20349559537261644,0,1,0,0.20349559537261644,0.0
MEX,5,8504,10,202510,33,596.29,41229.04,0.20349559537261644,0,1,0,0.20349559537261644,0.0
MEX,5,8504,10,202511,34,495.44,30739.25,0.20349559537261644,0,1,0,0.20349559537261644,0.0
MEX,5,8504,10,202512,35,471.88,27878.86,0.20349559537261644,0,1,0,0.20349559537261644,0.0
MEX,5,8516,11,202301,0,128.96,10432.27,0.6255708163552058,0,0,0,0.0,0.0
MEX,5,8516,11,202302,1,140.76,11298.04,0.6255708163552058,0,0,0,0.0,0.0
MEX,5,8516,11,202303,2,165.03,13247.72,0.6255708163552058,0,0,0,0.0,0.0
MEX,5,8516,11,202304,3,145.77,12032.03,0.6255708163552058,0,0,0,0.0,0.0
MEX,5,8516,11,202305,4,162.2,12843.23,0.6255708163552058,0,0,0,0.0,0.0
MEX,5,8516,11,202306,5,172.32,14207.42,0.6255708163552058,0,0,0,0.0,0.0
MEX,5,8516,11,202307,6,157.57,11728.86,0.6255708163552058,0,0,0,0.0,0.0
MEX,5,8516,11,202308,7,170.93,13317.44,0.6255708163552058,0,0,0,0.0,0.0
MEX,5,8516,11,202309,8,159.8,12418.29,0.6255708163552058,0,0,0,0.0,0.0
MEX,5,8516,11,202310,9,193.27,15142.03,0.6255708163552058,0,0,0,0.0,0.0
MEX,5,8516,11,202311,10,180.93,14027.29,0.6255708163552058,0,0,0,0.0,0.0
MEX,5,8516,11,202312,11,148.37,11872.61,0.6255708163552058,0,0,0,0.0,0.0
MEX,5,8516,11,202401,12,164.93,12726.5,0.6255708163552058,0,0,0,0.0,0.0
MEX,5,8516,11,202402,13,188.99,14689.82,0.6255708163552058,0,0,0,0.0,0.0
MEX,5,8516,11,202403,14,190.96,15269.22,0.6255708163552058,0,0,0,0.0,0.0
MEX,5,8516,11,202404,15,211.31,17056.5,0.6255708163552058,0,0,0,0.0,0.0
MEX,5,8516,11,202405,16,216.26,17393.4,0.6255708163552058,0,0,0,0.0,0.0
MEX,5,8516,11,202406,17,204.36,16666.08,0.6255708163552058,0,0,0,0.0,0.0
MEX,5,8516,11,202407,18,202.5,17885.0,0.6255708163552058,0,0,0,0.0,0.0
MEX,5,8516,11,202408,19,207.77,18303.79,0.6255708163552058,0,0,0,0.0,0.0
MEX,5,8516,11,202409,20,182.41,16080.36,0.6255708163552058,0,0,0,0.0,0.0
MEX,5,8516,11,202410,21,200.19,17279.55,0.6255708163552058,0,0,0,0.0,0.0
MEX,5,8516,11,202411,22,203.66,17774.9,0.6255708163552058,0,0,0,0.0,0.0
MEX,5,8516,11,202412,23,166.4,15135.25,0.6255708163552058,0,0,0,0.0,0.0
MEX,5,8516,11,202501,24,184.01,16350.29,0.6255708163552058,0,0,0,0.0,0.0
MEX,5,8516,11,202502,25,186.26,16809.21,0.6255708163552058,0,0,0,0.0,0.0
MEX,5,8516,11,202503,26,216.15,19128.91,0.6255708163552058,0,0,0,0.0,0.0
MEX,5,8516,11,202504,27,197.48,16789.23,0.6255708163552058,0,1,0,0.6255708163552058,0.0
MEX,5,8516,11,202505,28,211.01,17468.47,0.6255708163552058,0,1,0,0.6255708163552058,0.0
MEX,5,8516,11,202506,29,194.78,15937.95,0.6255708163552058,0,1,0,0.6255708163552058,0.0
MEX,5,8516,11,202507,30,194.46,15573.15,0.6255708163552058,0,1,0,0.6255708163552058,0.0
MEX,5,8516,11,202508,31,193.88,15671.44,0.6255708163552058,0,1,0,0.6255708163552058,0.0
MEX,5,8516,11,202509,32,175.44,14129.05,0.6255708163552058,0,1,0,0.6255708163552058,0.0
MEX,5,8516,11,202510,33,210.02,16649.27,0.6255708163552058,0,1,0,0.6255708163552058,0.0
MEX,5,8516,11,202511,34,168.46,13449.85,0.6255708163552058,0,1,0,0.6255708163552058,0.0
MEX,5,8516,11,202512,35,165.65,12629.45,0.6255708163552058,0,1,0,0.6255708163552058,0.0
MEX,5,8517,12,202301,0,875.86,4444.15,0.49320772139853813,0,0,0,0.0,0.0
MEX,5,8517,12,202302,1,835.44,4889.04,0.49320772139853813,0,0,0,0.0,0.0
MEX,5,8517,12,202303,2,1025.0,5177.38,0.49320772139853813,0,0,0,0.0,0.0
MEX,5,8517,12,202304,3,893.04,4622.58,0.49320772139853813,0,0,0,0.0,0.0
MEX,5,8517,12,202305,4,932.77,4813.09,0.49320772139853813,0,0,0,0.0,0.0
MEX,5,8517,12,202306,5,980.35,5092.86,0.49320772139853813,0,0,0,0.0,0.0
MEX,5,8517,12,202307,6,795.64,3903.29,0.49320772139853813,0,0,0,0.0,0.0
MEX,5,8517,12,202308,7,900.07,4305.38,0.49320772139853813,0,0,0,0.0,0.0
MEX,5,8517,12,202309,8,768.18,3554.74,0.49320772139853813,0,0,0,0.0,0.0
MEX,5,8517,12,202310,9,829.55,3419.3,0.49320772139853813,0,0,0,0.0,0.0
MEX,5,8517,12,202311,10,793.63,3506.02,0.49320772139853813,0,0,0,0.0,0.0
MEX,5,8517,12,202312,11,731.16,3494.64,0.49320772139853813,0,0,0,0.0,0.0
MEX,5,8517,12,202401,12,745.79,3523.66,0.49320772139853813,0,0,0,0.0,0.0
MEX,5,8517,12,202402,13,724.56,3631.42,0.49320772139853813,0,0,0,0.0,0.0
MEX,5,8517,12,202403,14,730.95,3838.49,0.49320772139853813,0,0,0,0.0,0.0
MEX,5,8517,12,202404,15,772.39,3788.22,0.49320772139853813,0,0,0,0.0,0.0
MEX,5,8517,12,202405,16,806.05,4175.65,0.49320772139853813,0,0,0,0.0,0.0
MEX,5,8517,12,202406,17,903.0,4129.82,0.49320772139853813,0,0,0,0.0,0.0
MEX,5,8517,12,202407,18,941.66,4554.3,0.49320772139853813,0,0,0,0.0,0.0
MEX,5,8517,12,202408,19,1018.57,5078.77,0.49320772139853813,0,0,0,0.0,0.0
MEX,5,8517,12,202409,20,1075.37,5295.05,0.49320772139853813,0,0,0,0.0,0.0
MEX,5,8517,12,202410,21,1020.01,4908.51,0.49320772139853813,0,0,0,0.0,0.0
MEX,5,8517,12,202411,22,897.65,4568.83,0.49320772139853813,0,0,0,0.0,0.0
MEX,5,8517,12,202412,23,951.65,4508.61,0.49320772139853813,0,0,0,0.0,0.0
MEX,5,8517,12,202501,24,940.14,4344.69,0.49320772139853813,0,0,0,0.0,0.0
MEX,5,8517,12,202502,25,955.34,4808.72,0.49320772139853813,0,0,0,0.0,0.0
MEX,5,8517,12,202503,26,1004.24,5135.27,0.49320772139853813,0,0,0,0.0,0.0
MEX,5,8517,12,202504,27,912.0,4733.63,0.49320772139853813,0,1,0,0.49320772139853813,0.0
MEX,5,8517,12,202505,28,997.13,5431.12,0.49320772139853813,0,1,0,0.49320772139853813,0.0
MEX,5,8517,12,202506,29,1045.0,6641.8,0.49320772139853813,0,1,0,0.49320772139853813,0.0
MEX,5,8517,12,202507,30,1216.66,3593.59,0.49320772139853813,0,1,0,0.49320772139853813,0.0
MEX,5,8517,12,202508,31,1093.29,3369.69,0.49320772139853813,0,1,0,0.49320772139853813,0.0
MEX,5,8517,12,202509,32,1128.1,3473.89,0.49320772139853813,0,1,0,0.49320772139853813,0.0
MEX,5,8517,12,202510,33,1262.63,3877.82,0.49320772139853813,0,1,0,0.49320772139853813,0.0
MEX,5,8517,12,202511,34,1106.27,3411.77,0.49320772139853813,0,1,0,0.49320772139853813,0.0
MEX,5,8517,12,202512,35,1524.8,4653.71,0.49320772139853813,0,1,0,0.49320772139853813,0.0
MEX,5,8528,13,202301,0,708.03,22085.96,0.3347814968181058,0,0,0,0.0,0.0
MEX,5,8528,13,202302,1,685.51,21308.16,0.3347814968181058,0,0,0,0.0,0.0
MEX,5,8528,13,202303,2,790.92,24732.85,0.3347814968181058,0,0,0,0.0,0.0
MEX,5,8528,13,202304,3,730.68,22742.09,0.3347814968181058,0,0,0,0.0,0.0
MEX,5,8528,13,202305,4,830.46,25913.59,0.3347814968181058,0,0,0,0.0,0.0
MEX,5,8528,13,202306,5,804.94,25404.23,0.3347814968181058,0,0,0,0.0,0.0
MEX,5,8528,13,202307,6,794.76,26282.51,0.3347814968181058,0,0,0,0.0,0.0
MEX,5,8528,13,202308,7,984.6,32460.44,0.3347814968181058,0,0,0,0.0,0.0
MEX,5,8528,13,202309,8,1202.42,40146.29,0.3347814968181058,0,0,0,0.0,0.0
MEX,5,8528,13,202310,9,1258.71,42218.26,0.3347814968181058,0,0,0,0.0,0.0
MEX,5,8528,13,202311,10,898.5,29844.76,0.3347814968181058,0,0,0,0.0,0.0
MEX,5,8528,13,202312,11,460.93,15068.26,0.3347814968181058,0,0,0,0.0,0.0
MEX,5,8528,13,202401,12,634.15,21421.54,0.3347814968181058,0,0,0,0.0,0.0
MEX,5,8528,13,202402,13,589.82,19596.33,0.3347814968181058,0,0,0,0.0,0.0
MEX,5,8528,13,202403,14,688.9,22999.0,0.3347814968181058,0,0,0,0.0,0.0
MEX,5,8528,13,202404,15,718.11,23922.21,0.3347814968181058,0,0,0,0.0,0.0
MEX,5,8528,13,202405,16,802.11,26338.21,0.3347814968181058,0,0,0,0.0,0.0
MEX,5,8528,13,202406,17,681.32,22386.04,0.3347814968181058,0,0,0,0.0,0.0
MEX,5,8528,13,202407,18,737.94,26343.46,0.3347814968181058,0,0,0,0.0,0.0
MEX,5,8528,13,202408,19,1015.5,36701.34,0.3347814968181058,0,0,0,0.0,0.0
MEX,5,8528,13,202409,20,1082.8,39348.5,0.3347814968181058,0,0,0,0.0,0.0
MEX,5,8528,13,202410,21,1233.89,44806.29,0.3347814968181058,0,0,0,0.0,0.0
MEX,5,8528,13,202411,22,996.33,36137.6,0.3347814968181058,0,0,0,0.0,0.0
MEX,5,8528,13,202412,23,572.85,20564.11,0.3347814968181058,0,0,0,0.0,0.0
MEX,5,8528,13,202501,24,778.58,27947.14,0.3347814968181058,0,0,0,0.0,0.0
MEX,5,8528,13,202502,25,602.38,21183.71,0.3347814968181058,0,0,0,0.0,0.0
MEX,5,8528,13,202503,26,565.05,19958.64,0.3347814968181058,0,0,0,0.0,0.0
MEX,5,8528,13,202504,27,462.54,16329.82,0.3347814968181058,0,1,0,0.3347814968181058,0.0
MEX,5,8528,13,202505,28,596.43,21115.06,0.3347814968181058,0,1,0,0.3347814968181058,0.0
MEX,5,8528,13,202506,29,592.59,21235.31,0.3347814968181058,0,1,0,0.3347814968181058,0.0
MEX,5,8528,13,202507,30,814.63,29368.35,0.3347814968181058,0,1,0,0.3347814968181058,0.0
MEX,5,8528,13,202508,31,919.84,32938.31,0.3347814968181058,0,1,0,0.3347814968181058,0.0
MEX,5,8528,13,202509,32,1139.86,41649.36,0.3347814968181058,0,1,0,0.3347814968181058,0.0
MEX,5,8528,13,202510,33,1385.09,50741.87,0.3347814968181058,0,1,0,0.3347814968181058,0.0
MEX,5,8528,13,202511,34,1136.23,41604.97,0.3347814968181058,0,1,0,0.3347814968181058,0.0
MEX,5,8528,13,202512,35,834.1,30530.34,0.3347814968181058,0,1,0,0.3347814968181058,0.0
MEX,5,8541,14,202301,0,46.95,5257.14,0.03397421317087017,0,0,0,0.0,0.0
MEX,5,8541,14,202302,1,50.72,5765.05,0.03397421317087017,0,0,0,0.0,0.0
MEX,5,8541,14,202303,2,64.57,7064.3,0.03397421317087017,0,0,0,0.0,0.0
MEX,5,8541,14,202304,3,52.57,5727.08,0.03397421317087017,0,0,0,0.0,0.0
MEX,5,8541,14,202305,4,58.13,6378.58,0.03397421317087017,0,0,0,0.0,0.0
MEX,5,8541,14,202306,5,66.77,7739.98,0.03397421317087017,0,0,0,0.0,0.0
MEX,5,8541,14,202307,6,57.36,7416.46,0.03397421317087017,0,0,0,0.0,0.0
MEX,5,8541,14,202308,7,51.05,6424.49,0.03397421317087017,0,0,0,0.0,0.0
MEX,5,8541,14,202309,8,51.48,7091.51,0.03397421317087017,0,0,0,0.0,0.0
MEX,5,8541,14,202310,9,57.43,7316.27,0.03397421317087017,0,0,0,0.0,0.0
MEX,5,8541,14,202311,10,54.68,6745.81,0.03397421317087017,0,0,0,0.0,0.0
MEX,5,8541,14,202312,11,47.04,6419.49,0.03397421317087017,0,0,0,0.0,0.0
MEX,5,8541,14,202401,12,30.27,3294.77,0.03397421317087017,0,0,0,0.0,0.0
MEX,5,8541,14,202402,13,47.47,6609.3,0.03397421317087017,0,0,0,0.0,0.0
MEX,5,8541,14,202403,14,43.48,6011.91,0.03397421317087017,0,0,0,0.0,0.0
MEX,5,8541,14,202404,15,41.72,5596.31,0.03397421317087017,0,0,0,0.0,0.0
MEX,5,8541,14,202405,16,50.28,6847.52,0.03397421317087017,0,0,0,0.0,0.0
MEX,5,8541,14,202406,17,56.01,8088.59,0.03397421317087017,0,0,0,0.0,0.0
MEX,5,8541,14,202407,18,26.81,3627.99,0.03397421317087017,0,0,0,0.0,0.0
MEX,5,8541,14,202408,19,17.01,129.53,0.03397421317087017,0,0,0,0.0,0.0
MEX,5,8541,14,202409,20,45.15,9337.9,0.03397421317087017,0,0,0,0.0,0.0
MEX,5,8541,14,202410,21,18.92,422.6,0.03397421317087017,0,0,0,0.0,0.0
MEX,5,8541,14,202411,22,18.36,56.38,0.03397421317087017,0,0,0,0.0,0.0
MEX,5,8541,14,202412,23,33.65,88.27,0.03397421317087017,0,0,0,0.0,0.0
MEX,5,8541,14,202501,24,14.38,49.23,0.03397421317087017,0,0,0,0.0,0.0
MEX,5,8541,14,202502,25,13.58,49.0,0.03397421317087017,0,0,0,0.0,0.0
MEX,5,8541,14,202503,26,12.21,51.67,0.03397421317087017,0,0,0,0.0,0.0
MEX,5,8541,14,202504,27,11.44,64.98,0.03397421317087017,0,1,0,0.03397421317087017,0.0
MEX,5,8541,14,202505,28,12.23,90.92,0.03397421317087017,0,1,0,0.03397421317087017,0.0
MEX,5,8541,14,202506,29,11.7,38.94,0.03397421317087017,0,1,0,0.03397421317087017,0.0
MEX,5,8541,14,202507,30,11.65,39.53,0.03397421317087017,0,1,0,0.03397421317087017,0.0
MEX,5,8541,14,202508,31,11.58,152.02,0.03397421317087017,0,1,0,0.03397421317087017,0.0
MEX,5,8541,14,202509,32,10.53,105.24,0.03397421317087017,0,1,0,0.03397421317087017,0.0
MEX,5,8541,14,202510,33,12.23,54.02,0.03397421317087017,0,1,0,0.03397421317087017,0.0
MEX,5,8541,14,202511,34,11.71,78.16,0.03397421317087017,0,1,0,0.03397421317087017,0.0
MEX,5,8541,14,202512,35,14.21,52.92,0.03397421317087017,0,1,0,0.03397421317087017,0.0
MEX,5,8544,15,202301,0,1235.42,47997.34,0.13566753252605626,0,0,0,0.0,0.0
MEX,5,8544,15,202302,1,1234.46,46459.75,0.13566753252605626,0,0,0,0.0,0.0
MEX,5,8544,15,202303,2,1433.44,54688.14,0.13566753252605626,0,0,0,0.0,0.0
MEX,5,8544,15,202304,3,1292.0,49707.55,0.13566753252605626,0,0,0,0.0,0.0
MEX,5,8544,15,202305,4,1386.79,53065.1,0.13566753252605626,0,0,0,0.0,0.0
MEX,5,8544,15,202306,5,1343.73,50017.61,0.13566753252605626,0,0,0,0.0,0.0
MEX,5,8544,15,202307,6,1266.61,44817.67,0.13566753252605626,0,0,0,0.0,0.0
MEX,5,8544,15,202308,7,1421.35,49474.61,0.13566753252605626,0,0,0,0.0,0.0
MEX,5,8544,15,202309,8,1272.42,45611.04,0.13566753252605626,0,0,0,0.0,0.0
MEX,5,8544,15,202310,9,1382.36,48928.04,0.13566753252605626,0,0,0,0.0,0.0
MEX,5,8544,15,202311,10,1258.74,45114.89,0.13566753252605626,0,0,0,0.0,0.0
MEX,5,8544,15,202312,11,1094.34,38054.29,0.13566753252605626,0,0,0,0.0,0.0
MEX,5,8544,15,202401,12,1277.3,44751.63,0.13566753252605626,0,0,0,0.0,0.0
MEX,5,8544,15,202402,13,1361.02,46404.34,0.13566753252605626,0,0,0,0.0,0.0
MEX,5,8544,15,202403,14,1374.25,47375.09,0.13566753252605626,0,0,0,0.0,0.0
MEX,5,8544,15,202404,15,1461.12,50731.42,0.13566753252605626,0,0,0,0.0,0.0
MEX,5,8544,15,202405,16,1506.74,51269.73,0.13566753252605626,0,0,0,0.0,0.0
MEX,5,8544,15,202406,17,1375.19,48076.12,0.13566753252605626,0,0,0,0.0,0.0
MEX,5,8544,15,202407,18,1388.24,58935.84,0.13566753252605626,0,0,0,0.0,0.0
MEX,5,8544,15,202408,19,1433.68,60376.93,0.13566753252605626,0,0,0,0.0,0.0
MEX,5,8544,15,202409,20,1358.18,57279.46,0.13566753252605626,0,0,0,0.0,0.0
MEX,5,8544,15,202410,21,1465.27,60874.76,0.13566753252605626,0,0,0,0.0,0.0
MEX,5,8544,15,202411,22,1342.86,55841.13,0.13566753252605626,0,0,0,0.0,0.0
MEX,5,8544,15,202412,23,1143.84,48096.75,0.13566753252605626,0,0,0,0.0,0.0
MEX,5,8544,15,202501,24,1297.24,54620.8,0.13566753252605626,0,0,0,0.0,0.0
MEX,5,8544,15,202502,25,1316.5,55916.7,0.13566753252605626,0,0,0,0.0,0.0
MEX,5,8544,15,202503,26,1532.72,64586.56,0.13566753252605626,0,0,0,0.0,0.0
MEX,5,8544,15,202504,27,1515.97,63243.82,0.13566753252605626,0,1,0,0.13566753252605626,0.0
MEX,5,8544,15,202505,28,1599.59,65726.87,0.13566753252605626,0,1,0,0.13566753252605626,0.0
MEX,5,8544,15,202506,29,1541.91,62952.04,0.13566753252605626,0,1,0,0.13566753252605626,0.0
MEX,5,8544,15,202507,30,1608.27,67002.96,0.13566753252605626,0,1,0,0.13566753252605626,0.0
MEX,5,8544,15,202508,31,1615.33,64781.12,0.13566753252605626,0,1,0,0.13566753252605626,0.0
MEX,5,8544,15,202509,32,1589.14,65512.95,0.13566753252605626,0,1,0,0.13566753252605626,0.0
MEX,5,8544,15,202510,33,1664.72,68981.51,0.13566753252605626,0,1,0,0.13566753252605626,0.0
MEX,5,8544,15,202511,34,1356.33,55300.46,0.13566753252605626,0,1,0,0.13566753252605626,0.0
MEX,5,8544,15,202512,35,1287.05,51957.48,0.13566753252605626,0,1,0,0.13566753252605626,0.0
MEX,5,9401,16,202301,0,658.09,59971.44,0.33783279157026774,0,0,0,0.0,0.0
MEX,5,9401,16,202302,1,644.34,58492.46,0.33783279157026774,0,0,0,0.0,0.0
MEX,5,9401,16,202303,2,754.91,68595.85,0.33783279157026774,0,0,0,0.0,0.0
MEX,5,9401,16,202304,3,692.23,62848.39,0.33783279157026774,0,0,0,0.0,0.0
MEX,5,9401,16,202305,4,748.46,67695.17,0.33783279157026774,0,0,0,0.0,0.0
MEX,5,9401,16,202306,5,696.71,63265.76,0.33783279157026774,0,0,0,0.0,0.0
MEX,5,9401,16,202307,6,665.45,56931.34,0.33783279157026774,0,0,0,0.0,0.0
MEX,5,9401,16,202308,7,760.33,64345.57,0.33783279157026774,0,0,0,0.0,0.0
MEX,5,9401,16,202309,8,720.3,61158.49,0.33783279157026774,0,0,0,0.0,0.0
MEX,5,9401,16,202310,9,698.12,59756.97,0.33783279157026774,0,0,0,0.0,0.0
MEX,5,9401,16,202311,10,667.58,57085.8,0.33783279157026774,0,0,0,0.0,0.0
MEX,5,9401,16,202312,11,579.08,50825.95,0.33783279157026774,0,0,0,0.0,0.0
MEX,5,9401,16,202401,12,657.29,56599.44,0.33783279157026774,0,0,0,0.0,0.0
MEX,5,9401,16,202402,13,706.87,60827.25,0.33783279157026774,0,0,0,0.0,0.0
MEX,5,9401,16,202403,14,738.82,63713.06,0.33783279157026774,0,0,0,0.0,0.0
MEX,5,9401,16,202404,15,748.94,64693.06,0.33783279157026774,0,0,0,0.0,0.0
MEX,5,9401,16,202405,16,739.3,63816.2,0.33783279157026774,0,0,0,0.0,0.0
MEX,5,9401,16,202406,17,653.95,57268.22,0.33783279157026774,0,0,0,0.0,0.0
MEX,5,9401,16,202407,18,655.44,56750.03,0.33783279157026774,0,0,0,0.0,0.0
MEX,5,9401,16,202408,19,720.89,61166.17,0.33783279157026774,0,0,0,0.0,0.0
MEX,5,9401,16,202409,20,683.22,57825.95,0.33783279157026774,0,0,0,0.0,0.0
MEX,5,9401,16,202410,21,713.15,60865.68,0.33783279157026774,0,0,0,0.0,0.0
MEX,5,9401,16,202411,22,656.11,56101.66,0.33783279157026774,0,0,0,0.0,0.0
MEX,5,9401,16,202412,23,509.96,44966.3,0.33783279157026774,0,0,0,0.0,0.0
MEX,5,9401,16,202501,24,624.52,53185.62,0.33783279157026774,0,0,0,0.0,0.0
MEX,5,9401,16,202502,25,657.11,55154.24,0.33783279157026774,0,0,0,0.0,0.0
MEX,5,9401,16,202503,26,722.64,60306.09,0.33783279157026774,0,0,0,0.0,0.0
MEX,5,9401,16,202504,27,670.79,56101.72,0.33783279157026774,0,1,0,0.33783279157026774,0.0
MEX,5,9401,16,202505,28,708.17,59357.4,0.33783279157026774,0,1,0,0.33783279157026774,0.0
MEX,5,9401,16,202506,29,643.89,54653.45,0.33783279157026774,0,1,0,0.33783279157026774,0.0
MEX,5,9401,16,202507,30,691.25,58509.77,0.33783279157026774,0,1,0,0.33783279157026774,0.0
MEX,5,9401,16,202508,31,717.89,56429.42,0.33783279157026774,0,1,0,0.33783279157026774,0.0
MEX,5,9401,16,202509,32,716.03,56362.31,0.33783279157026774,0,1,0,0.33783279157026774,0.0
MEX,5,9401,16,202510,33,734.2,58222.54,0.33783279157026774,0,1,0,0.33783279157026774,0.0
MEX,5,9401,16,202511,34,642.0,50489.65,0.33783279157026774,0,1,0,0.33783279157026774,0.0
MEX,5,9401,16,202512,35,547.38,43875.74,0.33783279157026774,0,1,0,0.33783279157026774,0.0
MEX,5,9403,17,202301,0,239.63,55515.56,0.32987861426539994,0,0,0,0.0,0.0
MEX,5,9403,17,202302,1,210.18,49091.79,0.32987861426539994,0,0,0,0.0,0.0
MEX,5,9403,17,202303,2,217.76,51649.24,0.32987861426539994,0,0,0,0.0,0.0
MEX,5,9403,17,202304,3,183.01,43922.42,0.32987861426539994,0,0,0,0.0,0.0
MEX,5,9403,17,202305,4,205.43,49013.92,0.32987861426539994,0,0,0,0.0,0.0
MEX,5,9403,17,202306,5,213.42,48937.42,0.32987861426539994,0,0,0,0.0,0.0
MEX,5,9403,17,202307,6,195.07,42829.19,0.32987861426539994,0,0,0,0.0,0.0
MEX,5,9403,17,202308,7,209.13,47410.02,0.32987861426539994,0,0,0,0.0,0.0
MEX,5,9403,17,202309,8,194.39,44451.76,0.32987861426539994,0,0,0,0.0,0.0
MEX,5,9403,17,202310,9,214.03,49138.2,0.32987861426539994,0,0,0,0.0,0.0
MEX,5,9403,17,202311,10,210.63,47194.31,0.32987861426539994,0,0,0,0.0,0.0
MEX,5,9403,17,202312,11,173.13,39795.11,0.32987861426539994,0,0,0,0.0,0.0
MEX,5,9403,17,202401,12,166.36,39245.34,0.32987861426539994,0,0,0,0.0,0.0
MEX,5,9403,17,202402,13,176.83,40535.23,0.32987861426539994,0,0,0,0.0,0.0
MEX,5,9403,17,202403,14,191.0,42376.92,0.32987861426539994,0,0,0,0.0,0.0
MEX,5,9403,17,202404,15,188.58,43567.2,0.32987861426539994,0,0,0,0.0,0.0
MEX,5,9403,17,202405,16,201.41,45860.46,0.32987861426539994,0,0,0,0.0,0.0
MEX,5,9403,17,202406,17,192.71,43035.22,0.32987861426539994,0,0,0,0.0,0.0
MEX,5,9403,17,202407,18,213.34,50722.6,0.32987861426539994,0,0,0,0.0,0.0
MEX,5,9403,17,202408,19,199.73,49100.0,0.32987861426539994,0,0,0,0.0,0.0
MEX,5,9403,17,202409,20,182.38,44266.94,0.32987861426539994,0,0,0,0.0,0.0
MEX,5,9403,17,202410,21,205.8,48942.92,0.32987861426539994,0,0,0,0.0,0.0
MEX,5,9403,17,202411,22,176.99,42719.06,0.32987861426539994,0,0,0,0.0,0.0
MEX,5,9403,17,202412,23,167.84,39995.81,0.32987861426539994,0,0,0,0.0,0.0
MEX,5,9403,17,202501,24,205.55,49273.22,0.32987861426539994,0,0,0,0.0,0.0
MEX,5,9403,17,202502,25,181.63,43540.23,0.32987861426539994,0,0,0,0.0,0.0
MEX,5,9403,17,202503,26,174.47,44874.32,0.32987861426539994,0,0,0,0.0,0.0
MEX,5,9403,17,202504,27,151.45,40252.46,0.32987861426539994,0,1,0,0.32987861426539994,0.0
MEX,5,9403,17,202505,28,169.28,42151.34,0.32987861426539994,0,1,0,0.32987861426539994,0.0
MEX,5,9403,17,202506,29,159.32,39526.59,0.32987861426539994,0,1,0,0.32987861426539994,0.0
MEX,5,9403,17,202507,30,173.11,43284.6,0.32987861426539994,0,1,0,0.32987861426539994,0.0
MEX,5,9403,17,202508,31,146.77,40727.0,0.32987861426539994,0,1,0,0.32987861426539994,0.0
MEX,5,9403,17,202509,32,149.9,40689.28,0.32987861426539994,0,1,0,0.32987861426539994,0.0
MEX,5,9403,17,202510,33,167.12,44909.5,0.32987861426539994,0,1,0,0.32987861426539994,0.0
MEX,5,9403,17,202511,34,135.53,37956.65,0.32987861426539994,0,1,0,0.32987861426539994,0.0
MEX,5,9403,17,202512,35,133.62,36755.59,0.32987861426539994,0,1,0,0.32987861426539994,0.0
MEX,5,9405,18,202301,0,141.63,7468.17,0.5216145392002935,0,0,0,0.0,0.0
MEX,5,9405,18,202302,1,136.73,6590.09,0.5216145392002935,0,0,0,0.0,0.0
MEX,5,9405,18,202303,2,158.53,7842.69,0.5216145392002935,0,0,0,0.0,0.0
MEX,5,9405,18,202304,3,143.97,8103.35,0.5216145392002935,0,0,0,0.0,0.0
MEX,5,9405,18,202305,4,154.89,7481.88,0.5216145392002935,0,0,0,0.0,0.0
MEX,5,9405,18,202306,5,158.4,7320.53,0.5216145392002935,0,0,0,0.0,0.0
MEX,5,9405,18,202307,6,151.45,6825.36,0.5216145392002935,0,0,0,0.0,0.0
MEX,5,9405,18,202308,7,163.85,7738.83,0.5216145392002935,0,0,0,0.0,0.0
MEX,5,9405,18,202309,8,143.77,6755.64,0.5216145392002935,0,0,0,0.0,0.0
MEX,5,9405,18,202310,9,158.95,6819.48,0.5216145392002935,0,0,0,0.0,0.0
MEX,5,9405,18,202311,10,143.77,6093.06,0.5216145392002935,0,0,0,0.0,0.0
MEX,5,9405,18,202312,11,130.86,5555.76,0.5216145392002935,0,0,0,0.0,0.0
MEX,5,9405,18,202401,12,144.48,6123.09,0.5216145392002935,0,0,0,0.0,0.0
MEX,5,9405,18,202402,13,140.28,6159.84,0.5216145392002935,0,0,0,0.0,0.0
MEX,5,9405,18,202403,14,142.17,5984.93,0.5216145392002935,0,0,0,0.0,0.0
MEX,5,9405,18,202404,15,150.09,6429.67,0.5216145392002935,0,0,0,0.0,0.0
MEX,5,9405,18,202405,16,151.76,6605.48,0.5216145392002935,0,0,0,0.0,0.0
MEX,5,9405,18,202406,17,152.17,7441.86,0.5216145392002935,0,0,0,0.0,0.0
MEX,5,9405,18,202407,18,161.58,26652.75,0.5216145392002935,0,0,0,0.0,0.0
MEX,5,9405,18,202408,19,160.82,7752.27,0.5216145392002935,0,0,0,0.0,0.0
MEX,5,9405,18,202409,20,141.1,7733.29,0.5216145392002935,0,0,0,0.0,0.0
MEX,5,9405,18,202410,21,149.53,7310.2,0.5216145392002935,0,0,0,0.0,0.0
MEX,5,9405,18,202411,22,141.43,6613.68,0.5216145392002935,0,0,0,0.0,0.0
MEX,5,9405,18,202412,23,134.34,6388.37,0.5216145392002935,0,0,0,0.0,0.0
MEX,5,9405,18,202501,24,138.44,6368.03,0.5216145392002935,0,0,0,0.0,0.0
MEX,5,9405,18,202502,25,136.84,6564.35,0.5216145392002935,0,0,0,0.0,0.0
MEX,5,9405,18,202503,26,159.92,7581.18,0.5216145392002935,0,0,0,0.0,0.0
MEX,5,9405,18,202504,27,167.74,8322.27,0.5216145392002935,0,1,0,0.5216145392002935,0.0
MEX,5,9405,18,202505,28,174.6,9230.16,0.5216145392002935,0,1,0,0.5216145392002935,0.0
MEX,5,9405,18,202506,29,156.61,9227.24,0.5216145392002935,0,1,0,0.5216145392002935,0.0
MEX,5,9405,18,202507,30,156.89,8351.34,0.5216145392002935,0,1,0,0.5216145392002935,0.0
MEX,5,9405,18,202508,31,147.9,10564.47,0.5216145392002935,0,1,0,0.5216145392002935,0.0
MEX,5,9405,18,202509,32,137.63,9978.47,0.5216145392002935,0,1,0,0.5216145392002935,0.0
MEX,5,9405,18,202510,33,142.58,9302.26,0.5216145392002935,0,1,0,0.5216145392002935,0.0
MEX,5,9405,18,202511,34,122.06,8668.36,0.5216145392002935,0,1,0,0.5216145392002935,0.0
MEX,5,9405,18,202512,35,119.46,8227.89,0.5216145392002935,0,1,0,0.5216145392002935,0.0
MEX,5,9503,19,202301,0,58.89,3884.84,0.8174924032568407,0,0,0,0.0,0.0
MEX,5,9503,19,202302,1,54.09,3568.48,0.8174924032568407,0,0,0,0.0,0.0
MEX,5,9503,19,202303,2,67.91,4479.55,0.8174924032568407,0,0,0,0.0,0.0
MEX,5,9503,19,202304,3,69.55,4588.3,0.8174924032568407,0,0,0,0.0,0.0
MEX,5,9503,19,202305,4,86.15,5683.27,0.8174924032568407,0,0,0,0.0,0.0
MEX,5,9503,19,202306,5,83.07,5479.68,0.8174924032568407,0,0,0,0.0,0.0
MEX,5,9503,19,202307,6,90.39,5688.73,0.8174924032568407,0,0,0,0.0,0.0
MEX,5,9503,19,202308,7,90.0,5664.29,0.8174924032568407,0,0,0,0.0,0.0
MEX,5,9503,19,202309,8,85.12,5356.99,0.8174924032568407,0,0,0,0.0,0.0
MEX,5,9503,19,202310,9,90.04,5666.85,0.8174924032568407,0,0,0,0.0,0.0
MEX,5,9503,19,202311,10,87.9,5532.2,0.8174924032568407,0,0,0,0.0,0.0
MEX,5,9503,19,202312,11,57.18,3620.3,0.8174924032568407,0,0,0,0.0,0.0
MEX,5,9503,19,202401,12,78.64,4978.77,0.8174924032568407,0,0,0,0.0,0.0
MEX,5,9503,19,202402,13,87.39,5532.69,0.8174924032568407,0,0,0,0.0,0.0
MEX,5,9503,19,202403,14,92.25,5840.56,0.8174924032568407,0,0,0,0.0,0.0
MEX,5,9503,19,202404,15,103.81,6572.46,0.8174924032568407,0,0,0,0.0,0.0
MEX,5,9503,19,202405,16,98.46,6233.75,0.8174924032568407,0,0,0,0.0,0.0
MEX,5,9503,19,202406,17,90.4,5722.94,0.8174924032568407,0,0,0,0.0,0.0
MEX,5,9503,19,202407,18,109.27,7157.85,0.8174924032568407,0,0,0,0.0,0.0
MEX,5,9503,19,202408,19,115.54,7568.1,0.8174924032568407,0,0,0,0.0,0.0
MEX,5,9503,19,202409,20,103.69,6791.94,0.8174924032568407,0,0,0,0.0,0.0
MEX,5,9503,19,202410,21,108.25,7090.91,0.8174924032568407,0,0,0,0.0,0.0
MEX,5,9503,19,202411,22,112.66,7379.43,0.8174924032568407,0,0,0,0.0,0.0
MEX,5,9503,19,202412,23,76.09,4984.09,0.8174924032568407,0,0,0,0.0,0.0
MEX,5,9503,19,202501,24,85.59,5606.28,0.8174924032568407,0,0,0,0.0,0.0
MEX,5,9503,19,202502,25,87.35,5722.02,0.8174924032568407,0,0,0,0.0,0.0
MEX,5,9503,19,202503,26,104.54,6847.61,0.8174924032568407,0,0,0,0.0,0.0
MEX,5,9503,19,202504,27,99.98,6549.31,0.8174924032568407,0,1,0,0.8174924032568407,0.0
MEX,5,9503,19,202505,28,112.31,7356.95,0.8174924032568407,0,1,0,0.8174924032568407,0.0
MEX,5,9503,19,202506,29,105.42,6905.23,0.8174924032568407,0,1,0,0.8174924032568407,0.0
MEX,5,9503,19,202507,30,112.75,7385.86,0.8174924032568407,0,1,0,0.8174924032568407,0.0
MEX,5,9503,19,202508,31,117.81,7752.77,0.8174924032568407,0,1,0,0.8174924032568407,0.0
MEX,5,9503,19,202509,32,113.39,7462.23,0.8174924032568407,0,1,0,0.8174924032568407,0.0
MEX,5,9503,19,202510,33,112.01,7371.43,0.8174924032568407,0,1,0,0.8174924032568407,0.0
MEX,5,9503,19,202511,34,115.5,7600.59,0.8174924032568407,0,1,0,0.8174924032568407,0.0
MEX,5,9503,19,202512,35,82.5,5428.88,0.8174924032568407,0,1,0,0.8174924032568407,0.0
MYS,6,3926,0,202301,0,3.65,687.21,0.592931327318276,0,0,0,0.0,0.0
MYS,6,3926,0,202302,1,3.43,716.75,0.592931327318276,0,0,0,0.0,0.0
MYS,6,3926,0,202303,2,4.62,647.02,0.592931327318276,0,0,0,0.0,0.0
MYS,6,3926,0,202304,3,3.92,685.88,0.592931327318276,0,0,0,0.0,0.0
MYS,6,3926,0,202305,4,4.69,931.83,0.592931327318276,0,0,0,0.0,0.0
MYS,6,3926,0,202306,5,4.17,866.45,0.592931327318276,0,0,0,0.0,0.0
MYS,6,3926,0,202307,6,3.68,846.22,0.592931327318276,0,0,0,0.0,0.0
MYS,6,3926,0,202308,7,3.52,504.59,0.592931327318276,0,0,0,0.0,0.0
MYS,6,3926,0,202309,8,3.2,533.27,0.592931327318276,0,0,0,0.0,0.0
MYS,6,3926,0,202310,9,4.76,855.86,0.592931327318276,0,0,0,0.0,0.0
MYS,6,3926,0,202311,10,2.8,269.77,0.592931327318276,0,0,0,0.0,0.0
MYS,6,3926,0,202312,11,4.09,665.39,0.592931327318276,0,0,0,0.0,0.0
MYS,6,3926,0,202401,12,3.69,508.61,0.592931327318276,0,0,0,0.0,0.0
MYS,6,3926,0,202402,13,4.82,609.43,0.592931327318276,0,0,0,0.0,0.0
MYS,6,3926,0,202403,14,5.01,638.12,0.592931327318276,0,0,0,0.0,0.0
MYS,6,3926,0,202404,15,5.24,271.63,0.592931327318276,0,0,0,0.0,0.0
MYS,6,3926,0,202405,16,4.43,234.07,0.592931327318276,0,0,0,0.0,0.0
MYS,6,3926,0,202406,17,4.72,248.37,0.592931327318276,0,0,0,0.0,0.0
MYS,6,3926,0,202407,18,4.11,255.09,0.592931327318276,0,0,0,0.0,0.0
MYS,6,3926,0,202408,19,5.29,306.38,0.592931327318276,0,0,0,0.0,0.0
MYS,6,3926,0,202409,20,6.39,386.14,0.592931327318276,0,0,0,0.0,0.0
MYS,6,3926,0,202410,21,8.16,727.03,0.592931327318276,0,0,0,0.0,0.0
MYS,6,3926,0,202411,22,8.68,459.44,0.592931327318276,0,0,0,0.0,0.0
MYS,6,3926,0,202412,23,8.15,451.14,0.592931327318276,0,0,0,0.0,0.0
MYS,6,3926,0,202501,24,8.26,500.66,0.592931327318276,0,0,0,0.0,0.0
MYS,6,3926,0,202502,25,5.92,374.09,0.592931327318276,0,0,0,0.0,0.0
MYS,6,3926,0,202503,26,10.64,650.01,0.592931327318276,0,0,0,0.0,0.0
MYS,6,3926,0,202504,27,7.04,465.28,0.592931327318276,0,1,0,0.592931327318276,0.0
MYS,6,3926,0,202505,28,7.85,567.48,0.592931327318276,0,1,0,0.592931327318276,0.0
MYS,6,3926,0,202506,29,7.96,563.07,0.592931327318276,0,1,0,0.592931327318276,0.0
MYS,6,3926,0,202507,30,9.72,607.59,0.592931327318276,0,1,0,0.592931327318276,0.0
MYS,6,3926,0,202508,31,8.51,1956.02,0.592931327318276,0,1,0,0.592931327318276,0.0
MYS,6,3926,0,202509,32,9.3,1916.11,0.592931327318276,0,1,0,0.592931327318276,0.0
MYS,6,3926,0,202510,33,8.09,1896.55,0.592931327318276,0,1,0,0.592931327318276,0.0
MYS,6,3926,0,202511,34,7.53,485.14,0.592931327318276,0,1,0,0.592931327318276,0.0
MYS,6,3926,0,202512,35,9.17,560.1,0.592931327318276,0,1,0,0.592931327318276,0.0
MYS,6,4202,1,202301,0,1.24,87.35,0.5082599842937704,0,0,0,0.0,0.0
MYS,6,4202,1,202302,1,0.19,16.5,0.5082599842937704,0,0,0,0.0,0.0
MYS,6,4202,1,202303,2,0.33,15.98,0.5082599842937704,0,0,0,0.0,0.0
MYS,6,4202,1,202304,3,0.18,12.98,0.5082599842937704,0,0,0,0.0,0.0
MYS,6,4202,1,202305,4,0.08,4.69,0.5082599842937704,0,0,0,0.0,0.0
MYS,6,4202,1,202306,5,0.27,16.38,0.5082599842937704,0,0,0,0.0,0.0
MYS,6,4202,1,202307,6,0.04,1.83,0.5082599842937704,0,0,0,0.0,0.0
MYS,6,4202,1,202308,7,0.38,36.32,0.5082599842937704,0,0,0,0.0,0.0
MYS,6,4202,1,202309,8,0.31,25.42,0.5082599842937704,0,0,0,0.0,0.0
MYS,6,4202,1,202310,9,0.74,116.61,0.5082599842937704,0,0,0,0.0,0.0
MYS,6,4202,1,202311,10,1.01,99.98,0.5082599842937704,0,0,0,0.0,0.0
MYS,6,4202,1,202312,11,0.3,37.25,0.5082599842937704,0,0,0,0.0,0.0
MYS,6,4202,1,202401,12,0.51,38.28,0.5082599842937704,0,0,0,0.0,0.0
MYS,6,4202,1,202402,13,0.42,29.57,0.5082599842937704,0,0,0,0.0,0.0
MYS,6,4202,1,202403,14,0.41,33.32,0.5082599842937704,0,0,0,0.0,0.0
MYS,6,4202,1,202404,15,0.48,23.95,0.5082599842937704,0,0,0,0.0,0.0
MYS,6,4202,1,202405,16,0.28,13.18,0.5082599842937704,0,0,0,0.0,0.0
MYS,6,4202,1,202406,17,0.3,13.02,0.5082599842937704,0,0,0,0.0,0.0
MYS,6,4202,1,202407,18,0.09,4.75,0.5082599842937704,0,0,0,0.0,0.0
MYS,6,4202,1,202408,19,0.51,25.61,0.5082599842937704,0,0,0,0.0,0.0
MYS,6,4202,1,202409,20,0.58,28.68,0.5082599842937704,0,0,0,0.0,0.0
MYS,6,4202,1,202410,21,0.64,30.42,0.5082599842937704,0,0,0,0.0,0.0
MYS,6,4202,1,202411,22,0.49,24.68,0.5082599842937704,0,0,0,0.0,0.0
MYS,6,4202,1,202412,23,0.95,47.02,0.5082599842937704,0,0,0,0.0,0.0
MYS,6,4202,1,202501,24,0.72,36.57,0.5082599842937704,0,0,0,0.0,0.0
MYS,6,4202,1,202502,25,0.56,28.43,0.5082599842937704,0,0,0,0.0,0.0
MYS,6,4202,1,202503,26,0.38,19.01,0.5082599842937704,0,0,0,0.0,0.0
MYS,6,4202,1,202504,27,0.86,44.24,0.5082599842937704,0,1,0,0.5082599842937704,0.0
MYS,6,4202,1,202505,28,0.96,49.63,0.5082599842937704,0,1,0,0.5082599842937704,0.0
MYS,6,4202,1,202506,29,0.52,26.8,0.5082599842937704,0,1,0,0.5082599842937704,0.0
MYS,6,4202,1,202507,30,0.62,31.88,0.5082599842937704,0,1,0,0.5082599842937704,0.0
MYS,6,4202,1,202508,31,0.93,89.46,0.5082599842937704,0,1,0,0.5082599842937704,0.0
MYS,6,4202,1,202509,32,0.99,103.69,0.5082599842937704,0,1,0,0.5082599842937704,0.0
MYS,6,4202,1,202510,33,0.69,66.83,0.5082599842937704,0,1,0,0.5082599842937704,0.0
MYS,6,4202,1,202511,34,1.4,69.28,0.5082599842937704,0,1,0,0.5082599842937704,0.0
MYS,6,4202,1,202512,35,1.39,69.18,0.5082599842937704,0,1,0,0.5082599842937704,0.0
MYS,6,6110,2,202301,0,6.36,280.82,0.43468577984429585,0,0,0,0.0,0.0
MYS,6,6110,2,202302,1,6.31,262.26,0.43468577984429585,0,0,0,0.0,0.0
MYS,6,6110,2,202303,2,6.66,320.69,0.43468577984429585,0,0,0,0.0,0.0
MYS,6,6110,2,202304,3,6.36,283.29,0.43468577984429585,0,0,0,0.0,0.0
MYS,6,6110,2,202305,4,7.71,353.5,0.43468577984429585,0,0,0,0.0,0.0
MYS,6,6110,2,202306,5,14.01,678.69,0.43468577984429585,0,0,0,0.0,0.0
MYS,6,6110,2,202307,6,10.38,472.19,0.43468577984429585,0,0,0,0.0,0.0
MYS,6,6110,2,202308,7,9.0,398.41,0.43468577984429585,0,0,0,0.0,0.0
MYS,6,6110,2,202309,8,9.76,449.25,0.43468577984429585,0,0,0,0.0,0.0
MYS,6,6110,2,202310,9,4.82,225.09,0.43468577984429585,0,0,0,0.0,0.0
MYS,6,6110,2,202311,10,6.76,238.36,0.43468577984429585,0,0,0,0.0,0.0
MYS,6,6110,2,202312,11,4.43,193.76,0.43468577984429585,0,0,0,0.0,0.0
MYS,6,6110,2,202401,12,4.78,217.3,0.43468577984429585,0,0,0,0.0,0.0
MYS,6,6110,2,202402,13,3.34,152.71,0.43468577984429585,0,0,0,0.0,0.0
MYS,6,6110,2,202403,14,4.66,188.93,0.43468577984429585,0,0,0,0.0,0.0
MYS,6,6110,2,202404,15,3.96,132.45,0.43468577984429585,0,0,0,0.0,0.0
MYS,6,6110,2,202405,16,8.37,280.03,0.43468577984429585,0,0,0,0.0,0.0
MYS,6,6110,2,202406,17,14.22,476.04,0.43468577984429585,0,0,0,0.0,0.0
MYS,6,6110,2,202407,18,7.99,277.65,0.43468577984429585,0,0,0,0.0,0.0
MYS,6,6110,2,202408,19,8.8,305.47,0.43468577984429585,0,0,0,0.0,0.0
MYS,6,6110,2,202409,20,10.48,363.95,0.43468577984429585,0,0,0,0.0,0.0
MYS,6,6110,2,202410,21,11.12,385.58,0.43468577984429585,0,0,0,0.0,0.0
MYS,6,6110,2,202411,22,5.76,200.02,0.43468577984429585,0,0,0,0.0,0.0
MYS,6,6110,2,202412,23,5.74,199.27,0.43468577984429585,0,0,0,0.0,0.0
MYS,6,6110,2,202501,24,1.98,68.86,0.43468577984429585,0,0,0,0.0,0.0
MYS,6,6110,2,202502,25,2.31,80.29,0.43468577984429585,0,0,0,0.0,0.0
MYS,6,6110,2,202503,26,1.96,68.2,0.43468577984429585,0,0,0,0.0,0.0
MYS,6,6110,2,202504,27,4.08,141.63,0.43468577984429585,0,1,0,0.43468577984429585,0.0
MYS,6,6110,2,202505,28,8.19,284.42,0.43468577984429585,0,1,0,0.43468577984429585,0.0
MYS,6,6110,2,202506,29,8.16,283.51,0.43468577984429585,0,1,0,0.43468577984429585,0.0
MYS,6,6110,2,202507,30,7.38,256.24,0.43468577984429585,0,1,0,0.43468577984429585,0.0
MYS,6,6110,2,202508,31,6.81,282.53,0.43468577984429585,0,1,0,0.43468577984429585,0.0
MYS,6,6110,2,202509,32,6.29,162.59,0.43468577984429585,0,1,0,0.43468577984429585,0.0
MYS,6,6110,2,202510,33,6.66,216.92,0.43468577984429585,0,1,0,0.43468577984429585,0.0
MYS,6,6110,2,202511,34,3.25,107.24,0.43468577984429585,0,1,0,0.43468577984429585,0.0
MYS,6,6110,2,202512,35,7.9,260.59,0.43468577984429585,0,1,0,0.43468577984429585,0.0
MYS,6,6204,3,202301,0,0.77,18.0,0.42349635741507496,0,0,0,0.0,0.0
MYS,6,6204,3,202302,1,0.09,1.78,0.42349635741507496,0,0,0,0.0,0.0
MYS,6,6204,3,202303,2,0.1,5.07,0.42349635741507496,0,0,0,0.0,0.0
MYS,6,6204,3,202304,3,0.14,1.95,0.42349635741507496,0,0,0,0.0,0.0
MYS,6,6204,3,202305,4,0.02,0.92,0.42349635741507496,0,0,0,0.0,0.0
MYS,6,6204,3,202306,5,0.03,1.32,0.42349635741507496,0,0,0,0.0,0.0
MYS,6,6204,3,202307,6,0.15,4.34,0.42349635741507496,0,0,0,0.0,0.0
MYS,6,6204,3,202308,7,0.01,0.31,0.42349635741507496,0,0,0,0.0,0.0
MYS,6,6204,3,202309,8,0.03,0.32,0.42349635741507496,0,0,0,0.0,0.0
MYS,6,6204,3,202310,9,0.0,0.01,0.42349635741507496,0,0,0,0.0,0.0
MYS,6,6204,3,202311,10,0.05,1.43,0.42349635741507496,0,0,0,0.0,0.0
MYS,6,6204,3,202312,11,0.04,1.26,0.42349635741507496,0,0,0,0.0,0.0
MYS,6,6204,3,202401,12,0.02,0.1,0.42349635741507496,0,0,0,0.0,0.0
MYS,6,6204,3,202402,13,0.0,0.04,0.42349635741507496,0,0,0,0.0,0.0
MYS,6,6204,3,202403,14,0.04,1.14,0.42349635741507496,0,0,0,0.0,0.0
MYS,6,6204,3,202404,15,0.01,0.15,0.42349635741507496,0,0,0,0.0,0.0
MYS,6,6204,3,202405,16,0.5,14.04,0.42349635741507496,0,0,0,0.0,0.0
MYS,6,6204,3,202406,17,0.08,2.07,0.42349635741507496,0,0,0,0.0,0.0
MYS,6,6204,3,202407,18,0.53,15.52,0.42349635741507496,0,0,0,0.0,0.0
MYS,6,6204,3,202408,19,0.03,0.65,0.42349635741507496,0,0,0,0.0,0.0
MYS,6,6204,3,202409,20,0.37,10.92,0.42349635741507496,0,0,0,0.0,0.0
MYS,6,6204,3,202410,21,0.13,3.95,0.42349635741507496,0,0,0,0.0,0.0
MYS,6,6204,3,202411,22,0.14,4.13,0.42349635741507496,0,0,0,0.0,0.0
MYS,6,6204,3,202412,23,0.18,5.06,0.42349635741507496,0,0,0,0.0,0.0
MYS,6,6204,3,202501,24,0.04,1.21,0.42349635741507496,0,0,0,0.0,0.0
MYS,6,6204,3,202502,25,0.03,0.92,0.42349635741507496,0,0,0,0.0,0.0
MYS,6,6204,3,202503,26,0.0,0.08,0.42349635741507496,0,0,0,0.0,0.0
MYS,6,6204,3,202504,27,0.01,0.28,0.42349635741507496,0,1,0,0.42349635741507496,0.0
MYS,6,6204,3,202505,28,0.02,0.46,0.42349635741507496,0,1,0,0.42349635741507496,0.0
MYS,6,6204,3,202506,29,0.03,0.51,0.42349635741507496,0,1,0,0.42349635741507496,0.0
MYS,6,6204,3,202507,30,0.0,0.03,0.42349635741507496,0,1,0,0.42349635741507496,0.0
MYS,6,6204,3,202508,31,0.01,0.11,0.42349635741507496,0,1,0,0.42349635741507496,0.0
MYS,6,6204,3,202509,32,0.06,6.33,0.42349635741507496,0,1,0,0.42349635741507496,0.0
MYS,6,6204,3,202510,33,0.02,0.01,0.42349635741507496,0,1,0,0.42349635741507496,0.0
MYS,6,6204,3,202511,34,0.01,0.18,0.42349635741507496,0,1,0,0.42349635741507496,0.0
MYS,6,6204,3,202512,35,0.06,1.6,0.42349635741507496,0,1,0,0.42349635741507496,0.0
MYS,6,6402,4,202308,7,0.0,0.15,0.6876787251706538,0,0,0,0.0,0.0
MYS,6,6402,4,202405,16,0.0,0.04,0.6876787251706538,0,0,0,0.0,0.0
MYS,6,6402,4,202408,19,0.03,1.11,0.6876787251706538,0,0,0,0.0,0.0
MYS,6,6402,4,202410,21,0.04,1.76,0.6876787251706538,0,0,0,0.0,0.0
MYS,6,6402,4,202411,22,0.02,1.01,0.6876787251706538,0,0,0,0.0,0.0
MYS,6,6402,4,202412,23,0.0,0.03,0.6876787251706538,0,0,0,0.0,0.0
MYS,6,6402,4,202502,25,0.02,0.96,0.6876787251706538,0,0,0,0.0,0.0
MYS,6,6402,4,202507,30,0.06,1.7,0.6876787251706538,0,1,0,0.6876787251706538,0.0
MYS,6,6402,4,202509,32,0.06,2.39,0.6876787251706538,0,1,0,0.6876787251706538,0.0
MYS,6,6402,4,202510,33,0.09,3.83,0.6876787251706538,0,1,0,0.6876787251706538,0.0
MYS,6,6402,4,202511,34,0.03,1.1,0.6876787251706538,0,1,0,0.6876787251706538,0.0
MYS,6,6402,4,202512,35,0.01,0.53,0.6876787251706538,0,1,0,0.6876787251706538,0.0
MYS,6,6403,5,202303,2,0.01,0.6,0.3564216173855382,0,0,0,0.0,0.0
MYS,6,6403,5,202306,5,0.25,12.12,0.3564216173855382,0,0,0,0.0,0.0
MYS,6,6403,5,202307,6,0.03,1.24,0.3564216173855382,0,0,0,0.0,0.0
MYS,6,6403,5,202308,7,0.25,11.07,0.3564216173855382,0,0,0,0.0,0.0
MYS,6,6403,5,202310,9,0.01,0.52,0.3564216173855382,0,0,0,0.0,0.0
MYS,6,6403,5,202312,11,0.0,0.02,0.3564216173855382,0,0,0,0.0,0.0
MYS,6,6403,5,202402,13,0.01,0.13,0.3564216173855382,0,0,0,0.0,0.0
MYS,6,6403,5,202405,16,0.0,0.07,0.3564216173855382,0,0,0,0.0,0.0
MYS,6,6403,5,202407,18,0.0,0.01,0.3564216173855382,0,0,0,0.0,0.0
MYS,6,6403,5,202408,19,0.18,3.84,0.3564216173855382,0,0,0,0.0,0.0
MYS,6,6403,5,202409,20,0.0,0.02,0.3564216173855382,0,0,0,0.0,0.0
MYS,6,6403,5,202410,21,0.0,0.01,0.3564216173855382,0,0,0,0.0,0.0
MYS,6,6403,5,202411,22,0.0,0.06,0.3564216173855382,0,0,0,0.0,0.0
MYS,6,6403,5,202412,23,0.0,0.04,0.3564216173855382,0,0,0,0.0,0.0
MYS,6,6403,5,202506,29,0.0,0.1,0.3564216173855382,0,1,0,0.3564216173855382,0.0
MYS,6,6403,5,202507,30,0.0,0.11,0.3564216173855382,0,1,0,0.3564216173855382,0.0
MYS,6,6403,5,202509,32,0.04,0.83,0.3564216173855382,0,1,0,0.3564216173855382,0.0
MYS,6,6403,5,202512,35,0.0,0.02,0.3564216173855382,0,1,0,0.3564216173855382,0.0
MYS,6,7326,6,202301,0,4.66,208.05,0.371942620179757,0,0,0,0.0,0.0
MYS,6,7326,6,202302,1,3.39,246.34,0.371942620179757,0,0,0,0.0,0.0
MYS,6,7326,6,202303,2,4.9,277.2,0.371942620179757,0,0,0,0.0,0.0
MYS,6,7326,6,202304,3,2.8,213.03,0.371942620179757,0,0,0,0.0,0.0
MYS,6,7326,6,202305,4,4.07,274.38,0.371942620179757,0,0,0,0.0,0.0
MYS,6,7326,6,202306,5,3.1,129.59,0.371942620179757,0,0,0,0.0,0.0
MYS,6,7326,6,202307,6,3.8,199.83,0.371942620179757,0,0,0,0.0,0.0
MYS,6,7326,6,202308,7,5.88,322.35,0.371942620179757,0,0,0,0.0,0.0
MYS,6,7326,6,202309,8,4.68,294.97,0.371942620179757,0,0,0,0.0,0.0
MYS,6,7326,6,202310,9,5.19,284.67,0.371942620179757,0,0,0,0.0,0.0
MYS,6,7326,6,202311,10,4.97,342.55,0.371942620179757,0,0,0,0.0,0.0
MYS,6,7326,6,202312,11,3.58,300.22,0.371942620179757,0,0,0,0.0,0.0
MYS,6,7326,6,202401,12,3.0,227.74,0.371942620179757,0,0,0,0.0,0.0
MYS,6,7326,6,202402,13,6.19,375.82,0.371942620179757,0,0,0,0.0,0.0
MYS,6,7326,6,202403,14,3.85,213.3,0.371942620179757,0,0,0,0.0,0.0
MYS,6,7326,6,202404,15,5.41,391.9,0.371942620179757,0,0,0,0.0,0.0
MYS,6,7326,6,202405,16,8.07,583.41,0.371942620179757,0,0,0,0.0,0.0
MYS,6,7326,6,202406,17,4.36,287.67,0.371942620179757,0,0,0,0.0,0.0
MYS,6,7326,6,202407,18,5.71,316.94,0.371942620179757,0,0,0,0.0,0.0
MYS,6,7326,6,202408,19,6.75,482.31,0.371942620179757,0,0,0,0.0,0.0
MYS,6,7326,6,202409,20,5.57,499.12,0.371942620179757,0,0,0,0.0,0.0
MYS,6,7326,6,202410,21,6.44,362.37,0.371942620179757,0,0,0,0.0,0.0
MYS,6,7326,6,202411,22,4.67,376.69,0.371942620179757,0,0,0,0.0,0.0
MYS,6,7326,6,202412,23,5.11,410.58,0.371942620179757,0,0,0,0.0,0.0
MYS,6,7326,6,202501,24,5.8,367.23,0.371942620179757,0,0,0,0.0,0.0
MYS,6,7326,6,202502,25,5.11,312.77,0.371942620179757,0,0,0,0.0,0.0
MYS,6,7326,6,202503,26,6.31,1007.2,0.371942620179757,0,0,0,0.0,0.0
MYS,6,7326,6,202504,27,4.01,175.2,0.371942620179757,0,1,0,0.371942620179757,0.0
MYS,6,7326,6,202505,28,5.35,329.25,0.371942620179757,0,1,0,0.371942620179757,0.0
MYS,6,7326,6,202506,29,5.76,600.79,0.371942620179757,0,1,0,0.371942620179757,0.0
MYS,6,7326,6,202507,30,5.13,333.21,0.371942620179757,0,1,0,0.371942620179757,0.0
MYS,6,7326,6,202508,31,5.08,544.28,0.371942620179757,0,1,0,0.371942620179757,0.0
MYS,6,7326,6,202509,32,7.5,643.31,0.371942620179757,0,1,0,0.371942620179757,0.0
MYS,6,7326,6,202510,33,4.24,551.2,0.371942620179757,0,1,0,0.371942620179757,0.0
MYS,6,7326,6,202511,34,4.18,321.54,0.371942620179757,0,1,0,0.371942620179757,0.0
MYS,6,7326,6,202512,35,4.85,613.34,0.371942620179757,0,1,0,0.371942620179757,0.0
MYS,6,8443,7,202301,0,229.25,5393.4,0.1675662022525517,0,0,0,0.0,0.0
MYS,6,8443,7,202302,1,163.37,3412.1,0.1675662022525517,0,0,0,0.0,0.0
MYS,6,8443,7,202303,2,207.55,3967.51,0.1675662022525517,0,0,0,0.0,0.0
MYS,6,8443,7,202304,3,175.44,2993.23,0.1675662022525517,0,0,0,0.0,0.0
MYS,6,8443,7,202305,4,126.61,2308.92,0.1675662022525517,0,0,0,0.0,0.0
MYS,6,8443,7,202306,5,132.11,2438.99,0.1675662022525517,0,0,0,0.0,0.0
MYS,6,8443,7,202307,6,131.5,2205.33,0.1675662022525517,0,0,0,0.0,0.0
MYS,6,8443,7,202308,7,85.17,1919.99,0.1675662022525517,0,0,0,0.0,0.0
MYS,6,8443,7,202309,8,111.62,2734.33,0.1675662022525517,0,0,0,0.0,0.0
MYS,6,8443,7,202310,9,108.45,2333.06,0.1675662022525517,0,0,0,0.0,0.0
MYS,6,8443,7,202311,10,173.64,3431.15,0.1675662022525517,0,0,0,0.0,0.0
MYS,6,8443,7,202312,11,240.35,4027.22,0.1675662022525517,0,0,0,0.0,0.0
MYS,6,8443,7,202401,12,127.53,2779.6,0.1675662022525517,0,0,0,0.0,0.0
MYS,6,8443,7,202402,13,230.37,4139.85,0.1675662022525517,0,0,0,0.0,0.0
MYS,6,8443,7,202403,14,197.9,3677.1,0.1675662022525517,0,0,0,0.0,0.0
MYS,6,8443,7,202404,15,219.24,3643.64,0.1675662022525517,0,0,0,0.0,0.0
MYS,6,8443,7,202405,16,219.08,3732.15,0.1675662022525517,0,0,0,0.0,0.0
MYS,6,8443,7,202406,17,175.93,3710.01,0.1675662022525517,0,0,0,0.0,0.0
MYS,6,8443,7,202407,18,291.18,4685.77,0.1675662022525517,0,0,0,0.0,0.0
MYS,6,8443,7,202408,19,164.12,3460.14,0.1675662022525517,0,0,0,0.0,0.0
MYS,6,8443,7,202409,20,234.92,4679.09,0.1675662022525517,0,0,0,0.0,0.0
MYS,6,8443,7,202410,21,255.31,4391.94,0.1675662022525517,0,0,0,0.0,0.0
MYS,6,8443,7,202411,22,197.97,3944.06,0.1675662022525517,0,0,0,0.0,0.0
MYS,6,8443,7,202412,23,245.24,4642.65,0.1675662022525517,0,0,0,0.0,0.0
MYS,6,8443,7,202501,24,326.65,5788.59,0.1675662022525517,0,0,0,0.0,0.0
MYS,6,8443,7,202502,25,148.59,3213.35,0.1675662022525517,0,0,0,0.0,0.0
MYS,6,8443,7,202503,26,100.31,2337.25,0.1675662022525517,0,0,0,0.0,0.0
MYS,6,8443,7,202504,27,184.11,3531.83,0.1675662022525517,0,1,0,0.1675662022525517,0.0
MYS,6,8443,7,202505,28,209.44,4260.26,0.1675662022525517,0,1,0,0.1675662022525517,0.0
MYS,6,8443,7,202506,29,225.88,4362.4,0.1675662022525517,0,1,0,0.1675662022525517,0.0
MYS,6,8443,7,202507,30,189.72,4143.6,0.1675662022525517,0,1,0,0.1675662022525517,0.0
MYS,6,8443,7,202508,31,179.6,3679.53,0.1675662022525517,0,1,0,0.1675662022525517,0.0
MYS,6,8443,7,202509,32,163.42,3032.82,0.1675662022525517,0,1,0,0.1675662022525517,0.0
MYS,6,8443,7,202510,33,131.92,2759.35,0.1675662022525517,0,1,0,0.1675662022525517,0.0
MYS,6,8443,7,202511,34,122.75,2694.24,0.1675662022525517,0,1,0,0.1675662022525517,0.0
MYS,6,8443,7,202512,35,142.95,2985.06,0.1675662022525517,0,1,0,0.1675662022525517,0.0
MYS,6,8471,8,202301,0,77.02,298.12,0.39643031296790476,0,0,0,0.0,0.0
MYS,6,8471,8,202302,1,86.53,334.47,0.39643031296790476,0,0,0,0.0,0.0
MYS,6,8471,8,202303,2,93.49,349.33,0.39643031296790476,0,0,0,0.0,0.0
MYS,6,8471,8,202304,3,77.32,280.78,0.39643031296790476,0,0,0,0.0,0.0
MYS,6,8471,8,202305,4,93.37,348.36,0.39643031296790476,0,0,0,0.0,0.0
MYS,6,8471,8,202306,5,100.25,367.22,0.39643031296790476,0,0,0,0.0,0.0
MYS,6,8471,8,202307,6,95.71,344.65,0.39643031296790476,0,0,0,0.0,0.0
MYS,6,8471,8,202308,7,96.2,367.96,0.39643031296790476,0,0,0,0.0,0.0
MYS,6,8471,8,202309,8,71.76,262.61,0.39643031296790476,0,0,0,0.0,0.0
MYS,6,8471,8,202310,9,94.75,357.99,0.39643031296790476,0,0,0,0.0,0.0
MYS,6,8471,8,202311,10,91.56,335.87,0.39643031296790476,0,0,0,0.0,0.0
MYS,6,8471,8,202312,11,92.34,312.51,0.39643031296790476,0,0,0,0.0,0.0
MYS,6,8471,8,202401,12,100.66,339.79,0.39643031296790476,0,0,0,0.0,0.0
MYS,6,8471,8,202402,13,63.49,228.43,0.39643031296790476,0,0,0,0.0,0.0
MYS,6,8471,8,202403,14,71.65,262.74,0.39643031296790476,0,0,0,0.0,0.0
MYS,6,8471,8,202404,15,40.56,162.42,0.39643031296790476,0,0,0,0.0,0.0
MYS,6,8471,8,202405,16,46.56,162.08,0.39643031296790476,0,0,0,0.0,0.0
MYS,6,8471,8,202406,17,73.53,255.37,0.39643031296790476,0,0,0,0.0,0.0
MYS,6,8471,8,202407,18,53.93,186.67,0.39643031296790476,0,0,0,0.0,0.0
MYS,6,8471,8,202408,19,61.09,209.61,0.39643031296790476,0,0,0,0.0,0.0
MYS,6,8471,8,202409,20,51.88,189.29,0.39643031296790476,0,0,0,0.0,0.0
MYS,6,8471,8,202410,21,88.96,314.39,0.39643031296790476,0,0,0,0.0,0.0
MYS,6,8471,8,202411,22,75.97,261.73,0.39643031296790476,0,0,0,0.0,0.0
MYS,6,8471,8,202412,23,68.37,240.0,0.39643031296790476,0,0,0,0.0,0.0
MYS,6,8471,8,202501,24,77.08,255.66,0.39643031296790476,0,0,0,0.0,0.0
MYS,6,8471,8,202502,25,63.02,207.5,0.39643031296790476,0,0,0,0.0,0.0
MYS,6,8471,8,202503,26,93.11,315.45,0.39643031296790476,0,0,0,0.0,0.0
MYS,6,8471,8,202504,27,76.2,287.46,0.39643031296790476,0,1,0,0.39643031296790476,0.0
MYS,6,8471,8,202505,28,59.82,214.35,0.39643031296790476,0,1,0,0.39643031296790476,0.0
MYS,6,8471,8,202506,29,85.88,298.19,0.39643031296790476,0,1,0,0.39643031296790476,0.0
MYS,6,8471,8,202507,30,114.76,417.13,0.39643031296790476,0,1,0,0.39643031296790476,0.0
MYS,6,8471,8,202508,31,70.81,249.71,0.39643031296790476,0,1,0,0.39643031296790476,0.0
MYS,6,8471,8,202509,32,151.72,516.46,0.39643031296790476,0,1,0,0.39643031296790476,0.0
MYS,6,8471,8,202510,33,106.91,374.27,0.39643031296790476,0,1,0,0.39643031296790476,0.0
MYS,6,8471,8,202511,34,79.15,290.27,0.39643031296790476,0,1,0,0.39643031296790476,0.0
MYS,6,8471,8,202512,35,76.4,296.45,0.39643031296790476,0,1,0,0.39643031296790476,0.0
MYS,6,8473,9,202301,0,107.93,440.59,0.20922547448162448,0,0,0,0.0,0.0
MYS,6,8473,9,202302,1,53.63,237.54,0.20922547448162448,0,0,0,0.0,0.0
MYS,6,8473,9,202303,2,137.06,529.55,0.20922547448162448,0,0,0,0.0,0.0
MYS,6,8473,9,202304,3,96.64,394.01,0.20922547448162448,0,0,0,0.0,0.0
MYS,6,8473,9,202305,4,103.55,388.28,0.20922547448162448,0,0,0,0.0,0.0
MYS,6,8473,9,202306,5,177.16,649.98,0.20922547448162448,0,0,0,0.0,0.0
MYS,6,8473,9,202307,6,83.08,335.62,0.20922547448162448,0,0,0,0.0,0.0
MYS,6,8473,9,202308,7,116.18,463.36,0.20922547448162448,0,0,0,0.0,0.0
MYS,6,8473,9,202309,8,135.39,521.61,0.20922547448162448,0,0,0,0.0,0.0
MYS,6,8473,9,202310,9,127.91,484.47,0.20922547448162448,0,0,0,0.0,0.0
MYS,6,8473,9,202311,10,112.42,443.91,0.20922547448162448,0,0,0,0.0,0.0
MYS,6,8473,9,202312,11,151.56,599.47,0.20922547448162448,0,0,0,0.0,0.0
MYS,6,8473,9,202401,12,184.42,712.85,0.20922547448162448,0,0,0,0.0,0.0
MYS,6,8473,9,202402,13,300.88,1164.32,0.20922547448162448,0,0,0,0.0,0.0
MYS,6,8473,9,202403,14,216.6,845.91,0.20922547448162448,0,0,0,0.0,0.0
MYS,6,8473,9,202404,15,197.14,783.17,0.20922547448162448,0,0,0,0.0,0.0
MYS,6,8473,9,202405,16,375.08,1449.45,0.20922547448162448,0,0,0,0.0,0.0
MYS,6,8473,9,202406,17,179.3,698.7,0.20922547448162448,0,0,0,0.0,0.0
MYS,6,8473,9,202407,18,150.09,599.69,0.20922547448162448,0,0,0,0.0,0.0
MYS,6,8473,9,202408,19,421.6,1611.66,0.20922547448162448,0,0,0,0.0,0.0
MYS,6,8473,9,202409,20,322.0,1213.75,0.20922547448162448,0,0,0,0.0,0.0
MYS,6,8473,9,202410,21,393.63,1505.58,0.20922547448162448,0,0,0,0.0,0.0
MYS,6,8473,9,202411,22,551.77,2077.57,0.20922547448162448,0,0,0,0.0,0.0
MYS,6,8473,9,202412,23,544.15,2047.15,0.20922547448162448,0,0,0,0.0,0.0
MYS,6,8473,9,202501,24,335.37,1275.95,0.20922547448162448,0,0,0,0.0,0.0
MYS,6,8473,9,202502,25,432.73,1626.55,0.20922547448162448,0,0,0,0.0,0.0
MYS,6,8473,9,202503,26,447.5,1684.1,0.20922547448162448,0,0,0,0.0,0.0
MYS,6,8473,9,202504,27,371.58,1405.3,0.20922547448162448,0,1,0,0.20922547448162448,0.0
MYS,6,8473,9,202505,28,486.23,1832.56,0.20922547448162448,0,1,0,0.20922547448162448,0.0
MYS,6,8473,9,202506,29,287.12,1091.33,0.20922547448162448,0,1,0,0.20922547448162448,0.0
MYS,6,8473,9,202507,30,451.86,1696.46,0.20922547448162448,0,1,0,0.20922547448162448,0.0
MYS,6,8473,9,202508,31,422.0,1676.3,0.20922547448162448,0,1,0,0.20922547448162448,0.0
MYS,6,8473,9,202509,32,454.56,1809.24,0.20922547448162448,0,1,0,0.20922547448162448,0.0
MYS,6,8473,9,202510,33,450.24,1809.13,0.20922547448162448,0,1,0,0.20922547448162448,0.0
MYS,6,8473,9,202511,34,550.6,2195.07,0.20922547448162448,0,1,0,0.20922547448162448,0.0
MYS,6,8473,9,202512,35,732.24,2903.95,0.20922547448162448,0,1,0,0.20922547448162448,0.0
MYS,6,8504,10,202301,0,65.98,1175.79,0.20349559537261644,0,0,0,0.0,0.0
MYS,6,8504,10,202302,1,49.38,883.23,0.20349559537261644,0,0,0,0.0,0.0
MYS,6,8504,10,202303,2,66.66,1192.97,0.20349559537261644,0,0,0,0.0,0.0
MYS,6,8504,10,202304,3,58.67,1064.88,0.20349559537261644,0,0,0,0.0,0.0
MYS,6,8504,10,202305,4,62.89,1118.44,0.20349559537261644,0,0,0,0.0,0.0
MYS,6,8504,10,202306,5,66.76,1191.77,0.20349559537261644,0,0,0,0.0,0.0
MYS,6,8504,10,202307,6,69.82,1147.91,0.20349559537261644,0,0,0,0.0,0.0
MYS,6,8504,10,202308,7,76.2,1231.41,0.20349559537261644,0,0,0,0.0,0.0
MYS,6,8504,10,202309,8,67.77,1090.85,0.20349559537261644,0,0,0,0.0,0.0
MYS,6,8504,10,202310,9,74.98,1257.47,0.20349559537261644,0,0,0,0.0,0.0
MYS,6,8504,10,202311,10,43.76,735.22,0.20349559537261644,0,0,0,0.0,0.0
MYS,6,8504,10,202312,11,47.94,796.18,0.20349559537261644,0,0,0,0.0,0.0
MYS,6,8504,10,202401,12,43.39,707.94,0.20349559537261644,0,0,0,0.0,0.0
MYS,6,8504,10,202402,13,38.32,628.2,0.20349559537261644,0,0,0,0.0,0.0
MYS,6,8504,10,202403,14,49.15,790.75,0.20349559537261644,0,0,0,0.0,0.0
MYS,6,8504,10,202404,15,41.01,650.39,0.20349559537261644,0,0,0,0.0,0.0
MYS,6,8504,10,202405,16,58.88,938.06,0.20349559537261644,0,0,0,0.0,0.0
MYS,6,8504,10,202406,17,50.79,796.42,0.20349559537261644,0,0,0,0.0,0.0
MYS,6,8504,10,202407,18,64.66,1039.62,0.20349559537261644,0,0,0,0.0,0.0
MYS,6,8504,10,202408,19,67.52,1066.86,0.20349559537261644,0,0,0,0.0,0.0
MYS,6,8504,10,202409,20,63.45,1001.72,0.20349559537261644,0,0,0,0.0,0.0
MYS,6,8504,10,202410,21,59.08,967.47,0.20349559537261644,0,0,0,0.0,0.0
MYS,6,8504,10,202411,22,47.27,966.02,0.20349559537261644,0,0,0,0.0,0.0
MYS,6,8504,10,202412,23,47.53,806.41,0.20349559537261644,0,0,0,0.0,0.0
MYS,6,8504,10,202501,24,58.4,1330.99,0.20349559537261644,0,0,0,0.0,0.0
MYS,6,8504,10,202502,25,51.35,1040.37,0.20349559537261644,0,0,0,0.0,0.0
MYS,6,8504,10,202503,26,63.79,1084.95,0.20349559537261644,0,0,0,0.0,0.0
MYS,6,8504,10,202504,27,49.84,816.25,0.20349559537261644,0,1,0,0.20349559537261644,0.0
MYS,6,8504,10,202505,28,49.8,789.45,0.20349559537261644,0,1,0,0.20349559537261644,0.0
MYS,6,8504,10,202506,29,50.5,831.53,0.20349559537261644,0,1,0,0.20349559537261644,0.0
MYS,6,8504,10,202507,30,57.04,915.66,0.20349559537261644,0,1,0,0.20349559537261644,0.0
MYS,6,8504,10,202508,31,58.22,1043.72,0.20349559537261644,0,1,0,0.20349559537261644,0.0
MYS,6,8504,10,202509,32,56.67,1082.48,0.20349559537261644,0,1,0,0.20349559537261644,0.0
MYS,6,8504,10,202510,33,54.84,1115.81,0.20349559537261644,0,1,0,0.20349559537261644,0.0
MYS,6,8504,10,202511,34,50.6,934.9,0.20349559537261644,0,1,0,0.20349559537261644,0.0
MYS,6,8504,10,202512,35,45.8,825.13,0.20349559537261644,0,1,0,0.20349559537261644,0.0
MYS,6,8516,11,202301,0,25.98,2666.66,0.6255708163552058,0,0,0,0.0,0.0
MYS,6,8516,11,202302,1,20.4,2232.28,0.6255708163552058,0,0,0,0.0,0.0
MYS,6,8516,11,202303,2,28.9,3683.42,0.6255708163552058,0,0,0,0.0,0.0
MYS,6,8516,11,202304,3,28.81,3405.53,0.6255708163552058,0,0,0,0.0,0.0
MYS,6,8516,11,202305,4,26.03,2905.52,0.6255708163552058,0,0,0,0.0,0.0
MYS,6,8516,11,202306,5,22.92,2506.84,0.6255708163552058,0,0,0,0.0,0.0
MYS,6,8516,11,202307,6,29.69,2908.11,0.6255708163552058,0,0,0,0.0,0.0
MYS,6,8516,11,202308,7,36.45,3215.93,0.6255708163552058,0,0,0,0.0,0.0
MYS,6,8516,11,202309,8,31.98,2951.53,0.6255708163552058,0,0,0,0.0,0.0
MYS,6,8516,11,202310,9,37.22,3040.74,0.6255708163552058,0,0,0,0.0,0.0
MYS,6,8516,11,202311,10,21.17,2075.39,0.6255708163552058,0,0,0,0.0,0.0
MYS,6,8516,11,202312,11,18.19,1767.15,0.6255708163552058,0,0,0,0.0,0.0
MYS,6,8516,11,202401,12,16.6,1518.59,0.6255708163552058,0,0,0,0.0,0.0
MYS,6,8516,11,202402,13,18.68,1686.0,0.6255708163552058,0,0,0,0.0,0.0
MYS,6,8516,11,202403,14,26.86,2395.79,0.6255708163552058,0,0,0,0.0,0.0
MYS,6,8516,11,202404,15,29.13,2553.99,0.6255708163552058,0,0,0,0.0,0.0
MYS,6,8516,11,202405,16,34.35,3161.15,0.6255708163552058,0,0,0,0.0,0.0
MYS,6,8516,11,202406,17,34.98,2717.2,0.6255708163552058,0,0,0,0.0,0.0
MYS,6,8516,11,202407,18,42.24,3261.86,0.6255708163552058,0,0,0,0.0,0.0
MYS,6,8516,11,202408,19,40.68,3467.01,0.6255708163552058,0,0,0,0.0,0.0
MYS,6,8516,11,202409,20,51.12,4206.36,0.6255708163552058,0,0,0,0.0,0.0
MYS,6,8516,11,202410,21,67.16,3746.52,0.6255708163552058,0,0,0,0.0,0.0
MYS,6,8516,11,202411,22,37.17,2770.45,0.6255708163552058,0,0,0,0.0,0.0
MYS,6,8516,11,202412,23,23.22,2417.94,0.6255708163552058,0,0,0,0.0,0.0
MYS,6,8516,11,202501,24,30.03,2031.62,0.6255708163552058,0,0,0,0.0,0.0
MYS,6,8516,11,202502,25,36.98,2242.49,0.6255708163552058,0,0,0,0.0,0.0
MYS,6,8516,11,202503,26,30.65,2412.26,0.6255708163552058,0,0,0,0.0,0.0
MYS,6,8516,11,202504,27,30.04,2413.17,0.6255708163552058,0,1,0,0.6255708163552058,0.0
MYS,6,8516,11,202505,28,35.33,2375.61,0.6255708163552058,0,1,0,0.6255708163552058,0.0
MYS,6,8516,11,202506,29,37.72,3319.84,0.6255708163552058,0,1,0,0.6255708163552058,0.0
MYS,6,8516,11,202507,30,43.73,3449.24,0.6255708163552058,0,1,0,0.6255708163552058,0.0
MYS,6,8516,11,202508,31,42.46,3749.56,0.6255708163552058,0,1,0,0.6255708163552058,0.0
MYS,6,8516,11,202509,32,34.45,2704.0,0.6255708163552058,0,1,0,0.6255708163552058,0.0
MYS,6,8516,11,202510,33,50.28,3645.33,0.6255708163552058,0,1,0,0.6255708163552058,0.0
MYS,6,8516,11,202511,34,45.17,3014.28,0.6255708163552058,0,1,0,0.6255708163552058,0.0
MYS,6,8516,11,202512,35,34.39,2679.91,0.6255708163552058,0,1,0,0.6255708163552058,0.0
MYS,6,8517,12,202301,0,287.43,970.11,0.49320772139853813,0,0,0,0.0,0.0
MYS,6,8517,12,202302,1,318.49,1151.07,0.49320772139853813,0,0,0,0.0,0.0
MYS,6,8517,12,202303,2,402.79,1147.86,0.49320772139853813,0,0,0,0.0,0.0
MYS,6,8517,12,202304,3,275.21,927.24,0.49320772139853813,0,0,0,0.0,0.0
MYS,6,8517,12,202305,4,323.46,1215.93,0.49320772139853813,0,0,0,0.0,0.0
MYS,6,8517,12,202306,5,336.88,882.55,0.49320772139853813,0,0,0,0.0,0.0
MYS,6,8517,12,202307,6,292.28,738.79,0.49320772139853813,0,0,0,0.0,0.0
MYS,6,8517,12,202308,7,317.06,941.24,0.49320772139853813,0,0,0,0.0,0.0
MYS,6,8517,12,202309,8,256.7,695.6,0.49320772139853813,0,0,0,0.0,0.0
MYS,6,8517,12,202310,9,243.55,669.27,0.49320772139853813,0,0,0,0.0,0.0
MYS,6,8517,12,202311,10,243.79,671.94,0.49320772139853813,0,0,0,0.0,0.0
MYS,6,8517,12,202312,11,333.02,914.68,0.49320772139853813,0,0,0,0.0,0.0
MYS,6,8517,12,202401,12,279.12,711.09,0.49320772139853813,0,0,0,0.0,0.0
MYS,6,8517,12,202402,13,284.85,807.78,0.49320772139853813,0,0,0,0.0,0.0
MYS,6,8517,12,202403,14,341.91,770.82,0.49320772139853813,0,0,0,0.0,0.0
MYS,6,8517,12,202404,15,404.64,787.67,0.49320772139853813,0,0,0,0.0,0.0
MYS,6,8517,12,202405,16,357.43,866.72,0.49320772139853813,0,0,0,0.0,0.0
MYS,6,8517,12,202406,17,364.07,814.76,0.49320772139853813,0,0,0,0.0,0.0
MYS,6,8517,12,202407,18,342.3,724.29,0.49320772139853813,0,0,0,0.0,0.0
MYS,6,8517,12,202408,19,375.36,1102.25,0.49320772139853813,0,0,0,0.0,0.0
MYS,6,8517,12,202409,20,409.6,1009.16,0.49320772139853813,0,0,0,0.0,0.0
MYS,6,8517,12,202410,21,506.29,955.96,0.49320772139853813,0,0,0,0.0,0.0
MYS,6,8517,12,202411,22,427.3,1128.24,0.49320772139853813,0,0,0,0.0,0.0
MYS,6,8517,12,202412,23,489.67,1152.64,0.49320772139853813,0,0,0,0.0,0.0
MYS,6,8517,12,202501,24,530.74,1125.83,0.49320772139853813,0,0,0,0.0,0.0
MYS,6,8517,12,202502,25,428.83,1027.78,0.49320772139853813,0,0,0,0.0,0.0
MYS,6,8517,12,202503,26,617.49,1267.7,0.49320772139853813,0,0,0,0.0,0.0
MYS,6,8517,12,202504,27,608.83,977.0,0.49320772139853813,0,1,0,0.49320772139853813,0.0
MYS,6,8517,12,202505,28,574.4,1254.26,0.49320772139853813,0,1,0,0.49320772139853813,0.0
MYS,6,8517,12,202506,29,645.68,11914.32,0.49320772139853813,0,1,0,0.49320772139853813,0.0
MYS,6,8517,12,202507,30,703.13,1923.04,0.49320772139853813,0,1,0,0.49320772139853813,0.0
MYS,6,8517,12,202508,31,500.52,1438.46,0.49320772139853813,0,1,0,0.49320772139853813,0.0
MYS,6,8517,12,202509,32,572.42,1649.16,0.49320772139853813,0,1,0,0.49320772139853813,0.0
MYS,6,8517,12,202510,33,606.99,1748.85,0.49320772139853813,0,1,0,0.49320772139853813,0.0
MYS,6,8517,12,202511,34,565.86,1648.16,0.49320772139853813,0,1,0,0.49320772139853813,0.0
MYS,6,8517,12,202512,35,717.03,2079.21,0.49320772139853813,0,1,0,0.49320772139853813,0.0
MYS,6,8528,13,202301,0,0.94,9.68,0.3347814968181058,0,0,0,0.0,0.0
MYS,6,8528,13,202302,1,1.02,10.05,0.3347814968181058,0,0,0,0.0,0.0
MYS,6,8528,13,202303,2,1.34,14.5,0.3347814968181058,0,0,0,0.0,0.0
MYS,6,8528,13,202304,3,1.35,16.47,0.3347814968181058,0,0,0,0.0,0.0
MYS,6,8528,13,202305,4,1.36,11.86,0.3347814968181058,0,0,0,0.0,0.0
MYS,6,8528,13,202306,5,1.51,12.79,0.3347814968181058,0,0,0,0.0,0.0
MYS,6,8528,13,202307,6,1.55,11.64,0.3347814968181058,0,0,0,0.0,0.0
MYS,6,8528,13,202308,7,1.85,14.23,0.3347814968181058,0,0,0,0.0,0.0
MYS,6,8528,13,202309,8,1.37,14.89,0.3347814968181058,0,0,0,0.0,0.0
MYS,6,8528,13,202310,9,2.2,18.22,0.3347814968181058,0,0,0,0.0,0.0
MYS,6,8528,13,202311,10,1.29,9.42,0.3347814968181058,0,0,0,0.0,0.0
MYS,6,8528,13,202312,11,2.41,22.12,0.3347814968181058,0,0,0,0.0,0.0
MYS,6,8528,13,202401,12,2.3,20.85,0.3347814968181058,0,0,0,0.0,0.0
MYS,6,8528,13,202402,13,2.81,22.35,0.3347814968181058,0,0,0,0.0,0.0
MYS,6,8528,13,202403,14,1.78,13.45,0.3347814968181058,0,0,0,0.0,0.0
MYS,6,8528,13,202404,15,1.76,19.43,0.3347814968181058,0,0,0,0.0,0.0
MYS,6,8528,13,202405,16,1.69,12.98,0.3347814968181058,0,0,0,0.0,0.0
MYS,6,8528,13,202406,17,1.74,14.35,0.3347814968181058,0,0,0,0.0,0.0
MYS,6,8528,13,202407,18,1.38,12.02,0.3347814968181058,0,0,0,0.0,0.0
MYS,6,8528,13,202408,19,2.73,55.19,0.3347814968181058,0,0,0,0.0,0.0
MYS,6,8528,13,202409,20,4.36,97.1,0.3347814968181058,0,0,0,0.0,0.0
MYS,6,8528,13,202410,21,2.86,33.32,0.3347814968181058,0,0,0,0.0,0.0
MYS,6,8528,13,202411,22,3.0,59.78,0.3347814968181058,0,0,0,0.0,0.0
MYS,6,8528,13,202412,23,2.11,45.06,0.3347814968181058,0,0,0,0.0,0.0
MYS,6,8528,13,202501,24,1.45,15.14,0.3347814968181058,0,0,0,0.0,0.0
MYS,6,8528,13,202502,25,2.16,31.48,0.3347814968181058,0,0,0,0.0,0.0
MYS,6,8528,13,202503,26,2.19,19.11,0.3347814968181058,0,0,0,0.0,0.0
MYS,6,8528,13,202504,27,2.67,32.66,0.3347814968181058,0,1,0,0.3347814968181058,0.0
MYS,6,8528,13,202505,28,3.5,26.73,0.3347814968181058,0,1,0,0.3347814968181058,0.0
MYS,6,8528,13,202506,29,4.66,48.66,0.3347814968181058,0,1,0,0.3347814968181058,0.0
MYS,6,8528,13,202507,30,5.21,42.56,0.3347814968181058,0,1,0,0.3347814968181058,0.0
MYS,6,8528,13,202508,31,5.77,47.67,0.3347814968181058,0,1,0,0.3347814968181058,0.0
MYS,6,8528,13,202509,32,11.27,114.06,0.3347814968181058,0,1,0,0.3347814968181058,0.0
MYS,6,8528,13,202510,33,6.97,80.56,0.3347814968181058,0,1,0,0.3347814968181058,0.0
MYS,6,8528,13,202511,34,4.75,63.8,0.3347814968181058,0,1,0,0.3347814968181058,0.0
MYS,6,8528,13,202512,35,6.87,107.56,0.3347814968181058,0,1,0,0.3347814968181058,0.0
MYS,6,8541,14,202301,0,318.04,37847.87,0.03397421317087017,0,0,0,0.0,0.0
MYS,6,8541,14,202302,1,226.82,25699.63,0.03397421317087017,0,0,0,0.0,0.0
MYS,6,8541,14,202303,2,289.53,35293.46,0.03397421317087017,0,0,0,0.0,0.0
MYS,6,8541,14,202304,3,314.38,41037.17,0.03397421317087017,0,0,0,0.0,0.0
MYS,6,8541,14,202305,4,318.15,40397.41,0.03397421317087017,0,0,0,0.0,0.0
MYS,6,8541,14,202306,5,243.05,28590.54,0.03397421317087017,0,0,0,0.0,0.0
MYS,6,8541,14,202307,6,416.95,60432.52,0.03397421317087017,0,0,0,0.0,0.0
MYS,6,8541,14,202308,7,332.57,42238.48,0.03397421317087017,0,0,0,0.0,0.0
MYS,6,8541,14,202309,8,303.41,40564.72,0.03397421317087017,0,0,0,0.0,0.0
MYS,6,8541,14,202310,9,445.14,67739.93,0.03397421317087017,0,0,0,0.0,0.0
MYS,6,8541,14,202311,10,349.94,48522.62,0.03397421317087017,0,0,0,0.0,0.0
MYS,6,8541,14,202312,11,273.16,38599.53,0.03397421317087017,0,0,0,0.0,0.0
MYS,6,8541,14,202401,12,278.61,37460.7,0.03397421317087017,0,0,0,0.0,0.0
MYS,6,8541,14,202402,13,343.62,49622.07,0.03397421317087017,0,0,0,0.0,0.0
MYS,6,8541,14,202403,14,358.4,48755.88,0.03397421317087017,0,0,0,0.0,0.0
MYS,6,8541,14,202404,15,383.01,51767.18,0.03397421317087017,0,0,0,0.0,0.0
MYS,6,8541,14,202405,16,277.55,37313.26,0.03397421317087017,0,0,0,0.0,0.0
MYS,6,8541,14,202406,17,254.22,30462.61,0.03397421317087017,0,0,0,0.0,0.0
MYS,6,8541,14,202407,18,263.53,70886.87,0.03397421317087017,0,0,0,0.0,0.0
MYS,6,8541,14,202408,19,309.47,61286.39,0.03397421317087017,0,0,0,0.0,0.0
MYS,6,8541,14,202409,20,384.98,54565.53,0.03397421317087017,0,0,0,0.0,0.0
MYS,6,8541,14,202410,21,217.53,34283.7,0.03397421317087017,0,0,0,0.0,0.0
MYS,6,8541,14,202411,22,197.22,33769.64,0.03397421317087017,0,0,0,0.0,0.0
MYS,6,8541,14,202412,23,132.88,25005.83,0.03397421317087017,0,0,0,0.0,0.0
MYS,6,8541,14,202501,24,118.39,20899.79,0.03397421317087017,0,0,0,0.0,0.0
MYS,6,8541,14,202502,25,205.96,24870.31,0.03397421317087017,0,0,0,0.0,0.0
MYS,6,8541,14,202503,26,193.61,31103.83,0.03397421317087017,0,0,0,0.0,0.0
MYS,6,8541,14,202504,27,189.02,29464.53,0.03397421317087017,0,1,0,0.03397421317087017,0.0
MYS,6,8541,14,202505,28,131.86,20740.67,0.03397421317087017,0,1,0,0.03397421317087017,0.0
MYS,6,8541,14,202506,29,154.94,23706.22,0.03397421317087017,0,1,0,0.03397421317087017,0.0
MYS,6,8541,14,202507,30,81.07,10095.12,0.03397421317087017,0,1,0,0.03397421317087017,0.0
MYS,6,8541,14,202508,31,46.37,450.53,0.03397421317087017,0,1,0,0.03397421317087017,0.0
MYS,6,8541,14,202509,32,50.07,1187.89,0.03397421317087017,0,1,0,0.03397421317087017,0.0
MYS,6,8541,14,202510,33,54.16,6661.3,0.03397421317087017,0,1,0,0.03397421317087017,0.0
MYS,6,8541,14,202511,34,133.33,19176.81,0.03397421317087017,0,1,0,0.03397421317087017,0.0
MYS,6,8541,14,202512,35,103.91,19825.05,0.03397421317087017,0,1,0,0.03397421317087017,0.0
MYS,6,8544,15,202301,0,6.97,138.17,0.13566753252605626,0,0,0,0.0,0.0
MYS,6,8544,15,202302,1,7.0,139.07,0.13566753252605626,0,0,0,0.0,0.0
MYS,6,8544,15,202303,2,7.42,164.64,0.13566753252605626,0,0,0,0.0,0.0
MYS,6,8544,15,202304,3,7.89,170.28,0.13566753252605626,0,0,0,0.0,0.0
MYS,6,8544,15,202305,4,7.71,166.95,0.13566753252605626,0,0,0,0.0,0.0
MYS,6,8544,15,202306,5,9.43,213.77,0.13566753252605626,0,0,0,0.0,0.0
MYS,6,8544,15,202307,6,8.79,190.09,0.13566753252605626,0,0,0,0.0,0.0
MYS,6,8544,15,202308,7,10.04,196.08,0.13566753252605626,0,0,0,0.0,0.0
MYS,6,8544,15,202309,8,7.97,180.49,0.13566753252605626,0,0,0,0.0,0.0
MYS,6,8544,15,202310,9,10.28,199.97,0.13566753252605626,0,0,0,0.0,0.0
MYS,6,8544,15,202311,10,10.36,224.19,0.13566753252605626,0,0,0,0.0,0.0
MYS,6,8544,15,202312,11,7.42,146.79,0.13566753252605626,0,0,0,0.0,0.0
MYS,6,8544,15,202401,12,8.05,164.41,0.13566753252605626,0,0,0,0.0,0.0
MYS,6,8544,15,202402,13,10.0,195.97,0.13566753252605626,0,0,0,0.0,0.0
MYS,6,8544,15,202403,14,9.23,183.5,0.13566753252605626,0,0,0,0.0,0.0
MYS,6,8544,15,202404,15,6.9,126.91,0.13566753252605626,0,0,0,0.0,0.0
MYS,6,8544,15,202405,16,9.69,203.75,0.13566753252605626,0,0,0,0.0,0.0
MYS,6,8544,15,202406,17,8.7,187.2,0.13566753252605626,0,0,0,0.0,0.0
MYS,6,8544,15,202407,18,9.58,189.0,0.13566753252605626,0,0,0,0.0,0.0
MYS,6,8544,15,202408,19,14.26,298.23,0.13566753252605626,0,0,0,0.0,0.0
MYS,6,8544,15,202409,20,11.01,233.83,0.13566753252605626,0,0,0,0.0,0.0
MYS,6,8544,15,202410,21,12.88,267.68,0.13566753252605626,0,0,0,0.0,0.0
MYS,6,8544,15,202411,22,10.88,245.47,0.13566753252605626,0,0,0,0.0,0.0
MYS,6,8544,15,202412,23,16.72,436.0,0.13566753252605626,0,0,0,0.0,0.0
MYS,6,8544,15,202501,24,16.54,332.71,0.13566753252605626,0,0,0,0.0,0.0
MYS,6,8544,15,202502,25,12.65,322.46,0.13566753252605626,0,0,0,0.0,0.0
MYS,6,8544,15,202503,26,14.43,311.9,0.13566753252605626,0,0,0,0.0,0.0
MYS,6,8544,15,202504,27,18.44,360.1,0.13566753252605626,0,1,0,0.13566753252605626,0.0
MYS,6,8544,15,202505,28,26.26,522.95,0.13566753252605626,0,1,0,0.13566753252605626,0.0
MYS,6,8544,15,202506,29,25.95,513.12,0.13566753252605626,0,1,0,0.13566753252605626,0.0
MYS,6,8544,15,202507,30,37.77,928.34,0.13566753252605626,0,1,0,0.13566753252605626,0.0
MYS,6,8544,15,202508,31,29.3,697.8,0.13566753252605626,0,1,0,0.13566753252605626,0.0
MYS,6,8544,15,202509,32,31.7,905.66,0.13566753252605626,0,1,0,0.13566753252605626,0.0
MYS,6,8544,15,202510,33,42.69,1079.81,0.13566753252605626,0,1,0,0.13566753252605626,0.0
MYS,6,8544,15,202511,34,32.34,782.17,0.13566753252605626,0,1,0,0.13566753252605626,0.0
MYS,6,8544,15,202512,35,31.96,795.56,0.13566753252605626,0,1,0,0.13566753252605626,0.0
MYS,6,9401,16,202301,0,22.5,3021.68,0.33783279157026774,0,0,0,0.0,0.0
MYS,6,9401,16,202302,1,17.96,2395.31,0.33783279157026774,0,0,0,0.0,0.0
MYS,6,9401,16,202303,2,20.7,2742.67,0.33783279157026774,0,0,0,0.0,0.0
MYS,6,9401,16,202304,3,17.83,2371.04,0.33783279157026774,0,0,0,0.0,0.0
MYS,6,9401,16,202305,4,19.11,2538.17,0.33783279157026774,0,0,0,0.0,0.0
MYS,6,9401,16,202306,5,18.55,2430.18,0.33783279157026774,0,0,0,0.0,0.0
MYS,6,9401,16,202307,6,20.68,2662.84,0.33783279157026774,0,0,0,0.0,0.0
MYS,6,9401,16,202308,7,22.66,2900.97,0.33783279157026774,0,0,0,0.0,0.0
MYS,6,9401,16,202309,8,22.29,2847.21,0.33783279157026774,0,0,0,0.0,0.0
MYS,6,9401,16,202310,9,22.67,2927.07,0.33783279157026774,0,0,0,0.0,0.0
MYS,6,9401,16,202311,10,23.9,3076.33,0.33783279157026774,0,0,0,0.0,0.0
MYS,6,9401,16,202312,11,22.41,2839.71,0.33783279157026774,0,0,0,0.0,0.0
MYS,6,9401,16,202401,12,19.52,2455.29,0.33783279157026774,0,0,0,0.0,0.0
MYS,6,9401,16,202402,13,19.96,2523.03,0.33783279157026774,0,0,0,0.0,0.0
MYS,6,9401,16,202403,14,20.73,2627.04,0.33783279157026774,0,0,0,0.0,0.0
MYS,6,9401,16,202404,15,20.62,2574.75,0.33783279157026774,0,0,0,0.0,0.0
MYS,6,9401,16,202405,16,21.5,2695.13,0.33783279157026774,0,0,0,0.0,0.0
MYS,6,9401,16,202406,17,18.94,2379.22,0.33783279157026774,0,0,0,0.0,0.0
MYS,6,9401,16,202407,18,18.03,2414.54,0.33783279157026774,0,0,0,0.0,0.0
MYS,6,9401,16,202408,19,17.48,2327.87,0.33783279157026774,0,0,0,0.0,0.0
MYS,6,9401,16,202409,20,16.83,2310.43,0.33783279157026774,0,0,0,0.0,0.0
MYS,6,9401,16,202410,21,25.33,3376.54,0.33783279157026774,0,0,0,0.0,0.0
MYS,6,9401,16,202411,22,22.85,2976.49,0.33783279157026774,0,0,0,0.0,0.0
MYS,6,9401,16,202412,23,23.52,3094.69,0.33783279157026774,0,0,0,0.0,0.0
MYS,6,9401,16,202501,24,26.68,3704.3,0.33783279157026774,0,0,0,0.0,0.0
MYS,6,9401,16,202502,25,22.39,3124.67,0.33783279157026774,0,0,0,0.0,0.0
MYS,6,9401,16,202503,26,25.34,3540.38,0.33783279157026774,0,0,0,0.0,0.0
MYS,6,9401,16,202504,27,25.9,3624.43,0.33783279157026774,0,1,0,0.33783279157026774,0.0
MYS,6,9401,16,202505,28,32.65,4258.4,0.33783279157026774,0,1,0,0.33783279157026774,0.0
MYS,6,9401,16,202506,29,36.53,4696.14,0.33783279157026774,0,1,0,0.33783279157026774,0.0
MYS,6,9401,16,202507,30,20.99,2913.7,0.33783279157026774,0,1,0,0.33783279157026774,0.0
MYS,6,9401,16,202508,31,21.53,2965.3,0.33783279157026774,0,1,0,0.33783279157026774,0.0
MYS,6,9401,16,202509,32,22.31,3112.84,0.33783279157026774,0,1,0,0.33783279157026774,0.0
MYS,6,9401,16,202510,33,21.32,2913.42,0.33783279157026774,0,1,0,0.33783279157026774,0.0
MYS,6,9401,16,202511,34,21.04,2867.48,0.33783279157026774,0,1,0,0.33783279157026774,0.0
MYS,6,9401,16,202512,35,19.59,2703.18,0.33783279157026774,0,1,0,0.33783279157026774,0.0
MYS,6,9403,17,202301,0,113.28,30152.16,0.32987861426539994,0,0,0,0.0,0.0
MYS,6,9403,17,202302,1,91.74,23903.44,0.32987861426539994,0,0,0,0.0,0.0
MYS,6,9403,17,202303,2,96.47,25551.63,0.32987861426539994,0,0,0,0.0,0.0
MYS,6,9403,17,202304,3,89.33,24370.41,0.32987861426539994,0,0,0,0.0,0.0
MYS,6,9403,17,202305,4,87.57,23960.79,0.32987861426539994,0,0,0,0.0,0.0
MYS,6,9403,17,202306,5,92.19,25125.25,0.32987861426539994,0,0,0,0.0,0.0
MYS,6,9403,17,202307,6,86.27,23342.13,0.32987861426539994,0,0,0,0.0,0.0
MYS,6,9403,17,202308,7,102.91,27512.16,0.32987861426539994,0,0,0,0.0,0.0
MYS,6,9403,17,202309,8,90.88,24090.48,0.32987861426539994,0,0,0,0.0,0.0
MYS,6,9403,17,202310,9,110.17,28485.6,0.32987861426539994,0,0,0,0.0,0.0
MYS,6,9403,17,202311,10,103.98,26643.7,0.32987861426539994,0,0,0,0.0,0.0
MYS,6,9403,17,202312,11,106.12,27678.41,0.32987861426539994,0,0,0,0.0,0.0
MYS,6,9403,17,202401,12,103.73,27046.91,0.32987861426539994,0,0,0,0.0,0.0
MYS,6,9403,17,202402,13,116.28,31003.06,0.32987861426539994,0,0,0,0.0,0.0
MYS,6,9403,17,202403,14,102.76,27917.11,0.32987861426539994,0,0,0,0.0,0.0
MYS,6,9403,17,202404,15,101.22,26502.15,0.32987861426539994,0,0,0,0.0,0.0
MYS,6,9403,17,202405,16,109.96,29524.88,0.32987861426539994,0,0,0,0.0,0.0
MYS,6,9403,17,202406,17,102.51,26788.69,0.32987861426539994,0,0,0,0.0,0.0
MYS,6,9403,17,202407,18,104.82,28295.36,0.32987861426539994,0,0,0,0.0,0.0
MYS,6,9403,17,202408,19,91.07,24690.55,0.32987861426539994,0,0,0,0.0,0.0
MYS,6,9403,17,202409,20,110.16,29204.08,0.32987861426539994,0,0,0,0.0,0.0
MYS,6,9403,17,202410,21,135.26,36835.32,0.32987861426539994,0,0,0,0.0,0.0
MYS,6,9403,17,202411,22,133.4,35579.26,0.32987861426539994,0,0,0,0.0,0.0
MYS,6,9403,17,202412,23,121.95,33191.04,0.32987861426539994,0,0,0,0.0,0.0
MYS,6,9403,17,202501,24,138.75,37893.33,0.32987861426539994,0,0,0,0.0,0.0
MYS,6,9403,17,202502,25,114.3,31104.23,0.32987861426539994,0,0,0,0.0,0.0
MYS,6,9403,17,202503,26,129.03,35042.71,0.32987861426539994,0,0,0,0.0,0.0
MYS,6,9403,17,202504,27,129.69,34908.2,0.32987861426539994,0,1,0,0.32987861426539994,0.0
MYS,6,9403,17,202505,28,111.11,30152.81,0.32987861426539994,0,1,0,0.32987861426539994,0.0
MYS,6,9403,17,202506,29,115.64,34457.41,0.32987861426539994,0,1,0,0.32987861426539994,0.0
MYS,6,9403,17,202507,30,127.0,34942.59,0.32987861426539994,0,1,0,0.32987861426539994,0.0
MYS,6,9403,17,202508,31,122.1,34735.21,0.32987861426539994,0,1,0,0.32987861426539994,0.0
MYS,6,9403,17,202509,32,124.23,33151.54,0.32987861426539994,0,1,0,0.32987861426539994,0.0
MYS,6,9403,17,202510,33,104.33,30168.5,0.32987861426539994,0,1,0,0.32987861426539994,0.0
MYS,6,9403,17,202511,34,97.44,28233.53,0.32987861426539994,0,1,0,0.32987861426539994,0.0
MYS,6,9403,17,202512,35,115.7,32723.48,0.32987861426539994,0,1,0,0.32987861426539994,0.0
MYS,6,9405,18,202301,0,11.12,471.47,0.5216145392002935,0,0,0,0.0,0.0
MYS,6,9405,18,202302,1,10.04,409.11,0.5216145392002935,0,0,0,0.0,0.0
MYS,6,9405,18,202303,2,11.47,495.65,0.5216145392002935,0,0,0,0.0,0.0
MYS,6,9405,18,202304,3,8.42,366.66,0.5216145392002935,0,0,0,0.0,0.0
MYS,6,9405,18,202305,4,9.75,397.0,0.5216145392002935,0,0,0,0.0,0.0
MYS,6,9405,18,202306,5,11.79,505.76,0.5216145392002935,0,0,0,0.0,0.0
MYS,6,9405,18,202307,6,15.17,595.08,0.5216145392002935,0,0,0,0.0,0.0
MYS,6,9405,18,202308,7,14.99,619.49,0.5216145392002935,0,0,0,0.0,0.0
MYS,6,9405,18,202309,8,17.67,712.97,0.5216145392002935,0,0,0,0.0,0.0
MYS,6,9405,18,202310,9,16.31,695.9,0.5216145392002935,0,0,0,0.0,0.0
MYS,6,9405,18,202311,10,13.25,517.93,0.5216145392002935,0,0,0,0.0,0.0
MYS,6,9405,18,202312,11,11.52,452.7,0.5216145392002935,0,0,0,0.0,0.0
MYS,6,9405,18,202401,12,15.6,604.71,0.5216145392002935,0,0,0,0.0,0.0
MYS,6,9405,18,202402,13,16.97,677.91,0.5216145392002935,0,0,0,0.0,0.0
MYS,6,9405,18,202403,14,11.25,450.72,0.5216145392002935,0,0,0,0.0,0.0
MYS,6,9405,18,202404,15,14.22,554.01,0.5216145392002935,0,0,0,0.0,0.0
MYS,6,9405,18,202405,16,11.18,450.83,0.5216145392002935,0,0,0,0.0,0.0
MYS,6,9405,18,202406,17,14.7,589.01,0.5216145392002935,0,0,0,0.0,0.0
MYS,6,9405,18,202407,18,15.71,735.42,0.5216145392002935,0,0,0,0.0,0.0
MYS,6,9405,18,202408,19,17.21,778.32,0.5216145392002935,0,0,0,0.0,0.0
MYS,6,9405,18,202409,20,15.46,693.98,0.5216145392002935,0,0,0,0.0,0.0
MYS,6,9405,18,202410,21,15.87,738.26,0.5216145392002935,0,0,0,0.0,0.0
MYS,6,9405,18,202411,22,13.77,636.74,0.5216145392002935,0,0,0,0.0,0.0
MYS,6,9405,18,202412,23,15.75,741.48,0.5216145392002935,0,0,0,0.0,0.0
MYS,6,9405,18,202501,24,14.16,628.45,0.5216145392002935,0,0,0,0.0,0.0
MYS,6,9405,18,202502,25,12.89,553.57,0.5216145392002935,0,0,0,0.0,0.0
MYS,6,9405,18,202503,26,18.39,927.16,0.5216145392002935,0,0,0,0.0,0.0
MYS,6,9405,18,202504,27,13.55,620.09,0.5216145392002935,0,1,0,0.5216145392002935,0.0
MYS,6,9405,18,202505,28,12.86,590.76,0.5216145392002935,0,1,0,0.5216145392002935,0.0
MYS,6,9405,18,202506,29,14.67,743.84,0.5216145392002935,0,1,0,0.5216145392002935,0.0
MYS,6,9405,18,202507,30,17.55,1726.34,0.5216145392002935,0,1,0,0.5216145392002935,0.0
MYS,6,9405,18,202508,31,18.75,1110.82,0.5216145392002935,0,1,0,0.5216145392002935,0.0
MYS,6,9405,18,202509,32,17.82,898.46,0.5216145392002935,0,1,0,0.5216145392002935,0.0
MYS,6,9405,18,202510,33,16.49,848.11,0.5216145392002935,0,1,0,0.5216145392002935,0.0
MYS,6,9405,18,202511,34,14.72,783.68,0.5216145392002935,0,1,0,0.5216145392002935,0.0
MYS,6,9405,18,202512,35,15.96,765.93,0.5216145392002935,0,1,0,0.5216145392002935,0.0
MYS,6,9503,19,202301,0,10.56,696.61,0.8174924032568407,0,0,0,0.0,0.0
MYS,6,9503,19,202302,1,7.45,491.15,0.8174924032568407,0,0,0,0.0,0.0
MYS,6,9503,19,202303,2,7.94,523.83,0.8174924032568407,0,0,0,0.0,0.0
MYS,6,9503,19,202304,3,8.17,539.06,0.8174924032568407,0,0,0,0.0,0.0
MYS,6,9503,19,202305,4,8.79,579.75,0.8174924032568407,0,0,0,0.0,0.0
MYS,6,9503,19,202306,5,7.76,511.85,0.8174924032568407,0,0,0,0.0,0.0
MYS,6,9503,19,202307,6,7.48,470.57,0.8174924032568407,0,0,0,0.0,0.0
MYS,6,9503,19,202308,7,8.39,528.14,0.8174924032568407,0,0,0,0.0,0.0
MYS,6,9503,19,202309,8,4.83,303.98,0.8174924032568407,0,0,0,0.0,0.0
MYS,6,9503,19,202310,9,7.76,488.09,0.8174924032568407,0,0,0,0.0,0.0
MYS,6,9503,19,202311,10,7.23,455.32,0.8174924032568407,0,0,0,0.0,0.0
MYS,6,9503,19,202312,11,6.0,379.9,0.8174924032568407,0,0,0,0.0,0.0
MYS,6,9503,19,202401,12,7.22,456.97,0.8174924032568407,0,0,0,0.0,0.0
MYS,6,9503,19,202402,13,7.36,465.98,0.8174924032568407,0,0,0,0.0,0.0
MYS,6,9503,19,202403,14,7.48,473.55,0.8174924032568407,0,0,0,0.0,0.0
MYS,6,9503,19,202404,15,5.02,317.56,0.8174924032568407,0,0,0,0.0,0.0
MYS,6,9503,19,202405,16,6.14,388.59,0.8174924032568407,0,0,0,0.0,0.0
MYS,6,9503,19,202406,17,3.73,235.98,0.8174924032568407,0,0,0,0.0,0.0
MYS,6,9503,19,202407,18,4.89,320.49,0.8174924032568407,0,0,0,0.0,0.0
MYS,6,9503,19,202408,19,4.48,293.66,0.8174924032568407,0,0,0,0.0,0.0
MYS,6,9503,19,202409,20,6.02,394.21,0.8174924032568407,0,0,0,0.0,0.0
MYS,6,9503,19,202410,21,7.54,494.19,0.8174924032568407,0,0,0,0.0,0.0
MYS,6,9503,19,202411,22,7.66,501.53,0.8174924032568407,0,0,0,0.0,0.0
MYS,6,9503,19,202412,23,7.76,508.14,0.8174924032568407,0,0,0,0.0,0.0
MYS,6,9503,19,202501,24,6.72,440.05,0.8174924032568407,0,0,0,0.0,0.0
MYS,6,9503,19,202502,25,6.52,427.21,0.8174924032568407,0,0,0,0.0,0.0
MYS,6,9503,19,202503,26,8.18,535.74,0.8174924032568407,0,0,0,0.0,0.0
MYS,6,9503,19,202504,27,5.5,360.55,0.8174924032568407,0,1,0,0.8174924032568407,0.0
MYS,6,9503,19,202505,28,6.53,427.96,0.8174924032568407,0,1,0,0.8174924032568407,0.0
MYS,6,9503,19,202506,29,6.89,451.24,0.8174924032568407,0,1,0,0.8174924032568407,0.0
MYS,6,9503,19,202507,30,7.4,484.72,0.8174924032568407,0,1,0,0.8174924032568407,0.0
MYS,6,9503,19,202508,31,6.46,425.2,0.8174924032568407,0,1,0,0.8174924032568407,0.0
MYS,6,9503,19,202509,32,7.58,498.84,0.8174924032568407,0,1,0,0.8174924032568407,0.0
MYS,6,9503,19,202510,33,6.04,397.51,0.8174924032568407,0,1,0,0.8174924032568407,0.0
MYS,6,9503,19,202511,34,6.83,449.46,0.8174924032568407,0,1,0,0.8174924032568407,0.0
MYS,6,9503,19,202512,35,6.79,446.63,0.8174924032568407,0,1,0,0.8174924032568407,0.0
PHL,7,3926,0,202301,0,2.09,126.86,0.592931327318276,0,0,0,0.0,0.0
PHL,7,3926,0,202302,1,1.56,84.15,0.592931327318276,0,0,0,0.0,0.0
PHL,7,3926,0,202303,2,1.75,144.74,0.592931327318276,0,0,0,0.0,0.0
PHL,7,3926,0,202304,3,2.3,172.38,0.592931327318276,0,0,0,0.0,0.0
PHL,7,3926,0,202305,4,1.95,118.93,0.592931327318276,0,0,0,0.0,0.0
PHL,7,3926,0,202306,5,2.73,147.78,0.592931327318276,0,0,0,0.0,0.0
PHL,7,3926,0,202307,6,2.01,135.63,0.592931327318276,0,0,0,0.0,0.0
PHL,7,3926,0,202308,7,2.63,139.2,0.592931327318276,0,0,0,0.0,0.0
PHL,7,3926,0,202309,8,2.84,172.25,0.592931327318276,0,0,0,0.0,0.0
PHL,7,3926,0,202310,9,2.54,179.13,0.592931327318276,0,0,0,0.0,0.0
PHL,7,3926,0,202311,10,2.27,141.61,0.592931327318276,0,0,0,0.0,0.0
PHL,7,3926,0,202312,11,2.25,165.83,0.592931327318276,0,0,0,0.0,0.0
PHL,7,3926,0,202401,12,2.35,188.09,0.592931327318276,0,0,0,0.0,0.0
PHL,7,3926,0,202402,13,1.9,116.49,0.592931327318276,0,0,0,0.0,0.0
PHL,7,3926,0,202403,14,1.78,86.54,0.592931327318276,0,0,0,0.0,0.0
PHL,7,3926,0,202404,15,1.65,77.37,0.592931327318276,0,0,0,0.0,0.0
PHL,7,3926,0,202405,16,2.07,110.63,0.592931327318276,0,0,0,0.0,0.0
PHL,7,3926,0,202406,17,2.86,142.54,0.592931327318276,0,0,0,0.0,0.0
PHL,7,3926,0,202407,18,2.98,183.94,0.592931327318276,0,0,0,0.0,0.0
PHL,7,3926,0,202408,19,2.81,165.25,0.592931327318276,0,0,0,0.0,0.0
PHL,7,3926,0,202409,20,3.3,179.12,0.592931327318276,0,0,0,0.0,0.0
PHL,7,3926,0,202410,21,3.03,173.2,0.592931327318276,0,0,0,0.0,0.0
PHL,7,3926,0,202411,22,3.59,196.5,0.592931327318276,0,0,0,0.0,0.0
PHL,7,3926,0,202412,23,3.1,163.93,0.592931327318276,0,0,0,0.0,0.0
PHL,7,3926,0,202501,24,1.9,134.93,0.592931327318276,0,0,0,0.0,0.0
PHL,7,3926,0,202502,25,2.0,109.1,0.592931327318276,0,0,0,0.0,0.0
PHL,7,3926,0,202503,26,1.91,100.88,0.592931327318276,0,0,0,0.0,0.0
PHL,7,3926,0,202504,27,2.24,137.9,0.592931327318276,0,1,0,0.592931327318276,0.0
PHL,7,3926,0,202505,28,2.36,121.72,0.592931327318276,0,1,0,0.592931327318276,0.0
PHL,7,3926,0,202506,29,4.3,245.31,0.592931327318276,0,1,0,0.592931327318276,0.0
PHL,7,3926,0,202507,30,2.69,169.79,0.592931327318276,0,1,0,0.592931327318276,0.0
PHL,7,3926,0,202508,31,3.42,219.12,0.592931327318276,0,1,0,0.592931327318276,0.0
PHL,7,3926,0,202509,32,2.31,155.49,0.592931327318276,0,1,0,0.592931327318276,0.0
PHL,7,3926,0,202510,33,1.69,122.0,0.592931327318276,0,1,0,0.592931327318276,0.0
PHL,7,3926,0,202511,34,4.08,258.74,0.592931327318276,0,1,0,0.592931327318276,0.0
PHL,7,3926,0,202512,35,2.19,133.47,0.592931327318276,0,1,0,0.592931327318276,0.0
PHL,7,4202,1,202301,0,43.08,1192.09,0.5082599842937704,0,0,0,0.0,0.0
PHL,7,4202,1,202302,1,29.97,767.17,0.5082599842937704,0,0,0,0.0,0.0
PHL,7,4202,1,202303,2,30.39,851.99,0.5082599842937704,0,0,0,0.0,0.0
PHL,7,4202,1,202304,3,40.74,1359.75,0.5082599842937704,0,0,0,0.0,0.0
PHL,7,4202,1,202305,4,30.62,988.5,0.5082599842937704,0,0,0,0.0,0.0
PHL,7,4202,1,202306,5,45.98,1301.01,0.5082599842937704,0,0,0,0.0,0.0
PHL,7,4202,1,202307,6,41.78,1145.05,0.5082599842937704,0,0,0,0.0,0.0
PHL,7,4202,1,202308,7,35.75,1076.73,0.5082599842937704,0,0,0,0.0,0.0
PHL,7,4202,1,202309,8,55.43,1744.81,0.5082599842937704,0,0,0,0.0,0.0
PHL,7,4202,1,202310,9,44.47,1372.57,0.5082599842937704,0,0,0,0.0,0.0
PHL,7,4202,1,202311,10,35.02,1031.3,0.5082599842937704,0,0,0,0.0,0.0
PHL,7,4202,1,202312,11,37.07,1213.23,0.5082599842937704,0,0,0,0.0,0.0
PHL,7,4202,1,202401,12,45.63,1527.0,0.5082599842937704,0,0,0,0.0,0.0
PHL,7,4202,1,202402,13,27.85,844.8,0.5082599842937704,0,0,0,0.0,0.0
PHL,7,4202,1,202403,14,32.45,1057.15,0.5082599842937704,0,0,0,0.0,0.0
PHL,7,4202,1,202404,15,47.26,1805.12,0.5082599842937704,0,0,0,0.0,0.0
PHL,7,4202,1,202405,16,42.94,1612.29,0.5082599842937704,0,0,0,0.0,0.0
PHL,7,4202,1,202406,17,25.58,903.48,0.5082599842937704,0,0,0,0.0,0.0
PHL,7,4202,1,202407,18,40.66,1514.42,0.5082599842937704,0,0,0,0.0,0.0
PHL,7,4202,1,202408,19,48.73,1662.09,0.5082599842937704,0,0,0,0.0,0.0
PHL,7,4202,1,202409,20,44.63,1621.4,0.5082599842937704,0,0,0,0.0,0.0
PHL,7,4202,1,202410,21,48.89,1596.77,0.5082599842937704,0,0,0,0.0,0.0
PHL,7,4202,1,202411,22,38.38,1310.02,0.5082599842937704,0,0,0,0.0,0.0
PHL,7,4202,1,202412,23,35.58,1391.33,0.5082599842937704,0,0,0,0.0,0.0
PHL,7,4202,1,202501,24,38.57,1484.81,0.5082599842937704,0,0,0,0.0,0.0
PHL,7,4202,1,202502,25,30.57,1036.56,0.5082599842937704,0,0,0,0.0,0.0
PHL,7,4202,1,202503,26,39.7,1402.03,0.5082599842937704,0,0,0,0.0,0.0
PHL,7,4202,1,202504,27,35.84,1160.41,0.5082599842937704,0,1,0,0.5082599842937704,0.0
PHL,7,4202,1,202505,28,34.68,1446.33,0.5082599842937704,0,1,0,0.5082599842937704,0.0
PHL,7,4202,1,202506,29,30.07,1083.72,0.5082599842937704,0,1,0,0.5082599842937704,0.0
PHL,7,4202,1,202507,30,42.88,1501.21,0.5082599842937704,0,1,0,0.5082599842937704,0.0
PHL,7,4202,1,202508,31,39.41,1277.26,0.5082599842937704,0,1,0,0.5082599842937704,0.0
PHL,7,4202,1,202509,32,46.12,1615.33,0.5082599842937704,0,1,0,0.5082599842937704,0.0
PHL,7,4202,1,202510,33,36.58,1119.42,0.5082599842937704,0,1,0,0.5082599842937704,0.0
PHL,7,4202,1,202511,34,44.59,1270.76,0.5082599842937704,0,1,0,0.5082599842937704,0.0
PHL,7,4202,1,202512,35,37.12,1222.33,0.5082599842937704,0,1,0,0.5082599842937704,0.0
PHL,7,6110,2,202301,0,6.6,266.91,0.43468577984429585,0,0,0,0.0,0.0
PHL,7,6110,2,202302,1,6.19,223.81,0.43468577984429585,0,0,0,0.0,0.0
PHL,7,6110,2,202303,2,5.88,216.44,0.43468577984429585,0,0,0,0.0,0.0
PHL,7,6110,2,202304,3,6.04,226.63,0.43468577984429585,0,0,0,0.0,0.0
PHL,7,6110,2,202305,4,3.8,163.69,0.43468577984429585,0,0,0,0.0,0.0
PHL,7,6110,2,202306,5,8.95,340.69,0.43468577984429585,0,0,0,0.0,0.0
PHL,7,6110,2,202307,6,7.18,278.78,0.43468577984429585,0,0,0,0.0,0.0
PHL,7,6110,2,202308,7,8.58,337.45,0.43468577984429585,0,0,0,0.0,0.0
PHL,7,6110,2,202309,8,8.55,368.38,0.43468577984429585,0,0,0,0.0,0.0
PHL,7,6110,2,202310,9,8.81,347.14,0.43468577984429585,0,0,0,0.0,0.0
PHL,7,6110,2,202311,10,5.43,241.72,0.43468577984429585,0,0,0,0.0,0.0
PHL,7,6110,2,202312,11,3.88,157.62,0.43468577984429585,0,0,0,0.0,0.0
PHL,7,6110,2,202401,12,5.49,187.29,0.43468577984429585,0,0,0,0.0,0.0
PHL,7,6110,2,202402,13,3.1,115.22,0.43468577984429585,0,0,0,0.0,0.0
PHL,7,6110,2,202403,14,3.06,113.16,0.43468577984429585,0,0,0,0.0,0.0
PHL,7,6110,2,202404,15,3.55,116.34,0.43468577984429585,0,0,0,0.0,0.0
PHL,7,6110,2,202405,16,2.29,75.68,0.43468577984429585,0,0,0,0.0,0.0
PHL,7,6110,2,202406,17,4.0,132.63,0.43468577984429585,0,0,0,0.0,0.0
PHL,7,6110,2,202407,18,3.39,117.35,0.43468577984429585,0,0,0,0.0,0.0
PHL,7,6110,2,202408,19,2.42,83.66,0.43468577984429585,0,0,0,0.0,0.0
PHL,7,6110,2,202409,20,4.03,139.26,0.43468577984429585,0,0,0,0.0,0.0
PHL,7,6110,2,202410,21,4.94,170.12,0.43468577984429585,0,0,0,0.0,0.0
PHL,7,6110,2,202411,22,5.6,194.09,0.43468577984429585,0,0,0,0.0,0.0
PHL,7,6110,2,202412,23,3.3,114.12,0.43468577984429585,0,0,0,0.0,0.0
PHL,7,6110,2,202501,24,6.3,217.99,0.43468577984429585,0,0,0,0.0,0.0
PHL,7,6110,2,202502,25,1.81,62.46,0.43468577984429585,0,0,0,0.0,0.0
PHL,7,6110,2,202503,26,1.75,60.48,0.43468577984429585,0,0,0,0.0,0.0
PHL,7,6110,2,202504,27,1.68,57.71,0.43468577984429585,0,1,0,0.43468577984429585,0.0
PHL,7,6110,2,202505,28,3.21,111.47,0.43468577984429585,0,1,0,0.43468577984429585,0.0
PHL,7,6110,2,202506,29,2.08,71.87,0.43468577984429585,0,1,0,0.43468577984429585,0.0
PHL,7,6110,2,202507,30,3.56,122.97,0.43468577984429585,0,1,0,0.43468577984429585,0.0
PHL,7,6110,2,202508,31,4.3,190.64,0.43468577984429585,0,1,0,0.43468577984429585,0.0
PHL,7,6110,2,202509,32,7.47,275.27,0.43468577984429585,0,1,0,0.43468577984429585,0.0
PHL,7,6110,2,202510,33,5.51,195.93,0.43468577984429585,0,1,0,0.43468577984429585,0.0
PHL,7,6110,2,202511,34,4.7,153.97,0.43468577984429585,0,1,0,0.43468577984429585,0.0
PHL,7,6110,2,202512,35,5.03,165.8,0.43468577984429585,0,1,0,0.43468577984429585,0.0
PHL,7,6204,3,202301,0,9.8,208.73,0.42349635741507496,0,0,0,0.0,0.0
PHL,7,6204,3,202302,1,11.71,232.3,0.42349635741507496,0,0,0,0.0,0.0
PHL,7,6204,3,202303,2,8.95,165.71,0.42349635741507496,0,0,0,0.0,0.0
PHL,7,6204,3,202304,3,7.24,147.64,0.42349635741507496,0,0,0,0.0,0.0
PHL,7,6204,3,202305,4,7.18,133.18,0.42349635741507496,0,0,0,0.0,0.0
PHL,7,6204,3,202306,5,11.2,244.93,0.42349635741507496,0,0,0,0.0,0.0
PHL,7,6204,3,202307,6,6.74,127.45,0.42349635741507496,0,0,0,0.0,0.0
PHL,7,6204,3,202308,7,6.6,136.94,0.42349635741507496,0,0,0,0.0,0.0
PHL,7,6204,3,202309,8,7.35,148.81,0.42349635741507496,0,0,0,0.0,0.0
PHL,7,6204,3,202310,9,5.73,95.11,0.42349635741507496,0,0,0,0.0,0.0
PHL,7,6204,3,202311,10,7.14,154.22,0.42349635741507496,0,0,0,0.0,0.0
PHL,7,6204,3,202312,11,6.0,134.27,0.42349635741507496,0,0,0,0.0,0.0
PHL,7,6204,3,202401,12,13.42,250.36,0.42349635741507496,0,0,0,0.0,0.0
PHL,7,6204,3,202402,13,8.82,172.74,0.42349635741507496,0,0,0,0.0,0.0
PHL,7,6204,3,202403,14,10.36,217.7,0.42349635741507496,0,0,0,0.0,0.0
PHL,7,6204,3,202404,15,8.6,191.43,0.42349635741507496,0,0,0,0.0,0.0
PHL,7,6204,3,202405,16,5.92,128.53,0.42349635741507496,0,0,0,0.0,0.0
PHL,7,6204,3,202406,17,6.97,159.49,0.42349635741507496,0,0,0,0.0,0.0
PHL,7,6204,3,202407,18,11.48,262.53,0.42349635741507496,0,0,0,0.0,0.0
PHL,7,6204,3,202408,19,8.76,188.75,0.42349635741507496,0,0,0,0.0,0.0
PHL,7,6204,3,202409,20,8.04,181.48,0.42349635741507496,0,0,0,0.0,0.0
PHL,7,6204,3,202410,21,8.17,169.09,0.42349635741507496,0,0,0,0.0,0.0
PHL,7,6204,3,202411,22,4.15,91.98,0.42349635741507496,0,0,0,0.0,0.0
PHL,7,6204,3,202412,23,7.43,175.44,0.42349635741507496,0,0,0,0.0,0.0
PHL,7,6204,3,202501,24,9.89,230.2,0.42349635741507496,0,0,0,0.0,0.0
PHL,7,6204,3,202502,25,10.46,227.67,0.42349635741507496,0,0,0,0.0,0.0
PHL,7,6204,3,202503,26,11.78,289.75,0.42349635741507496,0,0,0,0.0,0.0
PHL,7,6204,3,202504,27,8.31,195.79,0.42349635741507496,0,1,0,0.42349635741507496,0.0
PHL,7,6204,3,202505,28,6.52,152.32,0.42349635741507496,0,1,0,0.42349635741507496,0.0
PHL,7,6204,3,202506,29,5.51,128.26,0.42349635741507496,0,1,0,0.42349635741507496,0.0
PHL,7,6204,3,202507,30,5.99,136.11,0.42349635741507496,0,1,0,0.42349635741507496,0.0
PHL,7,6204,3,202508,31,7.6,132.98,0.42349635741507496,0,1,0,0.42349635741507496,0.0
PHL,7,6204,3,202509,32,6.78,120.77,0.42349635741507496,0,1,0,0.42349635741507496,0.0
PHL,7,6204,3,202510,33,5.48,89.25,0.42349635741507496,0,1,0,0.42349635741507496,0.0
PHL,7,6204,3,202511,34,5.31,129.78,0.42349635741507496,0,1,0,0.42349635741507496,0.0
PHL,7,6204,3,202512,35,4.27,103.7,0.42349635741507496,0,1,0,0.42349635741507496,0.0
PHL,7,6402,4,202301,0,0.02,0.79,0.6876787251706538,0,0,0,0.0,0.0
PHL,7,6402,4,202302,1,0.13,5.54,0.6876787251706538,0,0,0,0.0,0.0
PHL,7,6402,4,202303,2,0.05,2.17,0.6876787251706538,0,0,0,0.0,0.0
PHL,7,6402,4,202304,3,0.11,4.88,0.6876787251706538,0,0,0,0.0,0.0
PHL,7,6402,4,202305,4,0.01,0.27,0.6876787251706538,0,0,0,0.0,0.0
PHL,7,6402,4,202306,5,0.0,0.09,0.6876787251706538,0,0,0,0.0,0.0
PHL,7,6402,4,202307,6,0.01,0.28,0.6876787251706538,0,0,0,0.0,0.0
PHL,7,6402,4,202308,7,0.02,0.67,0.6876787251706538,0,0,0,0.0,0.0
PHL,7,6402,4,202309,8,0.78,29.47,0.6876787251706538,0,0,0,0.0,0.0
PHL,7,6402,4,202310,9,0.86,32.52,0.6876787251706538,0,0,0,0.0,0.0
PHL,7,6402,4,202311,10,0.0,0.06,0.6876787251706538,0,0,0,0.0,0.0
PHL,7,6402,4,202312,11,0.01,0.19,0.6876787251706538,0,0,0,0.0,0.0
PHL,7,6402,4,202401,12,0.02,0.88,0.6876787251706538,0,0,0,0.0,0.0
PHL,7,6402,4,202402,13,0.0,0.07,0.6876787251706538,0,0,0,0.0,0.0
PHL,7,6402,4,202404,15,0.0,0.18,0.6876787251706538,0,0,0,0.0,0.0
PHL,7,6402,4,202405,16,0.06,2.27,0.6876787251706538,0,0,0,0.0,0.0
PHL,7,6402,4,202406,17,0.09,3.48,0.6876787251706538,0,0,0,0.0,0.0
PHL,7,6402,4,202407,18,0.0,0.02,0.6876787251706538,0,0,0,0.0,0.0
PHL,7,6402,4,202408,19,0.0,0.04,0.6876787251706538,0,0,0,0.0,0.0
PHL,7,6402,4,202409,20,0.17,6.95,0.6876787251706538,0,0,0,0.0,0.0
PHL,7,6402,4,202410,21,0.04,1.62,0.6876787251706538,0,0,0,0.0,0.0
PHL,7,6402,4,202411,22,0.04,1.74,0.6876787251706538,0,0,0,0.0,0.0
PHL,7,6402,4,202412,23,0.17,7.14,0.6876787251706538,0,0,0,0.0,0.0
PHL,7,6402,4,202501,24,0.49,20.26,0.6876787251706538,0,0,0,0.0,0.0
PHL,7,6402,4,202502,25,0.27,11.41,0.6876787251706538,0,0,0,0.0,0.0
PHL,7,6402,4,202503,26,0.01,0.34,0.6876787251706538,0,0,0,0.0,0.0
PHL,7,6402,4,202504,27,0.0,0.08,0.6876787251706538,0,1,0,0.6876787251706538,0.0
PHL,7,6402,4,202505,28,0.01,0.27,0.6876787251706538,0,1,0,0.6876787251706538,0.0
PHL,7,6402,4,202506,29,0.19,7.53,0.6876787251706538,0,1,0,0.6876787251706538,0.0
PHL,7,6402,4,202507,30,0.17,6.89,0.6876787251706538,0,1,0,0.6876787251706538,0.0
PHL,7,6402,4,202508,31,0.16,6.31,0.6876787251706538,0,1,0,0.6876787251706538,0.0
PHL,7,6402,4,202509,32,0.12,4.6,0.6876787251706538,0,1,0,0.6876787251706538,0.0
PHL,7,6402,4,202510,33,0.0,0.08,0.6876787251706538,0,1,0,0.6876787251706538,0.0
PHL,7,6402,4,202511,34,0.27,10.9,0.6876787251706538,0,1,0,0.6876787251706538,0.0
PHL,7,6402,4,202512,35,0.6,24.72,0.6876787251706538,0,1,0,0.6876787251706538,0.0
PHL,7,6403,5,202301,0,2.67,70.26,0.3564216173855382,0,0,0,0.0,0.0
PHL,7,6403,5,202302,1,1.15,30.95,0.3564216173855382,0,0,0,0.0,0.0
PHL,7,6403,5,202303,2,1.8,47.31,0.3564216173855382,0,0,0,0.0,0.0
PHL,7,6403,5,202304,3,0.69,17.72,0.3564216173855382,0,0,0,0.0,0.0
PHL,7,6403,5,202305,4,3.34,87.22,0.3564216173855382,0,0,0,0.0,0.0
PHL,7,6403,5,202306,5,5.03,131.75,0.3564216173855382,0,0,0,0.0,0.0
PHL,7,6403,5,202307,6,3.23,73.18,0.3564216173855382,0,0,0,0.0,0.0
PHL,7,6403,5,202308,7,3.86,87.77,0.3564216173855382,0,0,0,0.0,0.0
PHL,7,6403,5,202309,8,4.98,113.18,0.3564216173855382,0,0,0,0.0,0.0
PHL,7,6403,5,202310,9,3.03,68.94,0.3564216173855382,0,0,0,0.0,0.0
PHL,7,6403,5,202311,10,3.16,66.61,0.3564216173855382,0,0,0,0.0,0.0
PHL,7,6403,5,202312,11,4.58,105.5,0.3564216173855382,0,0,0,0.0,0.0
PHL,7,6403,5,202401,12,4.34,98.49,0.3564216173855382,0,0,0,0.0,0.0
PHL,7,6403,5,202402,13,1.36,30.99,0.3564216173855382,0,0,0,0.0,0.0
PHL,7,6403,5,202403,14,2.09,47.87,0.3564216173855382,0,0,0,0.0,0.0
PHL,7,6403,5,202404,15,0.92,21.01,0.3564216173855382,0,0,0,0.0,0.0
PHL,7,6403,5,202405,16,2.64,59.35,0.3564216173855382,0,0,0,0.0,0.0
PHL,7,6403,5,202406,17,2.38,54.05,0.3564216173855382,0,0,0,0.0,0.0
PHL,7,6403,5,202407,18,3.25,69.44,0.3564216173855382,0,0,0,0.0,0.0
PHL,7,6403,5,202408,19,5.72,120.15,0.3564216173855382,0,0,0,0.0,0.0
PHL,7,6403,5,202409,20,7.49,143.85,0.3564216173855382,0,0,0,0.0,0.0
PHL,7,6403,5,202410,21,7.78,166.88,0.3564216173855382,0,0,0,0.0,0.0
PHL,7,6403,5,202411,22,3.95,86.88,0.3564216173855382,0,0,0,0.0,0.0
PHL,7,6403,5,202412,23,1.46,32.6,0.3564216173855382,0,0,0,0.0,0.0
PHL,7,6403,5,202501,24,2.41,52.53,0.3564216173855382,0,0,0,0.0,0.0
PHL,7,6403,5,202502,25,1.17,25.28,0.3564216173855382,0,0,0,0.0,0.0
PHL,7,6403,5,202503,26,0.36,7.89,0.3564216173855382,0,0,0,0.0,0.0
PHL,7,6403,5,202504,27,2.54,54.89,0.3564216173855382,0,1,0,0.3564216173855382,0.0
PHL,7,6403,5,202505,28,3.29,71.26,0.3564216173855382,0,1,0,0.3564216173855382,0.0
PHL,7,6403,5,202506,29,3.0,65.24,0.3564216173855382,0,1,0,0.3564216173855382,0.0
PHL,7,6403,5,202507,30,4.23,91.28,0.3564216173855382,0,1,0,0.3564216173855382,0.0
PHL,7,6403,5,202508,31,4.12,91.98,0.3564216173855382,0,1,0,0.3564216173855382,0.0
PHL,7,6403,5,202509,32,10.07,224.52,0.3564216173855382,0,1,0,0.3564216173855382,0.0
PHL,7,6403,5,202510,33,2.98,66.47,0.3564216173855382,0,1,0,0.3564216173855382,0.0
PHL,7,6403,5,202511,34,1.95,43.23,0.3564216173855382,0,1,0,0.3564216173855382,0.0
PHL,7,6403,5,202512,35,1.17,26.13,0.3564216173855382,0,1,0,0.3564216173855382,0.0
PHL,7,7326,6,202301,0,0.79,189.62,0.371942620179757,0,0,0,0.0,0.0
PHL,7,7326,6,202302,1,0.25,32.51,0.371942620179757,0,0,0,0.0,0.0
PHL,7,7326,6,202303,2,0.43,93.96,0.371942620179757,0,0,0,0.0,0.0
PHL,7,7326,6,202304,3,0.31,78.9,0.371942620179757,0,0,0,0.0,0.0
PHL,7,7326,6,202305,4,0.71,156.16,0.371942620179757,0,0,0,0.0,0.0
PHL,7,7326,6,202306,5,0.51,112.77,0.371942620179757,0,0,0,0.0,0.0
PHL,7,7326,6,202307,6,0.55,145.9,0.371942620179757,0,0,0,0.0,0.0
PHL,7,7326,6,202308,7,0.34,80.65,0.371942620179757,0,0,0,0.0,0.0
PHL,7,7326,6,202309,8,0.59,95.22,0.371942620179757,0,0,0,0.0,0.0
PHL,7,7326,6,202310,9,0.76,161.47,0.371942620179757,0,0,0,0.0,0.0
PHL,7,7326,6,202311,10,0.8,194.73,0.371942620179757,0,0,0,0.0,0.0
PHL,7,7326,6,202312,11,0.34,64.32,0.371942620179757,0,0,0,0.0,0.0
PHL,7,7326,6,202401,12,0.47,110.44,0.371942620179757,0,0,0,0.0,0.0
PHL,7,7326,6,202402,13,0.52,111.28,0.371942620179757,0,0,0,0.0,0.0
PHL,7,7326,6,202403,14,0.42,74.21,0.371942620179757,0,0,0,0.0,0.0
PHL,7,7326,6,202404,15,0.23,34.2,0.371942620179757,0,0,0,0.0,0.0
PHL,7,7326,6,202405,16,0.7,149.78,0.371942620179757,0,0,0,0.0,0.0
PHL,7,7326,6,202406,17,0.4,75.22,0.371942620179757,0,0,0,0.0,0.0
PHL,7,7326,6,202407,18,0.57,100.94,0.371942620179757,0,0,0,0.0,0.0
PHL,7,7326,6,202408,19,0.24,55.09,0.371942620179757,0,0,0,0.0,0.0
PHL,7,7326,6,202409,20,0.38,68.38,0.371942620179757,0,0,0,0.0,0.0
PHL,7,7326,6,202410,21,1.0,239.63,0.371942620179757,0,0,0,0.0,0.0
PHL,7,7326,6,202411,22,0.3,68.02,0.371942620179757,0,0,0,0.0,0.0
PHL,7,7326,6,202412,23,0.38,100.62,0.371942620179757,0,0,0,0.0,0.0
PHL,7,7326,6,202501,24,0.51,117.18,0.371942620179757,0,0,0,0.0,0.0
PHL,7,7326,6,202502,25,0.45,103.71,0.371942620179757,0,0,0,0.0,0.0
PHL,7,7326,6,202503,26,1.18,246.28,0.371942620179757,0,0,0,0.0,0.0
PHL,7,7326,6,202504,27,0.32,83.44,0.371942620179757,0,1,0,0.371942620179757,0.0
PHL,7,7326,6,202505,28,1.01,248.96,0.371942620179757,0,1,0,0.371942620179757,0.0
PHL,7,7326,6,202506,29,0.77,188.16,0.371942620179757,0,1,0,0.371942620179757,0.0
PHL,7,7326,6,202507,30,0.79,190.53,0.371942620179757,0,1,0,0.371942620179757,0.0
PHL,7,7326,6,202508,31,0.47,102.89,0.371942620179757,0,1,0,0.371942620179757,0.0
PHL,7,7326,6,202509,32,1.86,487.09,0.371942620179757,0,1,0,0.371942620179757,0.0
PHL,7,7326,6,202510,33,0.67,154.13,0.371942620179757,0,1,0,0.371942620179757,0.0
PHL,7,7326,6,202511,34,1.17,315.19,0.371942620179757,0,1,0,0.371942620179757,0.0
PHL,7,7326,6,202512,35,0.32,75.32,0.371942620179757,0,1,0,0.371942620179757,0.0
PHL,7,8443,7,202301,0,62.39,2271.41,0.1675662022525517,0,0,0,0.0,0.0
PHL,7,8443,7,202302,1,37.46,1216.87,0.1675662022525517,0,0,0,0.0,0.0
PHL,7,8443,7,202303,2,39.99,1373.47,0.1675662022525517,0,0,0,0.0,0.0
PHL,7,8443,7,202304,3,44.55,1370.78,0.1675662022525517,0,0,0,0.0,0.0
PHL,7,8443,7,202305,4,45.18,1286.69,0.1675662022525517,0,0,0,0.0,0.0
PHL,7,8443,7,202306,5,70.63,2274.18,0.1675662022525517,0,0,0,0.0,0.0
PHL,7,8443,7,202307,6,43.28,1439.55,0.1675662022525517,0,0,0,0.0,0.0
PHL,7,8443,7,202308,7,44.92,1276.66,0.1675662022525517,0,0,0,0.0,0.0
PHL,7,8443,7,202309,8,43.42,1325.59,0.1675662022525517,0,0,0,0.0,0.0
PHL,7,8443,7,202310,9,41.74,1209.31,0.1675662022525517,0,0,0,0.0,0.0
PHL,7,8443,7,202311,10,38.81,1393.13,0.1675662022525517,0,0,0,0.0,0.0
PHL,7,8443,7,202312,11,45.02,1443.61,0.1675662022525517,0,0,0,0.0,0.0
PHL,7,8443,7,202401,12,44.71,1433.76,0.1675662022525517,0,0,0,0.0,0.0
PHL,7,8443,7,202402,13,31.96,962.85,0.1675662022525517,0,0,0,0.0,0.0
PHL,7,8443,7,202403,14,49.39,1515.53,0.1675662022525517,0,0,0,0.0,0.0
PHL,7,8443,7,202404,15,51.21,1444.49,0.1675662022525517,0,0,0,0.0,0.0
PHL,7,8443,7,202405,16,38.88,1233.95,0.1675662022525517,0,0,0,0.0,0.0
PHL,7,8443,7,202406,17,46.42,1501.21,0.1675662022525517,0,0,0,0.0,0.0
PHL,7,8443,7,202407,18,38.81,1166.59,0.1675662022525517,0,0,0,0.0,0.0
PHL,7,8443,7,202408,19,55.72,1708.55,0.1675662022525517,0,0,0,0.0,0.0
PHL,7,8443,7,202409,20,56.19,1833.38,0.1675662022525517,0,0,0,0.0,0.0
PHL,7,8443,7,202410,21,42.02,1162.09,0.1675662022525517,0,0,0,0.0,0.0
PHL,7,8443,7,202411,22,51.09,1540.89,0.1675662022525517,0,0,0,0.0,0.0
PHL,7,8443,7,202412,23,46.15,1364.25,0.1675662022525517,0,0,0,0.0,0.0
PHL,7,8443,7,202501,24,43.82,1202.76,0.1675662022525517,0,0,0,0.0,0.0
PHL,7,8443,7,202502,25,40.82,1169.15,0.1675662022525517,0,0,0,0.0,0.0
PHL,7,8443,7,202503,26,49.31,1399.7,0.1675662022525517,0,0,0,0.0,0.0
PHL,7,8443,7,202504,27,31.09,794.6,0.1675662022525517,0,1,0,0.1675662022525517,0.0
PHL,7,8443,7,202505,28,49.76,1570.28,0.1675662022525517,0,1,0,0.1675662022525517,0.0
PHL,7,8443,7,202506,29,45.19,1317.53,0.1675662022525517,0,1,0,0.1675662022525517,0.0
PHL,7,8443,7,202507,30,47.99,1484.73,0.1675662022525517,0,1,0,0.1675662022525517,0.0
PHL,7,8443,7,202508,31,50.87,1657.76,0.1675662022525517,0,1,0,0.1675662022525517,0.0
PHL,7,8443,7,202509,32,44.97,1648.84,0.1675662022525517,0,1,0,0.1675662022525517,0.0
PHL,7,8443,7,202510,33,36.35,1287.74,0.1675662022525517,0,1,0,0.1675662022525517,0.0
PHL,7,8443,7,202511,34,46.91,1905.29,0.1675662022525517,0,1,0,0.1675662022525517,0.0
PHL,7,8443,7,202512,35,44.17,1671.21,0.1675662022525517,0,1,0,0.1675662022525517,0.0
PHL,7,8471,8,202301,0,45.91,123.93,0.39643031296790476,0,0,0,0.0,0.0
PHL,7,8471,8,202302,1,25.24,71.79,0.39643031296790476,0,0,0,0.0,0.0
PHL,7,8471,8,202303,2,28.94,85.77,0.39643031296790476,0,0,0,0.0,0.0
PHL,7,8471,8,202304,3,33.72,91.92,0.39643031296790476,0,0,0,0.0,0.0
PHL,7,8471,8,202305,4,41.09,115.29,0.39643031296790476,0,0,0,0.0,0.0
PHL,7,8471,8,202306,5,48.72,133.4,0.39643031296790476,0,0,0,0.0,0.0
PHL,7,8471,8,202307,6,27.59,78.73,0.39643031296790476,0,0,0,0.0,0.0
PHL,7,8471,8,202308,7,45.86,121.76,0.39643031296790476,0,0,0,0.0,0.0
PHL,7,8471,8,202309,8,60.99,163.71,0.39643031296790476,0,0,0,0.0,0.0
PHL,7,8471,8,202310,9,48.52,136.05,0.39643031296790476,0,0,0,0.0,0.0
PHL,7,8471,8,202311,10,40.39,112.33,0.39643031296790476,0,0,0,0.0,0.0
PHL,7,8471,8,202312,11,44.45,121.49,0.39643031296790476,0,0,0,0.0,0.0
PHL,7,8471,8,202401,12,53.11,141.52,0.39643031296790476,0,0,0,0.0,0.0
PHL,7,8471,8,202402,13,74.26,193.93,0.39643031296790476,0,0,0,0.0,0.0
PHL,7,8471,8,202403,14,68.97,181.81,0.39643031296790476,0,0,0,0.0,0.0
PHL,7,8471,8,202404,15,51.4,134.74,0.39643031296790476,0,0,0,0.0,0.0
PHL,7,8471,8,202405,16,69.08,181.33,0.39643031296790476,0,0,0,0.0,0.0
PHL,7,8471,8,202406,17,64.02,173.81,0.39643031296790476,0,0,0,0.0,0.0
PHL,7,8471,8,202407,18,65.27,154.89,0.39643031296790476,0,0,0,0.0,0.0
PHL,7,8471,8,202408,19,86.99,200.47,0.39643031296790476,0,0,0,0.0,0.0
PHL,7,8471,8,202409,20,89.58,213.69,0.39643031296790476,0,0,0,0.0,0.0
PHL,7,8471,8,202410,21,92.53,214.81,0.39643031296790476,0,0,0,0.0,0.0
PHL,7,8471,8,202411,22,95.16,223.92,0.39643031296790476,0,0,0,0.0,0.0
PHL,7,8471,8,202412,23,108.92,249.74,0.39643031296790476,0,0,0,0.0,0.0
PHL,7,8471,8,202501,24,66.71,156.56,0.39643031296790476,0,0,0,0.0,0.0
PHL,7,8471,8,202502,25,69.77,169.49,0.39643031296790476,0,0,0,0.0,0.0
PHL,7,8471,8,202503,26,109.24,256.7,0.39643031296790476,0,0,0,0.0,0.0
PHL,7,8471,8,202504,27,82.28,194.99,0.39643031296790476,0,1,0,0.39643031296790476,0.0
PHL,7,8471,8,202505,28,114.76,270.81,0.39643031296790476,0,1,0,0.39643031296790476,0.0
PHL,7,8471,8,202506,29,105.08,243.81,0.39643031296790476,0,1,0,0.39643031296790476,0.0
PHL,7,8471,8,202507,30,104.35,249.78,0.39643031296790476,0,1,0,0.39643031296790476,0.0
PHL,7,8471,8,202508,31,111.05,244.82,0.39643031296790476,0,1,0,0.39643031296790476,0.0
PHL,7,8471,8,202509,32,102.22,232.71,0.39643031296790476,0,1,0,0.39643031296790476,0.0
PHL,7,8471,8,202510,33,72.42,163.8,0.39643031296790476,0,1,0,0.39643031296790476,0.0
PHL,7,8471,8,202511,34,154.62,329.77,0.39643031296790476,0,1,0,0.39643031296790476,0.0
PHL,7,8471,8,202512,35,125.14,267.78,0.39643031296790476,0,1,0,0.39643031296790476,0.0
PHL,7,8473,9,202301,0,27.31,147.48,0.20922547448162448,0,0,0,0.0,0.0
PHL,7,8473,9,202302,1,14.5,89.98,0.20922547448162448,0,0,0,0.0,0.0
PHL,7,8473,9,202303,2,72.7,315.22,0.20922547448162448,0,0,0,0.0,0.0
PHL,7,8473,9,202304,3,29.44,184.54,0.20922547448162448,0,0,0,0.0,0.0
PHL,7,8473,9,202305,4,26.36,140.22,0.20922547448162448,0,0,0,0.0,0.0
PHL,7,8473,9,202306,5,40.11,278.12,0.20922547448162448,0,0,0,0.0,0.0
PHL,7,8473,9,202307,6,31.65,214.83,0.20922547448162448,0,0,0,0.0,0.0
PHL,7,8473,9,202308,7,24.43,227.18,0.20922547448162448,0,0,0,0.0,0.0
PHL,7,8473,9,202309,8,35.55,251.35,0.20922547448162448,0,0,0,0.0,0.0
PHL,7,8473,9,202310,9,38.79,234.54,0.20922547448162448,0,0,0,0.0,0.0
PHL,7,8473,9,202311,10,66.88,320.34,0.20922547448162448,0,0,0,0.0,0.0
PHL,7,8473,9,202312,11,102.51,431.09,0.20922547448162448,0,0,0,0.0,0.0
PHL,7,8473,9,202401,12,24.22,131.81,0.20922547448162448,0,0,0,0.0,0.0
PHL,7,8473,9,202402,13,26.48,136.93,0.20922547448162448,0,0,0,0.0,0.0
PHL,7,8473,9,202403,14,79.44,356.24,0.20922547448162448,0,0,0,0.0,0.0
PHL,7,8473,9,202404,15,47.57,242.84,0.20922547448162448,0,0,0,0.0,0.0
PHL,7,8473,9,202405,16,96.57,391.05,0.20922547448162448,0,0,0,0.0,0.0
PHL,7,8473,9,202406,17,48.29,218.54,0.20922547448162448,0,0,0,0.0,0.0
PHL,7,8473,9,202407,18,42.83,202.91,0.20922547448162448,0,0,0,0.0,0.0
PHL,7,8473,9,202408,19,101.93,416.16,0.20922547448162448,0,0,0,0.0,0.0
PHL,7,8473,9,202409,20,218.04,841.94,0.20922547448162448,0,0,0,0.0,0.0
PHL,7,8473,9,202410,21,78.35,353.51,0.20922547448162448,0,0,0,0.0,0.0
PHL,7,8473,9,202411,22,205.16,791.17,0.20922547448162448,0,0,0,0.0,0.0
PHL,7,8473,9,202412,23,153.3,628.29,0.20922547448162448,0,0,0,0.0,0.0
PHL,7,8473,9,202501,24,129.58,540.48,0.20922547448162448,0,0,0,0.0,0.0
PHL,7,8473,9,202502,25,143.06,559.86,0.20922547448162448,0,0,0,0.0,0.0
PHL,7,8473,9,202503,26,182.6,787.03,0.20922547448162448,0,0,0,0.0,0.0
PHL,7,8473,9,202504,27,121.32,498.7,0.20922547448162448,0,1,0,0.20922547448162448,0.0
PHL,7,8473,9,202505,28,99.82,387.21,0.20922547448162448,0,1,0,0.20922547448162448,0.0
PHL,7,8473,9,202506,29,87.85,363.75,0.20922547448162448,0,1,0,0.20922547448162448,0.0
PHL,7,8473,9,202507,30,93.31,379.05,0.20922547448162448,0,1,0,0.20922547448162448,0.0
PHL,7,8473,9,202508,31,122.87,525.4,0.20922547448162448,0,1,0,0.20922547448162448,0.0
PHL,7,8473,9,202509,32,206.15,845.06,0.20922547448162448,0,1,0,0.20922547448162448,0.0
PHL,7,8473,9,202510,33,105.87,481.69,0.20922547448162448,0,1,0,0.20922547448162448,0.0
PHL,7,8473,9,202511,34,192.52,793.5,0.20922547448162448,0,1,0,0.20922547448162448,0.0
PHL,7,8473,9,202512,35,316.84,1275.62,0.20922547448162448,0,1,0,0.20922547448162448,0.0
PHL,7,8504,10,202301,0,48.03,875.31,0.20349559537261644,0,0,0,0.0,0.0
PHL,7,8504,10,202302,1,46.58,868.42,0.20349559537261644,0,0,0,0.0,0.0
PHL,7,8504,10,202303,2,44.42,837.46,0.20349559537261644,0,0,0,0.0,0.0
PHL,7,8504,10,202304,3,51.05,969.88,0.20349559537261644,0,0,0,0.0,0.0
PHL,7,8504,10,202305,4,47.44,850.37,0.20349559537261644,0,0,0,0.0,0.0
PHL,7,8504,10,202306,5,47.6,873.79,0.20349559537261644,0,0,0,0.0,0.0
PHL,7,8504,10,202307,6,47.12,765.76,0.20349559537261644,0,0,0,0.0,0.0
PHL,7,8504,10,202308,7,46.51,752.33,0.20349559537261644,0,0,0,0.0,0.0
PHL,7,8504,10,202309,8,42.85,783.9,0.20349559537261644,0,0,0,0.0,0.0
PHL,7,8504,10,202310,9,41.59,695.92,0.20349559537261644,0,0,0,0.0,0.0
PHL,7,8504,10,202311,10,44.71,864.63,0.20349559537261644,0,0,0,0.0,0.0
PHL,7,8504,10,202312,11,53.51,909.29,0.20349559537261644,0,0,0,0.0,0.0
PHL,7,8504,10,202401,12,46.94,925.76,0.20349559537261644,0,0,0,0.0,0.0
PHL,7,8504,10,202402,13,44.4,791.39,0.20349559537261644,0,0,0,0.0,0.0
PHL,7,8504,10,202403,14,57.4,975.32,0.20349559537261644,0,0,0,0.0,0.0
PHL,7,8504,10,202404,15,49.74,786.08,0.20349559537261644,0,0,0,0.0,0.0
PHL,7,8504,10,202405,16,45.7,735.39,0.20349559537261644,0,0,0,0.0,0.0
PHL,7,8504,10,202406,17,51.44,846.18,0.20349559537261644,0,0,0,0.0,0.0
PHL,7,8504,10,202407,18,66.82,1091.91,0.20349559537261644,0,0,0,0.0,0.0
PHL,7,8504,10,202408,19,56.36,915.96,0.20349559537261644,0,0,0,0.0,0.0
PHL,7,8504,10,202409,20,59.11,952.8,0.20349559537261644,0,0,0,0.0,0.0
PHL,7,8504,10,202410,21,52.69,877.75,0.20349559537261644,0,0,0,0.0,0.0
PHL,7,8504,10,202411,22,69.03,1122.64,0.20349559537261644,0,0,0,0.0,0.0
PHL,7,8504,10,202412,23,46.1,740.59,0.20349559537261644,0,0,0,0.0,0.0
PHL,7,8504,10,202501,24,58.63,964.71,0.20349559537261644,0,0,0,0.0,0.0
PHL,7,8504,10,202502,25,57.36,919.38,0.20349559537261644,0,0,0,0.0,0.0
PHL,7,8504,10,202503,26,69.64,1138.22,0.20349559537261644,0,0,0,0.0,0.0
PHL,7,8504,10,202504,27,61.59,1021.21,0.20349559537261644,0,1,0,0.20349559537261644,0.0
PHL,7,8504,10,202505,28,58.58,947.39,0.20349559537261644,0,1,0,0.20349559537261644,0.0
PHL,7,8504,10,202506,29,57.07,954.91,0.20349559537261644,0,1,0,0.20349559537261644,0.0
PHL,7,8504,10,202507,30,60.03,1010.92,0.20349559537261644,0,1,0,0.20349559537261644,0.0
PHL,7,8504,10,202508,31,440.93,7379.89,0.20349559537261644,0,1,0,0.20349559537261644,0.0
PHL,7,8504,10,202509,32,448.78,7498.06,0.20349559537261644,0,1,0,0.20349559537261644,0.0
PHL,7,8504,10,202510,33,417.19,6892.17,0.20349559537261644,0,1,0,0.20349559537261644,0.0
PHL,7,8504,10,202511,34,364.92,6081.43,0.20349559537261644,0,1,0,0.20349559537261644,0.0
PHL,7,8504,10,202512,35,140.54,2489.72,0.20349559537261644,0,1,0,0.20349559537261644,0.0
PHL,7,8516,11,202301,0,11.63,386.34,0.6255708163552058,0,0,0,0.0,0.0
PHL,7,8516,11,202302,1,30.27,977.59,0.6255708163552058,0,0,0,0.0,0.0
PHL,7,8516,11,202303,2,22.79,710.72,0.6255708163552058,0,0,0,0.0,0.0
PHL,7,8516,11,202304,3,14.36,444.69,0.6255708163552058,0,0,0,0.0,0.0
PHL,7,8516,11,202305,4,12.71,394.72,0.6255708163552058,0,0,0,0.0,0.0
PHL,7,8516,11,202306,5,8.93,275.02,0.6255708163552058,0,0,0,0.0,0.0
PHL,7,8516,11,202307,6,27.53,741.52,0.6255708163552058,0,0,0,0.0,0.0
PHL,7,8516,11,202308,7,15.81,473.88,0.6255708163552058,0,0,0,0.0,0.0
PHL,7,8516,11,202309,8,18.35,579.09,0.6255708163552058,0,0,0,0.0,0.0
PHL,7,8516,11,202310,9,32.12,850.88,0.6255708163552058,0,0,0,0.0,0.0
PHL,7,8516,11,202311,10,12.69,367.37,0.6255708163552058,0,0,0,0.0,0.0
PHL,7,8516,11,202312,11,4.43,151.83,0.6255708163552058,0,0,0,0.0,0.0
PHL,7,8516,11,202401,12,7.7,265.44,0.6255708163552058,0,0,0,0.0,0.0
PHL,7,8516,11,202402,13,11.46,333.31,0.6255708163552058,0,0,0,0.0,0.0
PHL,7,8516,11,202403,14,10.54,320.08,0.6255708163552058,0,0,0,0.0,0.0
PHL,7,8516,11,202404,15,12.12,394.08,0.6255708163552058,0,0,0,0.0,0.0
PHL,7,8516,11,202405,16,9.24,318.25,0.6255708163552058,0,0,0,0.0,0.0
PHL,7,8516,11,202406,17,11.94,384.86,0.6255708163552058,0,0,0,0.0,0.0
PHL,7,8516,11,202407,18,16.27,446.23,0.6255708163552058,0,0,0,0.0,0.0
PHL,7,8516,11,202408,19,28.36,789.7,0.6255708163552058,0,0,0,0.0,0.0
PHL,7,8516,11,202409,20,24.14,641.37,0.6255708163552058,0,0,0,0.0,0.0
PHL,7,8516,11,202410,21,23.6,606.95,0.6255708163552058,0,0,0,0.0,0.0
PHL,7,8516,11,202411,22,20.65,523.68,0.6255708163552058,0,0,0,0.0,0.0
PHL,7,8516,11,202412,23,15.02,403.67,0.6255708163552058,0,0,0,0.0,0.0
PHL,7,8516,11,202501,24,17.26,471.77,0.6255708163552058,0,0,0,0.0,0.0
PHL,7,8516,11,202502,25,26.39,700.62,0.6255708163552058,0,0,0,0.0,0.0
PHL,7,8516,11,202503,26,32.55,815.81,0.6255708163552058,0,0,0,0.0,0.0
PHL,7,8516,11,202504,27,38.53,1018.88,0.6255708163552058,0,1,0,0.6255708163552058,0.0
PHL,7,8516,11,202505,28,33.43,895.84,0.6255708163552058,0,1,0,0.6255708163552058,0.0
PHL,7,8516,11,202506,29,53.05,1395.19,0.6255708163552058,0,1,0,0.6255708163552058,0.0
PHL,7,8516,11,202507,30,45.94,1152.87,0.6255708163552058,0,1,0,0.6255708163552058,0.0
PHL,7,8516,11,202508,31,30.09,708.19,0.6255708163552058,0,1,0,0.6255708163552058,0.0
PHL,7,8516,11,202509,32,32.06,734.01,0.6255708163552058,0,1,0,0.6255708163552058,0.0
PHL,7,8516,11,202510,33,22.5,571.17,0.6255708163552058,0,1,0,0.6255708163552058,0.0
PHL,7,8516,11,202511,34,39.27,953.99,0.6255708163552058,0,1,0,0.6255708163552058,0.0
PHL,7,8516,11,202512,35,5.29,167.73,0.6255708163552058,0,1,0,0.6255708163552058,0.0
PHL,7,8517,12,202301,0,59.32,343.72,0.49320772139853813,0,0,0,0.0,0.0
PHL,7,8517,12,202302,1,55.61,310.33,0.49320772139853813,0,0,0,0.0,0.0
PHL,7,8517,12,202303,2,81.21,489.33,0.49320772139853813,0,0,0,0.0,0.0
PHL,7,8517,12,202304,3,62.42,347.71,0.49320772139853813,0,0,0,0.0,0.0
PHL,7,8517,12,202305,4,66.68,397.75,0.49320772139853813,0,0,0,0.0,0.0
PHL,7,8517,12,202306,5,67.56,353.85,0.49320772139853813,0,0,0,0.0,0.0
PHL,7,8517,12,202307,6,62.73,300.99,0.49320772139853813,0,0,0,0.0,0.0
PHL,7,8517,12,202308,7,52.82,260.48,0.49320772139853813,0,0,0,0.0,0.0
PHL,7,8517,12,202309,8,51.56,283.5,0.49320772139853813,0,0,0,0.0,0.0
PHL,7,8517,12,202310,9,77.24,381.26,0.49320772139853813,0,0,0,0.0,0.0
PHL,7,8517,12,202311,10,80.81,406.06,0.49320772139853813,0,0,0,0.0,0.0
PHL,7,8517,12,202312,11,51.21,347.38,0.49320772139853813,0,0,0,0.0,0.0
PHL,7,8517,12,202401,12,50.32,267.76,0.49320772139853813,0,0,0,0.0,0.0
PHL,7,8517,12,202402,13,42.61,219.64,0.49320772139853813,0,0,0,0.0,0.0
PHL,7,8517,12,202403,14,78.15,381.83,0.49320772139853813,0,0,0,0.0,0.0
PHL,7,8517,12,202404,15,65.56,263.26,0.49320772139853813,0,0,0,0.0,0.0
PHL,7,8517,12,202405,16,33.93,132.14,0.49320772139853813,0,0,0,0.0,0.0
PHL,7,8517,12,202406,17,60.95,279.82,0.49320772139853813,0,0,0,0.0,0.0
PHL,7,8517,12,202407,18,58.99,405.24,0.49320772139853813,0,0,0,0.0,0.0
PHL,7,8517,12,202408,19,59.56,328.37,0.49320772139853813,0,0,0,0.0,0.0
PHL,7,8517,12,202409,20,70.54,375.99,0.49320772139853813,0,0,0,0.0,0.0
PHL,7,8517,12,202410,21,47.27,246.27,0.49320772139853813,0,0,0,0.0,0.0
PHL,7,8517,12,202411,22,72.31,359.82,0.49320772139853813,0,0,0,0.0,0.0
PHL,7,8517,12,202412,23,63.41,251.21,0.49320772139853813,0,0,0,0.0,0.0
PHL,7,8517,12,202501,24,35.78,184.69,0.49320772139853813,0,0,0,0.0,0.0
PHL,7,8517,12,202502,25,44.16,271.94,0.49320772139853813,0,0,0,0.0,0.0
PHL,7,8517,12,202503,26,66.67,302.5,0.49320772139853813,0,0,0,0.0,0.0
PHL,7,8517,12,202504,27,69.74,368.81,0.49320772139853813,0,1,0,0.49320772139853813,0.0
PHL,7,8517,12,202505,28,96.7,306.8,0.49320772139853813,0,1,0,0.49320772139853813,0.0
PHL,7,8517,12,202506,29,111.13,640.26,0.49320772139853813,0,1,0,0.49320772139853813,0.0
PHL,7,8517,12,202507,30,86.97,240.69,0.49320772139853813,0,1,0,0.49320772139853813,0.0
PHL,7,8517,12,202508,31,81.1,234.51,0.49320772139853813,0,1,0,0.49320772139853813,0.0
PHL,7,8517,12,202509,32,81.59,236.33,0.49320772139853813,0,1,0,0.49320772139853813,0.0
PHL,7,8517,12,202510,33,62.69,182.44,0.49320772139853813,0,1,0,0.49320772139853813,0.0
PHL,7,8517,12,202511,34,91.13,262.01,0.49320772139853813,0,1,0,0.49320772139853813,0.0
PHL,7,8517,12,202512,35,91.13,260.64,0.49320772139853813,0,1,0,0.49320772139853813,0.0
PHL,7,8528,13,202301,0,34.54,285.07,0.3347814968181058,0,0,0,0.0,0.0
PHL,7,8528,13,202302,1,27.19,224.49,0.3347814968181058,0,0,0,0.0,0.0
PHL,7,8528,13,202303,2,39.46,325.74,0.3347814968181058,0,0,0,0.0,0.0
PHL,7,8528,13,202304,3,22.39,184.75,0.3347814968181058,0,0,0,0.0,0.0
PHL,7,8528,13,202305,4,19.28,159.18,0.3347814968181058,0,0,0,0.0,0.0
PHL,7,8528,13,202306,5,20.01,165.15,0.3347814968181058,0,0,0,0.0,0.0
PHL,7,8528,13,202307,6,29.01,222.56,0.3347814968181058,0,0,0,0.0,0.0
PHL,7,8528,13,202308,7,21.88,167.6,0.3347814968181058,0,0,0,0.0,0.0
PHL,7,8528,13,202309,8,30.05,230.21,0.3347814968181058,0,0,0,0.0,0.0
PHL,7,8528,13,202310,9,27.4,209.43,0.3347814968181058,0,0,0,0.0,0.0
PHL,7,8528,13,202311,10,18.42,140.54,0.3347814968181058,0,0,0,0.0,0.0
PHL,7,8528,13,202312,11,12.02,90.71,0.3347814968181058,0,0,0,0.0,0.0
PHL,7,8528,13,202401,12,24.58,185.58,0.3347814968181058,0,0,0,0.0,0.0
PHL,7,8528,13,202402,13,8.35,63.04,0.3347814968181058,0,0,0,0.0,0.0
PHL,7,8528,13,202403,14,29.02,202.3,0.3347814968181058,0,0,0,0.0,0.0
PHL,7,8528,13,202404,15,21.47,131.61,0.3347814968181058,0,0,0,0.0,0.0
PHL,7,8528,13,202405,16,19.1,117.23,0.3347814968181058,0,0,0,0.0,0.0
PHL,7,8528,13,202406,17,23.72,145.27,0.3347814968181058,0,0,0,0.0,0.0
PHL,7,8528,13,202407,18,25.23,165.96,0.3347814968181058,0,0,0,0.0,0.0
PHL,7,8528,13,202408,19,22.83,150.36,0.3347814968181058,0,0,0,0.0,0.0
PHL,7,8528,13,202409,20,26.96,177.44,0.3347814968181058,0,0,0,0.0,0.0
PHL,7,8528,13,202410,21,12.87,84.73,0.3347814968181058,0,0,0,0.0,0.0
PHL,7,8528,13,202411,22,22.2,145.98,0.3347814968181058,0,0,0,0.0,0.0
PHL,7,8528,13,202412,23,16.4,109.98,0.3347814968181058,0,0,0,0.0,0.0
PHL,7,8528,13,202501,24,25.15,165.3,0.3347814968181058,0,0,0,0.0,0.0
PHL,7,8528,13,202502,25,12.75,84.2,0.3347814968181058,0,0,0,0.0,0.0
PHL,7,8528,13,202503,26,19.06,126.31,0.3347814968181058,0,0,0,0.0,0.0
PHL,7,8528,13,202504,27,16.2,108.06,0.3347814968181058,0,1,0,0.3347814968181058,0.0
PHL,7,8528,13,202505,28,33.52,221.14,0.3347814968181058,0,1,0,0.3347814968181058,0.0
PHL,7,8528,13,202506,29,20.92,137.84,0.3347814968181058,0,1,0,0.3347814968181058,0.0
PHL,7,8528,13,202507,30,9.59,63.77,0.3347814968181058,0,1,0,0.3347814968181058,0.0
PHL,7,8528,13,202508,31,25.99,174.98,0.3347814968181058,0,1,0,0.3347814968181058,0.0
PHL,7,8528,13,202509,32,14.26,96.99,0.3347814968181058,0,1,0,0.3347814968181058,0.0
PHL,7,8528,13,202510,33,15.33,103.76,0.3347814968181058,0,1,0,0.3347814968181058,0.0
PHL,7,8528,13,202511,34,14.7,99.09,0.3347814968181058,0,1,0,0.3347814968181058,0.0
PHL,7,8528,13,202512,35,12.84,87.02,0.3347814968181058,0,1,0,0.3347814968181058,0.0
PHL,7,8541,14,202301,0,15.14,37.97,0.03397421317087017,0,0,0,0.0,0.0
PHL,7,8541,14,202302,1,19.72,0.0,0.03397421317087017,0,0,0,0.0,0.0
PHL,7,8541,14,202303,2,22.93,74.87,0.03397421317087017,0,0,0,0.0,0.0
PHL,7,8541,14,202304,3,15.49,0.0,0.03397421317087017,0,0,0,0.0,0.0
PHL,7,8541,14,202305,4,19.27,0.0,0.03397421317087017,0,0,0,0.0,0.0
PHL,7,8541,14,202306,5,17.8,58.78,0.03397421317087017,0,0,0,0.0,0.0
PHL,7,8541,14,202307,6,20.62,48.31,0.03397421317087017,0,0,0,0.0,0.0
PHL,7,8541,14,202308,7,18.31,49.4,0.03397421317087017,0,0,0,0.0,0.0
PHL,7,8541,14,202309,8,19.55,47.33,0.03397421317087017,0,0,0,0.0,0.0
PHL,7,8541,14,202310,9,17.69,41.31,0.03397421317087017,0,0,0,0.0,0.0
PHL,7,8541,14,202311,10,16.52,43.78,0.03397421317087017,0,0,0,0.0,0.0
PHL,7,8541,14,202312,11,18.34,41.32,0.03397421317087017,0,0,0,0.0,0.0
PHL,7,8541,14,202401,12,17.3,48.01,0.03397421317087017,0,0,0,0.0,0.0
PHL,7,8541,14,202402,13,15.53,43.49,0.03397421317087017,0,0,0,0.0,0.0
PHL,7,8541,14,202403,14,16.13,37.04,0.03397421317087017,0,0,0,0.0,0.0
PHL,7,8541,14,202404,15,18.65,42.22,0.03397421317087017,0,0,0,0.0,0.0
PHL,7,8541,14,202405,16,16.46,49.25,0.03397421317087017,0,0,0,0.0,0.0
PHL,7,8541,14,202406,17,19.23,46.86,0.03397421317087017,0,0,0,0.0,0.0
PHL,7,8541,14,202407,18,14.99,44.4,0.03397421317087017,0,0,0,0.0,0.0
PHL,7,8541,14,202408,19,13.91,215.25,0.03397421317087017,0,0,0,0.0,0.0
PHL,7,8541,14,202409,20,17.07,58.26,0.03397421317087017,0,0,0,0.0,0.0
PHL,7,8541,14,202410,21,12.63,48.86,0.03397421317087017,0,0,0,0.0,0.0
PHL,7,8541,14,202411,22,15.02,42.91,0.03397421317087017,0,0,0,0.0,0.0
PHL,7,8541,14,202412,23,15.11,40.22,0.03397421317087017,0,0,0,0.0,0.0
PHL,7,8541,14,202501,24,12.37,41.71,0.03397421317087017,0,0,0,0.0,0.0
PHL,7,8541,14,202502,25,11.65,31.13,0.03397421317087017,0,0,0,0.0,0.0
PHL,7,8541,14,202503,26,14.79,42.27,0.03397421317087017,0,0,0,0.0,0.0
PHL,7,8541,14,202504,27,11.5,44.29,0.03397421317087017,0,1,0,0.03397421317087017,0.0
PHL,7,8541,14,202505,28,10.4,279.25,0.03397421317087017,0,1,0,0.03397421317087017,0.0
PHL,7,8541,14,202506,29,28.71,5235.95,0.03397421317087017,0,1,0,0.03397421317087017,0.0
PHL,7,8541,14,202507,30,19.04,2115.23,0.03397421317087017,0,1,0,0.03397421317087017,0.0
PHL,7,8541,14,202508,31,13.31,1207.12,0.03397421317087017,0,1,0,0.03397421317087017,0.0
PHL,7,8541,14,202509,32,12.71,549.79,0.03397421317087017,0,1,0,0.03397421317087017,0.0
PHL,7,8541,14,202510,33,10.18,164.39,0.03397421317087017,0,1,0,0.03397421317087017,0.0
PHL,7,8541,14,202511,34,34.6,9350.71,0.03397421317087017,0,1,0,0.03397421317087017,0.0
PHL,7,8541,14,202512,35,57.8,18647.82,0.03397421317087017,0,1,0,0.03397421317087017,0.0
PHL,7,8544,15,202301,0,79.02,2131.63,0.13566753252605626,0,0,0,0.0,0.0
PHL,7,8544,15,202302,1,67.76,1879.32,0.13566753252605626,0,0,0,0.0,0.0
PHL,7,8544,15,202303,2,87.49,2507.09,0.13566753252605626,0,0,0,0.0,0.0
PHL,7,8544,15,202304,3,79.44,2261.34,0.13566753252605626,0,0,0,0.0,0.0
PHL,7,8544,15,202305,4,70.54,2037.52,0.13566753252605626,0,0,0,0.0,0.0
PHL,7,8544,15,202306,5,75.28,2157.42,0.13566753252605626,0,0,0,0.0,0.0
PHL,7,8544,15,202307,6,87.97,2267.1,0.13566753252605626,0,0,0,0.0,0.0
PHL,7,8544,15,202308,7,92.63,2272.78,0.13566753252605626,0,0,0,0.0,0.0
PHL,7,8544,15,202309,8,96.64,2392.2,0.13566753252605626,0,0,0,0.0,0.0
PHL,7,8544,15,202310,9,101.43,2568.75,0.13566753252605626,0,0,0,0.0,0.0
PHL,7,8544,15,202311,10,105.7,2584.26,0.13566753252605626,0,0,0,0.0,0.0
PHL,7,8544,15,202312,11,88.3,2136.62,0.13566753252605626,0,0,0,0.0,0.0
PHL,7,8544,15,202401,12,99.13,2411.05,0.13566753252605626,0,0,0,0.0,0.0
PHL,7,8544,15,202402,13,90.31,2281.01,0.13566753252605626,0,0,0,0.0,0.0
PHL,7,8544,15,202403,14,86.71,2120.4,0.13566753252605626,0,0,0,0.0,0.0
PHL,7,8544,15,202404,15,107.25,2591.35,0.13566753252605626,0,0,0,0.0,0.0
PHL,7,8544,15,202405,16,87.0,2058.55,0.13566753252605626,0,0,0,0.0,0.0
PHL,7,8544,15,202406,17,76.74,1825.6,0.13566753252605626,0,0,0,0.0,0.0
PHL,7,8544,15,202407,18,94.54,3170.0,0.13566753252605626,0,0,0,0.0,0.0
PHL,7,8544,15,202408,19,105.41,3437.85,0.13566753252605626,0,0,0,0.0,0.0
PHL,7,8544,15,202409,20,92.48,3037.27,0.13566753252605626,0,0,0,0.0,0.0
PHL,7,8544,15,202410,21,104.26,3425.71,0.13566753252605626,0,0,0,0.0,0.0
PHL,7,8544,15,202411,22,82.97,2542.01,0.13566753252605626,0,0,0,0.0,0.0
PHL,7,8544,15,202412,23,78.2,2492.23,0.13566753252605626,0,0,0,0.0,0.0
PHL,7,8544,15,202501,24,94.16,3226.07,0.13566753252605626,0,0,0,0.0,0.0
PHL,7,8544,15,202502,25,85.93,2852.74,0.13566753252605626,0,0,0,0.0,0.0
PHL,7,8544,15,202503,26,110.83,3725.95,0.13566753252605626,0,0,0,0.0,0.0
PHL,7,8544,15,202504,27,100.43,3247.83,0.13566753252605626,0,1,0,0.13566753252605626,0.0
PHL,7,8544,15,202505,28,115.39,3715.22,0.13566753252605626,0,1,0,0.13566753252605626,0.0
PHL,7,8544,15,202506,29,113.48,3680.42,0.13566753252605626,0,1,0,0.13566753252605626,0.0
PHL,7,8544,15,202507,30,144.54,4858.67,0.13566753252605626,0,1,0,0.13566753252605626,0.0
PHL,7,8544,15,202508,31,107.6,3518.47,0.13566753252605626,0,1,0,0.13566753252605626,0.0
PHL,7,8544,15,202509,32,97.16,3131.53,0.13566753252605626,0,1,0,0.13566753252605626,0.0
PHL,7,8544,15,202510,33,98.74,3265.53,0.13566753252605626,0,1,0,0.13566753252605626,0.0
PHL,7,8544,15,202511,34,97.37,3170.49,0.13566753252605626,0,1,0,0.13566753252605626,0.0
PHL,7,8544,15,202512,35,86.05,2819.73,0.13566753252605626,0,1,0,0.13566753252605626,0.0
PHL,7,9401,16,202301,0,7.35,765.22,0.33783279157026774,0,0,0,0.0,0.0
PHL,7,9401,16,202302,1,5.64,621.47,0.33783279157026774,0,0,0,0.0,0.0
PHL,7,9401,16,202303,2,6.84,715.53,0.33783279157026774,0,0,0,0.0,0.0
PHL,7,9401,16,202304,3,7.53,821.95,0.33783279157026774,0,0,0,0.0,0.0
PHL,7,9401,16,202305,4,6.43,658.21,0.33783279157026774,0,0,0,0.0,0.0
PHL,7,9401,16,202306,5,6.11,616.55,0.33783279157026774,0,0,0,0.0,0.0
PHL,7,9401,16,202307,6,6.44,660.69,0.33783279157026774,0,0,0,0.0,0.0
PHL,7,9401,16,202308,7,6.12,546.11,0.33783279157026774,0,0,0,0.0,0.0
PHL,7,9401,16,202309,8,5.03,461.46,0.33783279157026774,0,0,0,0.0,0.0
PHL,7,9401,16,202310,9,7.11,662.31,0.33783279157026774,0,0,0,0.0,0.0
PHL,7,9401,16,202311,10,5.86,580.65,0.33783279157026774,0,0,0,0.0,0.0
PHL,7,9401,16,202312,11,6.45,603.63,0.33783279157026774,0,0,0,0.0,0.0
PHL,7,9401,16,202401,12,5.62,559.72,0.33783279157026774,0,0,0,0.0,0.0
PHL,7,9401,16,202402,13,5.76,562.15,0.33783279157026774,0,0,0,0.0,0.0
PHL,7,9401,16,202403,14,5.9,619.78,0.33783279157026774,0,0,0,0.0,0.0
PHL,7,9401,16,202404,15,6.35,665.09,0.33783279157026774,0,0,0,0.0,0.0
PHL,7,9401,16,202405,16,5.57,578.14,0.33783279157026774,0,0,0,0.0,0.0
PHL,7,9401,16,202406,17,5.75,582.78,0.33783279157026774,0,0,0,0.0,0.0
PHL,7,9401,16,202407,18,9.06,756.7,0.33783279157026774,0,0,0,0.0,0.0
PHL,7,9401,16,202408,19,11.39,689.68,0.33783279157026774,0,0,0,0.0,0.0
PHL,7,9401,16,202409,20,6.52,666.35,0.33783279157026774,0,0,0,0.0,0.0
PHL,7,9401,16,202410,21,5.8,546.4,0.33783279157026774,0,0,0,0.0,0.0
PHL,7,9401,16,202411,22,5.25,543.41,0.33783279157026774,0,0,0,0.0,0.0
PHL,7,9401,16,202412,23,6.28,635.82,0.33783279157026774,0,0,0,0.0,0.0
PHL,7,9401,16,202501,24,5.68,622.04,0.33783279157026774,0,0,0,0.0,0.0
PHL,7,9401,16,202502,25,4.83,512.29,0.33783279157026774,0,0,0,0.0,0.0
PHL,7,9401,16,202503,26,6.18,620.39,0.33783279157026774,0,0,0,0.0,0.0
PHL,7,9401,16,202504,27,6.75,708.6,0.33783279157026774,0,1,0,0.33783279157026774,0.0
PHL,7,9401,16,202505,28,8.16,660.56,0.33783279157026774,0,1,0,0.33783279157026774,0.0
PHL,7,9401,16,202506,29,6.95,506.94,0.33783279157026774,0,1,0,0.33783279157026774,0.0
PHL,7,9401,16,202507,30,7.04,631.23,0.33783279157026774,0,1,0,0.33783279157026774,0.0
PHL,7,9401,16,202508,31,12.33,837.31,0.33783279157026774,0,1,0,0.33783279157026774,0.0
PHL,7,9401,16,202509,32,13.8,597.96,0.33783279157026774,0,1,0,0.33783279157026774,0.0
PHL,7,9401,16,202510,33,13.66,595.06,0.33783279157026774,0,1,0,0.33783279157026774,0.0
PHL,7,9401,16,202511,34,15.39,483.12,0.33783279157026774,0,1,0,0.33783279157026774,0.0
PHL,7,9401,16,202512,35,15.36,576.71,0.33783279157026774,0,1,0,0.33783279157026774,0.0
PHL,7,9403,17,202301,0,9.33,1808.12,0.32987861426539994,0,0,0,0.0,0.0
PHL,7,9403,17,202302,1,5.95,1148.42,0.32987861426539994,0,0,0,0.0,0.0
PHL,7,9403,17,202303,2,6.32,1177.87,0.32987861426539994,0,0,0,0.0,0.0
PHL,7,9403,17,202304,3,6.3,1207.89,0.32987861426539994,0,0,0,0.0,0.0
PHL,7,9403,17,202305,4,4.09,782.13,0.32987861426539994,0,0,0,0.0,0.0
PHL,7,9403,17,202306,5,5.06,931.71,0.32987861426539994,0,0,0,0.0,0.0
PHL,7,9403,17,202307,6,5.53,1067.42,0.32987861426539994,0,0,0,0.0,0.0
PHL,7,9403,17,202308,7,4.06,718.08,0.32987861426539994,0,0,0,0.0,0.0
PHL,7,9403,17,202309,8,4.98,913.29,0.32987861426539994,0,0,0,0.0,0.0
PHL,7,9403,17,202310,9,6.11,1117.82,0.32987861426539994,0,0,0,0.0,0.0
PHL,7,9403,17,202311,10,5.19,907.18,0.32987861426539994,0,0,0,0.0,0.0
PHL,7,9403,17,202312,11,6.45,1219.64,0.32987861426539994,0,0,0,0.0,0.0
PHL,7,9403,17,202401,12,6.3,1161.56,0.32987861426539994,0,0,0,0.0,0.0
PHL,7,9403,17,202402,13,5.06,976.61,0.32987861426539994,0,0,0,0.0,0.0
PHL,7,9403,17,202403,14,4.2,729.44,0.32987861426539994,0,0,0,0.0,0.0
PHL,7,9403,17,202404,15,7.56,1453.82,0.32987861426539994,0,0,0,0.0,0.0
PHL,7,9403,17,202405,16,6.59,1199.59,0.32987861426539994,0,0,0,0.0,0.0
PHL,7,9403,17,202406,17,5.23,951.58,0.32987861426539994,0,0,0,0.0,0.0
PHL,7,9403,17,202407,18,6.63,1358.01,0.32987861426539994,0,0,0,0.0,0.0
PHL,7,9403,17,202408,19,5.34,1062.82,0.32987861426539994,0,0,0,0.0,0.0
PHL,7,9403,17,202409,20,6.63,1322.41,0.32987861426539994,0,0,0,0.0,0.0
PHL,7,9403,17,202410,21,7.12,1389.06,0.32987861426539994,0,0,0,0.0,0.0
PHL,7,9403,17,202411,22,6.26,1192.5,0.32987861426539994,0,0,0,0.0,0.0
PHL,7,9403,17,202412,23,5.34,991.78,0.32987861426539994,0,0,0,0.0,0.0
PHL,7,9403,17,202501,24,5.98,1199.08,0.32987861426539994,0,0,0,0.0,0.0
PHL,7,9403,17,202502,25,6.19,1214.3,0.32987861426539994,0,0,0,0.0,0.0
PHL,7,9403,17,202503,26,6.97,1388.85,0.32987861426539994,0,0,0,0.0,0.0
PHL,7,9403,17,202504,27,7.79,1651.7,0.32987861426539994,0,1,0,0.32987861426539994,0.0
PHL,7,9403,17,202505,28,4.95,988.66,0.32987861426539994,0,1,0,0.32987861426539994,0.0
PHL,7,9403,17,202506,29,4.37,904.1,0.32987861426539994,0,1,0,0.32987861426539994,0.0
PHL,7,9403,17,202507,30,5.17,991.25,0.32987861426539994,0,1,0,0.32987861426539994,0.0
PHL,7,9403,17,202508,31,5.52,1081.1,0.32987861426539994,0,1,0,0.32987861426539994,0.0
PHL,7,9403,17,202509,32,5.43,1114.98,0.32987861426539994,0,1,0,0.32987861426539994,0.0
PHL,7,9403,17,202510,33,5.07,1025.54,0.32987861426539994,0,1,0,0.32987861426539994,0.0
PHL,7,9403,17,202511,34,5.14,1024.54,0.32987861426539994,0,1,0,0.32987861426539994,0.0
PHL,7,9403,17,202512,35,5.41,1087.91,0.32987861426539994,0,1,0,0.32987861426539994,0.0
PHL,7,9405,18,202301,0,5.74,323.1,0.5216145392002935,0,0,0,0.0,0.0
PHL,7,9405,18,202302,1,3.44,180.37,0.5216145392002935,0,0,0,0.0,0.0
PHL,7,9405,18,202303,2,5.05,286.62,0.5216145392002935,0,0,0,0.0,0.0
PHL,7,9405,18,202304,3,5.54,295.67,0.5216145392002935,0,0,0,0.0,0.0
PHL,7,9405,18,202305,4,8.57,475.18,0.5216145392002935,0,0,0,0.0,0.0
PHL,7,9405,18,202306,5,21.81,1265.01,0.5216145392002935,0,0,0,0.0,0.0
PHL,7,9405,18,202307,6,14.66,740.77,0.5216145392002935,0,0,0,0.0,0.0
PHL,7,9405,18,202308,7,23.28,1189.27,0.5216145392002935,0,0,0,0.0,0.0
PHL,7,9405,18,202309,8,17.04,880.74,0.5216145392002935,0,0,0,0.0,0.0
PHL,7,9405,18,202310,9,15.98,746.56,0.5216145392002935,0,0,0,0.0,0.0
PHL,7,9405,18,202311,10,5.57,272.34,0.5216145392002935,0,0,0,0.0,0.0
PHL,7,9405,18,202312,11,4.29,253.89,0.5216145392002935,0,0,0,0.0,0.0
PHL,7,9405,18,202401,12,5.22,275.52,0.5216145392002935,0,0,0,0.0,0.0
PHL,7,9405,18,202402,13,5.6,338.96,0.5216145392002935,0,0,0,0.0,0.0
PHL,7,9405,18,202403,14,5.1,288.78,0.5216145392002935,0,0,0,0.0,0.0
PHL,7,9405,18,202404,15,5.07,295.23,0.5216145392002935,0,0,0,0.0,0.0
PHL,7,9405,18,202405,16,5.31,296.1,0.5216145392002935,0,0,0,0.0,0.0
PHL,7,9405,18,202406,17,8.8,551.93,0.5216145392002935,0,0,0,0.0,0.0
PHL,7,9405,18,202407,18,21.8,1309.89,0.5216145392002935,0,0,0,0.0,0.0
PHL,7,9405,18,202408,19,25.33,1181.79,0.5216145392002935,0,0,0,0.0,0.0
PHL,7,9405,18,202409,20,24.28,1456.75,0.5216145392002935,0,0,0,0.0,0.0
PHL,7,9405,18,202410,21,14.46,778.54,0.5216145392002935,0,0,0,0.0,0.0
PHL,7,9405,18,202411,22,8.86,521.26,0.5216145392002935,0,0,0,0.0,0.0
PHL,7,9405,18,202412,23,5.31,1014.88,0.5216145392002935,0,0,0,0.0,0.0
PHL,7,9405,18,202501,24,6.17,336.06,0.5216145392002935,0,0,0,0.0,0.0
PHL,7,9405,18,202502,25,7.32,392.84,0.5216145392002935,0,0,0,0.0,0.0
PHL,7,9405,18,202503,26,7.15,396.59,0.5216145392002935,0,0,0,0.0,0.0
PHL,7,9405,18,202504,27,6.49,376.31,0.5216145392002935,0,1,0,0.5216145392002935,0.0
PHL,7,9405,18,202505,28,6.58,384.13,0.5216145392002935,0,1,0,0.5216145392002935,0.0
PHL,7,9405,18,202506,29,9.99,616.93,0.5216145392002935,0,1,0,0.5216145392002935,0.0
PHL,7,9405,18,202507,30,20.16,1153.16,0.5216145392002935,0,1,0,0.5216145392002935,0.0
PHL,7,9405,18,202508,31,28.72,2159.9,0.5216145392002935,0,1,0,0.5216145392002935,0.0
PHL,7,9405,18,202509,32,24.65,1747.28,0.5216145392002935,0,1,0,0.5216145392002935,0.0
PHL,7,9405,18,202510,33,15.53,919.94,0.5216145392002935,0,1,0,0.5216145392002935,0.0
PHL,7,9405,18,202511,34,6.23,396.04,0.5216145392002935,0,1,0,0.5216145392002935,0.0
PHL,7,9405,18,202512,35,6.9,375.83,0.5216145392002935,0,1,0,0.5216145392002935,0.0
PHL,7,9503,19,202301,0,0.53,35.28,0.8174924032568407,0,0,0,0.0,0.0
PHL,7,9503,19,202302,1,1.35,89.19,0.8174924032568407,0,0,0,0.0,0.0
PHL,7,9503,19,202303,2,0.95,62.51,0.8174924032568407,0,0,0,0.0,0.0
PHL,7,9503,19,202304,3,1.08,71.57,0.8174924032568407,0,0,0,0.0,0.0
PHL,7,9503,19,202305,4,0.77,50.74,0.8174924032568407,0,0,0,0.0,0.0
PHL,7,9503,19,202306,5,2.0,131.96,0.8174924032568407,0,0,0,0.0,0.0
PHL,7,9503,19,202307,6,0.61,38.13,0.8174924032568407,0,0,0,0.0,0.0
PHL,7,9503,19,202308,7,0.95,59.69,0.8174924032568407,0,0,0,0.0,0.0
PHL,7,9503,19,202309,8,0.46,28.95,0.8174924032568407,0,0,0,0.0,0.0
PHL,7,9503,19,202310,9,0.61,38.33,0.8174924032568407,0,0,0,0.0,0.0
PHL,7,9503,19,202311,10,0.92,58.02,0.8174924032568407,0,0,0,0.0,0.0
PHL,7,9503,19,202312,11,0.6,38.15,0.8174924032568407,0,0,0,0.0,0.0
PHL,7,9503,19,202401,12,1.15,72.79,0.8174924032568407,0,0,0,0.0,0.0
PHL,7,9503,19,202402,13,0.64,40.82,0.8174924032568407,0,0,0,0.0,0.0
PHL,7,9503,19,202403,14,0.6,38.12,0.8174924032568407,0,0,0,0.0,0.0
PHL,7,9503,19,202404,15,0.69,43.52,0.8174924032568407,0,0,0,0.0,0.0
PHL,7,9503,19,202405,16,0.77,48.53,0.8174924032568407,0,0,0,0.0,0.0
PHL,7,9503,19,202406,17,1.47,93.01,0.8174924032568407,0,0,0,0.0,0.0
PHL,7,9503,19,202407,18,2.0,131.11,0.8174924032568407,0,0,0,0.0,0.0
PHL,7,9503,19,202408,19,0.53,34.64,0.8174924032568407,0,0,0,0.0,0.0
PHL,7,9503,19,202409,20,1.33,87.21,0.8174924032568407,0,0,0,0.0,0.0
PHL,7,9503,19,202410,21,1.49,97.32,0.8174924032568407,0,0,0,0.0,0.0
PHL,7,9503,19,202411,22,0.32,21.24,0.8174924032568407,0,0,0,0.0,0.0
PHL,7,9503,19,202412,23,1.47,96.6,0.8174924032568407,0,0,0,0.0,0.0
PHL,7,9503,19,202501,24,0.83,54.65,0.8174924032568407,0,0,0,0.0,0.0
PHL,7,9503,19,202502,25,1.41,92.59,0.8174924032568407,0,0,0,0.0,0.0
PHL,7,9503,19,202503,26,1.56,102.09,0.8174924032568407,0,0,0,0.0,0.0
PHL,7,9503,19,202504,27,1.0,65.7,0.8174924032568407,0,1,0,0.8174924032568407,0.0
PHL,7,9503,19,202505,28,1.01,66.4,0.8174924032568407,0,1,0,0.8174924032568407,0.0
PHL,7,9503,19,202506,29,1.46,95.34,0.8174924032568407,0,1,0,0.8174924032568407,0.0
PHL,7,9503,19,202507,30,1.57,102.61,0.8174924032568407,0,1,0,0.8174924032568407,0.0
PHL,7,9503,19,202508,31,2.16,142.16,0.8174924032568407,0,1,0,0.8174924032568407,0.0
PHL,7,9503,19,202509,32,1.77,116.48,0.8174924032568407,0,1,0,0.8174924032568407,0.0
PHL,7,9503,19,202510,33,3.21,211.1,0.8174924032568407,0,1,0,0.8174924032568407,0.0
PHL,7,9503,19,202511,34,2.44,160.37,0.8174924032568407,0,1,0,0.8174924032568407,0.0
PHL,7,9503,19,202512,35,0.99,64.93,0.8174924032568407,0,1,0,0.8174924032568407,0.0
THA,8,3926,0,202301,0,13.97,910.71,0.592931327318276,0,0,0,0.0,0.0
THA,8,3926,0,202302,1,11.93,639.51,0.592931327318276,0,0,0,0.0,0.0
THA,8,3926,0,202303,2,12.04,724.23,0.592931327318276,0,0,0,0.0,0.0
THA,8,3926,0,202304,3,11.02,731.43,0.592931327318276,0,0,0,0.0,0.0
THA,8,3926,0,202305,4,7.39,426.12,0.592931327318276,0,0,0,0.0,0.0
THA,8,3926,0,202306,5,11.49,642.43,0.592931327318276,0,0,0,0.0,0.0
THA,8,3926,0,202307,6,14.27,761.06,0.592931327318276,0,0,0,0.0,0.0
THA,8,3926,0,202308,7,33.06,852.54,0.592931327318276,0,0,0,0.0,0.0
THA,8,3926,0,202309,8,15.86,692.93,0.592931327318276,0,0,0,0.0,0.0
THA,8,3926,0,202310,9,14.69,733.75,0.592931327318276,0,0,0,0.0,0.0
THA,8,3926,0,202311,10,12.44,558.34,0.592931327318276,0,0,0,0.0,0.0
THA,8,3926,0,202312,11,10.65,630.68,0.592931327318276,0,0,0,0.0,0.0
THA,8,3926,0,202401,12,11.55,684.0,0.592931327318276,0,0,0,0.0,0.0
THA,8,3926,0,202402,13,11.68,786.57,0.592931327318276,0,0,0,0.0,0.0
THA,8,3926,0,202403,14,9.5,748.46,0.592931327318276,0,0,0,0.0,0.0
THA,8,3926,0,202404,15,9.26,471.89,0.592931327318276,0,0,0,0.0,0.0
THA,8,3926,0,202405,16,8.41,432.33,0.592931327318276,0,0,0,0.0,0.0
THA,8,3926,0,202406,17,9.16,478.99,0.592931327318276,0,0,0,0.0,0.0
THA,8,3926,0,202407,18,11.7,644.16,0.592931327318276,0,0,0,0.0,0.0
THA,8,3926,0,202408,19,37.85,1986.35,0.592931327318276,0,0,0,0.0,0.0
THA,8,3926,0,202409,20,19.47,1020.6,0.592931327318276,0,0,0,0.0,0.0
THA,8,3926,0,202410,21,18.07,952.39,0.592931327318276,0,0,0,0.0,0.0
THA,8,3926,0,202411,22,14.42,766.06,0.592931327318276,0,0,0,0.0,0.0
THA,8,3926,0,202412,23,17.29,919.73,0.592931327318276,0,0,0,0.0,0.0
THA,8,3926,0,202501,24,13.93,727.94,0.592931327318276,0,0,0,0.0,0.0
THA,8,3926,0,202502,25,13.79,708.4,0.592931327318276,0,0,0,0.0,0.0
THA,8,3926,0,202503,26,16.59,881.21,0.592931327318276,0,0,0,0.0,0.0
THA,8,3926,0,202504,27,12.9,698.45,0.592931327318276,0,1,0,0.592931327318276,0.0
THA,8,3926,0,202505,28,15.42,819.54,0.592931327318276,0,1,0,0.592931327318276,0.0
THA,8,3926,0,202506,29,18.47,964.2,0.592931327318276,0,1,0,0.592931327318276,0.0
THA,8,3926,0,202507,30,29.47,1547.22,0.592931327318276,0,1,0,0.592931327318276,0.0
THA,8,3926,0,202508,31,26.26,2453.92,0.592931327318276,0,1,0,0.592931327318276,0.0
THA,8,3926,0,202509,32,20.27,2267.32,0.592931327318276,0,1,0,0.592931327318276,0.0
THA,8,3926,0,202510,33,17.88,2094.46,0.592931327318276,0,1,0,0.592931327318276,0.0
THA,8,3926,0,202511,34,15.6,840.07,0.592931327318276,0,1,0,0.592931327318276,0.0
THA,8,3926,0,202512,35,18.93,1031.99,0.592931327318276,0,1,0,0.592931327318276,0.0
THA,8,4202,1,202301,0,27.74,1837.82,0.5082599842937704,0,0,0,0.0,0.0
THA,8,4202,1,202302,1,15.29,1142.53,0.5082599842937704,0,0,0,0.0,0.0
THA,8,4202,1,202303,2,31.0,2192.28,0.5082599842937704,0,0,0,0.0,0.0
THA,8,4202,1,202304,3,30.36,2071.49,0.5082599842937704,0,0,0,0.0,0.0
THA,8,4202,1,202305,4,23.05,1635.09,0.5082599842937704,0,0,0,0.0,0.0
THA,8,4202,1,202306,5,24.88,1810.58,0.5082599842937704,0,0,0,0.0,0.0
THA,8,4202,1,202307,6,22.46,1576.1,0.5082599842937704,0,0,0,0.0,0.0
THA,8,4202,1,202308,7,30.16,1889.01,0.5082599842937704,0,0,0,0.0,0.0
THA,8,4202,1,202309,8,30.7,2060.2,0.5082599842937704,0,0,0,0.0,0.0
THA,8,4202,1,202310,9,34.32,2160.9,0.5082599842937704,0,0,0,0.0,0.0
THA,8,4202,1,202311,10,29.79,2015.32,0.5082599842937704,0,0,0,0.0,0.0
THA,8,4202,1,202312,11,27.38,1829.65,0.5082599842937704,0,0,0,0.0,0.0
THA,8,4202,1,202401,12,22.94,1631.92,0.5082599842937704,0,0,0,0.0,0.0
THA,8,4202,1,202402,13,21.69,1596.5,0.5082599842937704,0,0,0,0.0,0.0
THA,8,4202,1,202403,14,23.94,1882.95,0.5082599842937704,0,0,0,0.0,0.0
THA,8,4202,1,202404,15,27.92,1434.95,0.5082599842937704,0,0,0,0.0,0.0
THA,8,4202,1,202405,16,29.37,1648.76,0.5082599842937704,0,0,0,0.0,0.0
THA,8,4202,1,202406,17,29.94,1778.62,0.5082599842937704,0,0,0,0.0,0.0
THA,8,4202,1,202407,18,29.67,1783.32,0.5082599842937704,0,0,0,0.0,0.0
THA,8,4202,1,202408,19,34.21,1988.61,0.5082599842937704,0,0,0,0.0,0.0
THA,8,4202,1,202409,20,43.91,2727.32,0.5082599842937704,0,0,0,0.0,0.0
THA,8,4202,1,202410,21,43.83,2790.3,0.5082599842937704,0,0,0,0.0,0.0
THA,8,4202,1,202411,22,29.16,1865.66,0.5082599842937704,0,0,0,0.0,0.0
THA,8,4202,1,202412,23,35.44,2233.03,0.5082599842937704,0,0,0,0.0,0.0
THA,8,4202,1,202501,24,29.5,1868.64,0.5082599842937704,0,0,0,0.0,0.0
THA,8,4202,1,202502,25,29.65,1890.71,0.5082599842937704,0,0,0,0.0,0.0
THA,8,4202,1,202503,26,39.36,2511.33,0.5082599842937704,0,0,0,0.0,0.0
THA,8,4202,1,202504,27,31.24,1923.2,0.5082599842937704,0,1,0,0.5082599842937704,0.0
THA,8,4202,1,202505,28,29.64,1830.83,0.5082599842937704,0,1,0,0.5082599842937704,0.0
THA,8,4202,1,202506,29,33.68,2082.49,0.5082599842937704,0,1,0,0.5082599842937704,0.0
THA,8,4202,1,202507,30,37.81,2248.12,0.5082599842937704,0,1,0,0.5082599842937704,0.0
THA,8,4202,1,202508,31,33.16,2428.58,0.5082599842937704,0,1,0,0.5082599842937704,0.0
THA,8,4202,1,202509,32,27.32,2325.4,0.5082599842937704,0,1,0,0.5082599842937704,0.0
THA,8,4202,1,202510,33,24.8,1700.01,0.5082599842937704,0,1,0,0.5082599842937704,0.0
THA,8,4202,1,202511,34,31.67,1967.53,0.5082599842937704,0,1,0,0.5082599842937704,0.0
THA,8,4202,1,202512,35,31.76,1969.13,0.5082599842937704,0,1,0,0.5082599842937704,0.0
THA,8,6110,2,202301,0,14.26,415.83,0.43468577984429585,0,0,0,0.0,0.0
THA,8,6110,2,202302,1,6.63,173.67,0.43468577984429585,0,0,0,0.0,0.0
THA,8,6110,2,202303,2,8.46,198.36,0.43468577984429585,0,0,0,0.0,0.0
THA,8,6110,2,202304,3,8.44,283.75,0.43468577984429585,0,0,0,0.0,0.0
THA,8,6110,2,202305,4,11.82,323.32,0.43468577984429585,0,0,0,0.0,0.0
THA,8,6110,2,202306,5,11.34,328.81,0.43468577984429585,0,0,0,0.0,0.0
THA,8,6110,2,202307,6,14.91,532.47,0.43468577984429585,0,0,0,0.0,0.0
THA,8,6110,2,202308,7,18.43,551.07,0.43468577984429585,0,0,0,0.0,0.0
THA,8,6110,2,202309,8,21.84,644.53,0.43468577984429585,0,0,0,0.0,0.0
THA,8,6110,2,202310,9,14.81,495.06,0.43468577984429585,0,0,0,0.0,0.0
THA,8,6110,2,202311,10,12.0,267.6,0.43468577984429585,0,0,0,0.0,0.0
THA,8,6110,2,202312,11,9.75,265.8,0.43468577984429585,0,0,0,0.0,0.0
THA,8,6110,2,202401,12,9.22,280.92,0.43468577984429585,0,0,0,0.0,0.0
THA,8,6110,2,202402,13,8.95,197.47,0.43468577984429585,0,0,0,0.0,0.0
THA,8,6110,2,202403,14,10.71,286.88,0.43468577984429585,0,0,0,0.0,0.0
THA,8,6110,2,202404,15,8.48,275.2,0.43468577984429585,0,0,0,0.0,0.0
THA,8,6110,2,202405,16,11.43,373.53,0.43468577984429585,0,0,0,0.0,0.0
THA,8,6110,2,202406,17,13.66,447.43,0.43468577984429585,0,0,0,0.0,0.0
THA,8,6110,2,202407,18,13.05,450.29,0.43468577984429585,0,0,0,0.0,0.0
THA,8,6110,2,202408,19,19.01,649.0,0.43468577984429585,0,0,0,0.0,0.0
THA,8,6110,2,202409,20,25.03,856.19,0.43468577984429585,0,0,0,0.0,0.0
THA,8,6110,2,202410,21,20.67,705.26,0.43468577984429585,0,0,0,0.0,0.0
THA,8,6110,2,202411,22,13.83,478.35,0.43468577984429585,0,0,0,0.0,0.0
THA,8,6110,2,202412,23,13.65,471.56,0.43468577984429585,0,0,0,0.0,0.0
THA,8,6110,2,202501,24,11.12,383.37,0.43468577984429585,0,0,0,0.0,0.0
THA,8,6110,2,202502,25,9.67,334.53,0.43468577984429585,0,0,0,0.0,0.0
THA,8,6110,2,202503,26,11.23,387.44,0.43468577984429585,0,0,0,0.0,0.0
THA,8,6110,2,202504,27,8.23,283.79,0.43468577984429585,0,1,0,0.43468577984429585,0.0
THA,8,6110,2,202505,28,10.74,371.5,0.43468577984429585,0,1,0,0.43468577984429585,0.0
THA,8,6110,2,202506,29,21.57,744.18,0.43468577984429585,0,1,0,0.43468577984429585,0.0
THA,8,6110,2,202507,30,18.89,645.27,0.43468577984429585,0,1,0,0.43468577984429585,0.0
THA,8,6110,2,202508,31,28.88,1072.37,0.43468577984429585,0,1,0,0.43468577984429585,0.0
THA,8,6110,2,202509,32,35.74,1120.18,0.43468577984429585,0,1,0,0.43468577984429585,0.0
THA,8,6110,2,202510,33,20.24,644.33,0.43468577984429585,0,1,0,0.43468577984429585,0.0
THA,8,6110,2,202511,34,22.84,711.29,0.43468577984429585,0,1,0,0.43468577984429585,0.0
THA,8,6110,2,202512,35,18.63,613.81,0.43468577984429585,0,1,0,0.43468577984429585,0.0
THA,8,6204,3,202301,0,2.45,65.91,0.42349635741507496,0,0,0,0.0,0.0
THA,8,6204,3,202302,1,1.29,24.54,0.42349635741507496,0,0,0,0.0,0.0
THA,8,6204,3,202303,2,1.75,42.69,0.42349635741507496,0,0,0,0.0,0.0
THA,8,6204,3,202304,3,2.65,81.18,0.42349635741507496,0,0,0,0.0,0.0
THA,8,6204,3,202305,4,2.11,50.03,0.42349635741507496,0,0,0,0.0,0.0
THA,8,6204,3,202306,5,1.77,39.42,0.42349635741507496,0,0,0,0.0,0.0
THA,8,6204,3,202307,6,1.95,43.96,0.42349635741507496,0,0,0,0.0,0.0
THA,8,6204,3,202308,7,1.55,34.83,0.42349635741507496,0,0,0,0.0,0.0
THA,8,6204,3,202309,8,0.74,24.97,0.42349635741507496,0,0,0,0.0,0.0
THA,8,6204,3,202310,9,1.15,30.1,0.42349635741507496,0,0,0,0.0,0.0
THA,8,6204,3,202311,10,1.51,37.1,0.42349635741507496,0,0,0,0.0,0.0
THA,8,6204,3,202312,11,1.8,43.64,0.42349635741507496,0,0,0,0.0,0.0
THA,8,6204,3,202401,12,1.63,47.65,0.42349635741507496,0,0,0,0.0,0.0
THA,8,6204,3,202402,13,1.62,40.05,0.42349635741507496,0,0,0,0.0,0.0
THA,8,6204,3,202403,14,1.35,35.72,0.42349635741507496,0,0,0,0.0,0.0
THA,8,6204,3,202404,15,1.34,28.85,0.42349635741507496,0,0,0,0.0,0.0
THA,8,6204,3,202405,16,1.84,38.59,0.42349635741507496,0,0,0,0.0,0.0
THA,8,6204,3,202406,17,2.02,41.43,0.42349635741507496,0,0,0,0.0,0.0
THA,8,6204,3,202407,18,1.66,39.41,0.42349635741507496,0,0,0,0.0,0.0
THA,8,6204,3,202408,19,1.15,25.28,0.42349635741507496,0,0,0,0.0,0.0
THA,8,6204,3,202409,20,1.5,35.97,0.42349635741507496,0,0,0,0.0,0.0
THA,8,6204,3,202410,21,0.99,23.96,0.42349635741507496,0,0,0,0.0,0.0
THA,8,6204,3,202411,22,0.95,22.19,0.42349635741507496,0,0,0,0.0,0.0
THA,8,6204,3,202412,23,2.04,50.87,0.42349635741507496,0,0,0,0.0,0.0
THA,8,6204,3,202501,24,2.28,55.95,0.42349635741507496,0,0,0,0.0,0.0
THA,8,6204,3,202502,25,2.47,59.95,0.42349635741507496,0,0,0,0.0,0.0
THA,8,6204,3,202503,26,4.09,105.4,0.42349635741507496,0,0,0,0.0,0.0
THA,8,6204,3,202504,27,2.55,60.19,0.42349635741507496,0,1,0,0.42349635741507496,0.0
THA,8,6204,3,202505,28,2.13,49.6,0.42349635741507496,0,1,0,0.42349635741507496,0.0
THA,8,6204,3,202506,29,2.17,51.8,0.42349635741507496,0,1,0,0.42349635741507496,0.0
THA,8,6204,3,202507,30,2.18,50.33,0.42349635741507496,0,1,0,0.42349635741507496,0.0
THA,8,6204,3,202508,31,1.55,51.48,0.42349635741507496,0,1,0,0.42349635741507496,0.0
THA,8,6204,3,202509,32,1.48,36.45,0.42349635741507496,0,1,0,0.42349635741507496,0.0
THA,8,6204,3,202510,33,1.83,42.12,0.42349635741507496,0,1,0,0.42349635741507496,0.0
THA,8,6204,3,202511,34,1.7,37.16,0.42349635741507496,0,1,0,0.42349635741507496,0.0
THA,8,6204,3,202512,35,2.03,47.91,0.42349635741507496,0,1,0,0.42349635741507496,0.0
THA,8,6402,4,202301,0,1.12,46.53,0.6876787251706538,0,0,0,0.0,0.0
THA,8,6402,4,202302,1,1.28,53.61,0.6876787251706538,0,0,0,0.0,0.0
THA,8,6402,4,202303,2,1.04,44.55,0.6876787251706538,0,0,0,0.0,0.0
THA,8,6402,4,202304,3,1.16,47.71,0.6876787251706538,0,0,0,0.0,0.0
THA,8,6402,4,202305,4,0.96,43.03,0.6876787251706538,0,0,0,0.0,0.0
THA,8,6402,4,202306,5,0.96,41.82,0.6876787251706538,0,0,0,0.0,0.0
THA,8,6402,4,202307,6,1.08,38.17,0.6876787251706538,0,0,0,0.0,0.0
THA,8,6402,4,202308,7,0.34,13.06,0.6876787251706538,0,0,0,0.0,0.0
THA,8,6402,4,202309,8,1.13,43.64,0.6876787251706538,0,0,0,0.0,0.0
THA,8,6402,4,202310,9,0.3,11.6,0.6876787251706538,0,0,0,0.0,0.0
THA,8,6402,4,202311,10,1.05,38.52,0.6876787251706538,0,0,0,0.0,0.0
THA,8,6402,4,202312,11,0.52,20.93,0.6876787251706538,0,0,0,0.0,0.0
THA,8,6402,4,202401,12,1.0,41.71,0.6876787251706538,0,0,0,0.0,0.0
THA,8,6402,4,202402,13,0.62,25.48,0.6876787251706538,0,0,0,0.0,0.0
THA,8,6402,4,202403,14,0.7,27.11,0.6876787251706538,0,0,0,0.0,0.0
THA,8,6402,4,202404,15,0.5,19.29,0.6876787251706538,0,0,0,0.0,0.0
THA,8,6402,4,202405,16,1.49,54.95,0.6876787251706538,0,0,0,0.0,0.0
THA,8,6402,4,202406,17,0.96,31.4,0.6876787251706538,0,0,0,0.0,0.0
THA,8,6402,4,202407,18,1.59,54.21,0.6876787251706538,0,0,0,0.0,0.0
THA,8,6402,4,202408,19,1.1,37.27,0.6876787251706538,0,0,0,0.0,0.0
THA,8,6402,4,202409,20,2.23,80.43,0.6876787251706538,0,0,0,0.0,0.0
THA,8,6402,4,202410,21,0.57,19.11,0.6876787251706538,0,0,0,0.0,0.0
THA,8,6402,4,202411,22,0.6,22.83,0.6876787251706538,0,0,0,0.0,0.0
THA,8,6402,4,202412,23,1.36,53.42,0.6876787251706538,0,0,0,0.0,0.0
THA,8,6402,4,202501,24,0.74,29.84,0.6876787251706538,0,0,0,0.0,0.0
THA,8,6402,4,202502,25,0.61,32.64,0.6876787251706538,0,0,0,0.0,0.0
THA,8,6402,4,202503,26,1.12,46.47,0.6876787251706538,0,0,0,0.0,0.0
THA,8,6402,4,202504,27,1.64,65.72,0.6876787251706538,0,1,0,0.6876787251706538,0.0
THA,8,6402,4,202505,28,0.53,22.01,0.6876787251706538,0,1,0,0.6876787251706538,0.0
THA,8,6402,4,202506,29,0.96,36.88,0.6876787251706538,0,1,0,0.6876787251706538,0.0
THA,8,6402,4,202507,30,0.76,30.33,0.6876787251706538,0,1,0,0.6876787251706538,0.0
THA,8,6402,4,202508,31,1.38,50.99,0.6876787251706538,0,1,0,0.6876787251706538,0.0
THA,8,6402,4,202509,32,0.9,34.46,0.6876787251706538,0,1,0,0.6876787251706538,0.0
THA,8,6402,4,202510,33,0.85,32.65,0.6876787251706538,0,1,0,0.6876787251706538,0.0
THA,8,6402,4,202511,34,1.06,39.26,0.6876787251706538,0,1,0,0.6876787251706538,0.0
THA,8,6402,4,202512,35,1.3,49.44,0.6876787251706538,0,1,0,0.6876787251706538,0.0
THA,8,6403,5,202301,0,7.76,175.07,0.3564216173855382,0,0,0,0.0,0.0
THA,8,6403,5,202302,1,3.71,82.07,0.3564216173855382,0,0,0,0.0,0.0
THA,8,6403,5,202303,2,5.49,125.32,0.3564216173855382,0,0,0,0.0,0.0
THA,8,6403,5,202304,3,9.23,231.54,0.3564216173855382,0,0,0,0.0,0.0
THA,8,6403,5,202305,4,4.88,122.72,0.3564216173855382,0,0,0,0.0,0.0
THA,8,6403,5,202306,5,5.91,145.29,0.3564216173855382,0,0,0,0.0,0.0
THA,8,6403,5,202307,6,4.03,97.08,0.3564216173855382,0,0,0,0.0,0.0
THA,8,6403,5,202308,7,6.21,170.84,0.3564216173855382,0,0,0,0.0,0.0
THA,8,6403,5,202309,8,6.98,181.92,0.3564216173855382,0,0,0,0.0,0.0
THA,8,6403,5,202310,9,6.68,172.77,0.3564216173855382,0,0,0,0.0,0.0
THA,8,6403,5,202311,10,5.86,150.01,0.3564216173855382,0,0,0,0.0,0.0
THA,8,6403,5,202312,11,3.84,88.24,0.3564216173855382,0,0,0,0.0,0.0
THA,8,6403,5,202401,12,4.57,108.58,0.3564216173855382,0,0,0,0.0,0.0
THA,8,6403,5,202402,13,4.87,106.43,0.3564216173855382,0,0,0,0.0,0.0
THA,8,6403,5,202403,14,3.37,72.24,0.3564216173855382,0,0,0,0.0,0.0
THA,8,6403,5,202404,15,6.03,151.91,0.3564216173855382,0,0,0,0.0,0.0
THA,8,6403,5,202405,16,6.29,148.28,0.3564216173855382,0,0,0,0.0,0.0
THA,8,6403,5,202406,17,6.07,148.0,0.3564216173855382,0,0,0,0.0,0.0
THA,8,6403,5,202407,18,7.64,178.15,0.3564216173855382,0,0,0,0.0,0.0
THA,8,6403,5,202408,19,4.83,110.57,0.3564216173855382,0,0,0,0.0,0.0
THA,8,6403,5,202409,20,6.8,156.32,0.3564216173855382,0,0,0,0.0,0.0
THA,8,6403,5,202410,21,8.97,232.13,0.3564216173855382,0,0,0,0.0,0.0
THA,8,6403,5,202411,22,5.69,143.11,0.3564216173855382,0,0,0,0.0,0.0
THA,8,6403,5,202412,23,4.01,92.29,0.3564216173855382,0,0,0,0.0,0.0
THA,8,6403,5,202501,24,6.29,156.1,0.3564216173855382,0,0,0,0.0,0.0
THA,8,6403,5,202502,25,5.38,139.56,0.3564216173855382,0,0,0,0.0,0.0
THA,8,6403,5,202503,26,6.51,159.07,0.3564216173855382,0,0,0,0.0,0.0
THA,8,6403,5,202504,27,4.98,129.43,0.3564216173855382,0,1,0,0.3564216173855382,0.0
THA,8,6403,5,202505,28,7.04,164.17,0.3564216173855382,0,1,0,0.3564216173855382,0.0
THA,8,6403,5,202506,29,7.24,173.36,0.3564216173855382,0,1,0,0.3564216173855382,0.0
THA,8,6403,5,202507,30,10.47,239.23,0.3564216173855382,0,1,0,0.3564216173855382,0.0
THA,8,6403,5,202508,31,17.14,391.7,0.3564216173855382,0,1,0,0.3564216173855382,0.0
THA,8,6403,5,202509,32,14.63,349.01,0.3564216173855382,0,1,0,0.3564216173855382,0.0
THA,8,6403,5,202510,33,10.09,232.29,0.3564216173855382,0,1,0,0.3564216173855382,0.0
THA,8,6403,5,202511,34,11.4,256.58,0.3564216173855382,0,1,0,0.3564216173855382,0.0
THA,8,6403,5,202512,35,6.09,136.47,0.3564216173855382,0,1,0,0.3564216173855382,0.0
THA,8,7326,6,202301,0,6.26,1260.95,0.371942620179757,0,0,0,0.0,0.0
THA,8,7326,6,202302,1,3.64,863.91,0.371942620179757,0,0,0,0.0,0.0
THA,8,7326,6,202303,2,5.57,747.47,0.371942620179757,0,0,0,0.0,0.0
THA,8,7326,6,202304,3,5.36,1304.87,0.371942620179757,0,0,0,0.0,0.0
THA,8,7326,6,202305,4,5.58,1672.27,0.371942620179757,0,0,0,0.0,0.0
THA,8,7326,6,202306,5,6.8,1975.86,0.371942620179757,0,0,0,0.0,0.0
THA,8,7326,6,202307,6,5.86,1830.91,0.371942620179757,0,0,0,0.0,0.0
THA,8,7326,6,202308,7,3.48,749.08,0.371942620179757,0,0,0,0.0,0.0
THA,8,7326,6,202309,8,4.31,869.11,0.371942620179757,0,0,0,0.0,0.0
THA,8,7326,6,202310,9,4.6,1060.84,0.371942620179757,0,0,0,0.0,0.0
THA,8,7326,6,202311,10,4.43,1148.87,0.371942620179757,0,0,0,0.0,0.0
THA,8,7326,6,202312,11,4.83,1274.22,0.371942620179757,0,0,0,0.0,0.0
THA,8,7326,6,202401,12,4.64,1130.05,0.371942620179757,0,0,0,0.0,0.0
THA,8,7326,6,202402,13,5.04,1199.31,0.371942620179757,0,0,0,0.0,0.0
THA,8,7326,6,202403,14,6.77,1557.39,0.371942620179757,0,0,0,0.0,0.0
THA,8,7326,6,202404,15,4.59,1077.2,0.371942620179757,0,0,0,0.0,0.0
THA,8,7326,6,202405,16,5.63,1421.52,0.371942620179757,0,0,0,0.0,0.0
THA,8,7326,6,202406,17,5.23,1136.1,0.371942620179757,0,0,0,0.0,0.0
THA,8,7326,6,202407,18,7.14,1804.62,0.371942620179757,0,0,0,0.0,0.0
THA,8,7326,6,202408,19,6.05,1435.63,0.371942620179757,0,0,0,0.0,0.0
THA,8,7326,6,202409,20,7.83,2060.01,0.371942620179757,0,0,0,0.0,0.0
THA,8,7326,6,202410,21,7.42,1532.63,0.371942620179757,0,0,0,0.0,0.0
THA,8,7326,6,202411,22,6.26,1349.03,0.371942620179757,0,0,0,0.0,0.0
THA,8,7326,6,202412,23,6.69,1932.49,0.371942620179757,0,0,0,0.0,0.0
THA,8,7326,6,202501,24,7.51,1945.85,0.371942620179757,0,0,0,0.0,0.0
THA,8,7326,6,202502,25,5.96,1316.36,0.371942620179757,0,0,0,0.0,0.0
THA,8,7326,6,202503,26,6.37,1610.16,0.371942620179757,0,0,0,0.0,0.0
THA,8,7326,6,202504,27,7.09,2201.83,0.371942620179757,0,1,0,0.371942620179757,0.0
THA,8,7326,6,202505,28,5.77,1892.07,0.371942620179757,0,1,0,0.371942620179757,0.0
THA,8,7326,6,202506,29,8.78,2130.01,0.371942620179757,0,1,0,0.371942620179757,0.0
THA,8,7326,6,202507,30,9.14,2344.87,0.371942620179757,0,1,0,0.371942620179757,0.0
THA,8,7326,6,202508,31,9.11,2725.73,0.371942620179757,0,1,0,0.371942620179757,0.0
THA,8,7326,6,202509,32,10.78,3267.37,0.371942620179757,0,1,0,0.371942620179757,0.0
THA,8,7326,6,202510,33,10.41,3795.62,0.371942620179757,0,1,0,0.371942620179757,0.0
THA,8,7326,6,202511,34,8.53,3427.86,0.371942620179757,0,1,0,0.371942620179757,0.0
THA,8,7326,6,202512,35,10.94,4448.51,0.371942620179757,0,1,0,0.371942620179757,0.0
THA,8,8443,7,202301,0,116.23,5285.04,0.1675662022525517,0,0,0,0.0,0.0
THA,8,8443,7,202302,1,85.56,4056.26,0.1675662022525517,0,0,0,0.0,0.0
THA,8,8443,7,202303,2,115.75,5306.58,0.1675662022525517,0,0,0,0.0,0.0
THA,8,8443,7,202304,3,91.0,3986.87,0.1675662022525517,0,0,0,0.0,0.0
THA,8,8443,7,202305,4,80.37,3202.68,0.1675662022525517,0,0,0,0.0,0.0
THA,8,8443,7,202306,5,112.22,4856.29,0.1675662022525517,0,0,0,0.0,0.0
THA,8,8443,7,202307,6,102.21,3984.22,0.1675662022525517,0,0,0,0.0,0.0
THA,8,8443,7,202308,7,134.55,5304.3,0.1675662022525517,0,0,0,0.0,0.0
THA,8,8443,7,202309,8,120.18,4742.95,0.1675662022525517,0,0,0,0.0,0.0
THA,8,8443,7,202310,9,104.82,4088.23,0.1675662022525517,0,0,0,0.0,0.0
THA,8,8443,7,202311,10,123.28,4959.89,0.1675662022525517,0,0,0,0.0,0.0
THA,8,8443,7,202312,11,134.4,5693.16,0.1675662022525517,0,0,0,0.0,0.0
THA,8,8443,7,202401,12,113.07,4462.73,0.1675662022525517,0,0,0,0.0,0.0
THA,8,8443,7,202402,13,81.46,3360.37,0.1675662022525517,0,0,0,0.0,0.0
THA,8,8443,7,202403,14,139.11,5702.93,0.1675662022525517,0,0,0,0.0,0.0
THA,8,8443,7,202404,15,123.29,5082.19,0.1675662022525517,0,0,0,0.0,0.0
THA,8,8443,7,202405,16,92.01,3917.51,0.1675662022525517,0,0,0,0.0,0.0
THA,8,8443,7,202406,17,146.11,6079.39,0.1675662022525517,0,0,0,0.0,0.0
THA,8,8443,7,202407,18,163.79,7249.81,0.1675662022525517,0,0,0,0.0,0.0
THA,8,8443,7,202408,19,138.13,5946.87,0.1675662022525517,0,0,0,0.0,0.0
THA,8,8443,7,202409,20,133.6,5704.37,0.1675662022525517,0,0,0,0.0,0.0
THA,8,8443,7,202410,21,147.6,6392.98,0.1675662022525517,0,0,0,0.0,0.0
THA,8,8443,7,202411,22,130.08,5603.45,0.1675662022525517,0,0,0,0.0,0.0
THA,8,8443,7,202412,23,123.11,5325.93,0.1675662022525517,0,0,0,0.0,0.0
THA,8,8443,7,202501,24,109.21,4422.77,0.1675662022525517,0,0,0,0.0,0.0
THA,8,8443,7,202502,25,93.74,3968.1,0.1675662022525517,0,0,0,0.0,0.0
THA,8,8443,7,202503,26,104.02,4174.88,0.1675662022525517,0,0,0,0.0,0.0
THA,8,8443,7,202504,27,130.5,5197.13,0.1675662022525517,0,1,0,0.1675662022525517,0.0
THA,8,8443,7,202505,28,98.97,4117.24,0.1675662022525517,0,1,0,0.1675662022525517,0.0
THA,8,8443,7,202506,29,113.36,4353.96,0.1675662022525517,0,1,0,0.1675662022525517,0.0
THA,8,8443,7,202507,30,131.67,5303.45,0.1675662022525517,0,1,0,0.1675662022525517,0.0
THA,8,8443,7,202508,31,113.68,4679.59,0.1675662022525517,0,1,0,0.1675662022525517,0.0
THA,8,8443,7,202509,32,109.06,4657.29,0.1675662022525517,0,1,0,0.1675662022525517,0.0
THA,8,8443,7,202510,33,92.27,3984.69,0.1675662022525517,0,1,0,0.1675662022525517,0.0
THA,8,8443,7,202511,34,104.78,4398.54,0.1675662022525517,0,1,0,0.1675662022525517,0.0
THA,8,8443,7,202512,35,110.35,4396.46,0.1675662022525517,0,1,0,0.1675662022525517,0.0
THA,8,8471,8,202301,0,480.21,1409.19,0.39643031296790476,0,0,0,0.0,0.0
THA,8,8471,8,202302,1,620.99,1754.08,0.39643031296790476,0,0,0,0.0,0.0
THA,8,8471,8,202303,2,492.96,1500.83,0.39643031296790476,0,0,0,0.0,0.0
THA,8,8471,8,202304,3,646.96,1954.01,0.39643031296790476,0,0,0,0.0,0.0
THA,8,8471,8,202305,4,669.31,2048.47,0.39643031296790476,0,0,0,0.0,0.0
THA,8,8471,8,202306,5,461.54,1437.6,0.39643031296790476,0,0,0,0.0,0.0
THA,8,8471,8,202307,6,366.75,1109.25,0.39643031296790476,0,0,0,0.0,0.0
THA,8,8471,8,202308,7,332.08,976.3,0.39643031296790476,0,0,0,0.0,0.0
THA,8,8471,8,202309,8,342.98,1041.96,0.39643031296790476,0,0,0,0.0,0.0
THA,8,8471,8,202310,9,502.43,1567.71,0.39643031296790476,0,0,0,0.0,0.0
THA,8,8471,8,202311,10,520.07,1502.83,0.39643031296790476,0,0,0,0.0,0.0
THA,8,8471,8,202312,11,536.71,1568.57,0.39643031296790476,0,0,0,0.0,0.0
THA,8,8471,8,202401,12,472.66,1403.3,0.39643031296790476,0,0,0,0.0,0.0
THA,8,8471,8,202402,13,524.98,1490.61,0.39643031296790476,0,0,0,0.0,0.0
THA,8,8471,8,202403,14,463.19,1374.33,0.39643031296790476,0,0,0,0.0,0.0
THA,8,8471,8,202404,15,559.6,1642.78,0.39643031296790476,0,0,0,0.0,0.0
THA,8,8471,8,202405,16,495.73,1480.63,0.39643031296790476,0,0,0,0.0,0.0
THA,8,8471,8,202406,17,554.06,1578.31,0.39643031296790476,0,0,0,0.0,0.0
THA,8,8471,8,202407,18,552.67,1519.16,0.39643031296790476,0,0,0,0.0,0.0
THA,8,8471,8,202408,19,618.91,1592.92,0.39643031296790476,0,0,0,0.0,0.0
THA,8,8471,8,202409,20,627.38,1769.64,0.39643031296790476,0,0,0,0.0,0.0
THA,8,8471,8,202410,21,694.83,1970.7,0.39643031296790476,0,0,0,0.0,0.0
THA,8,8471,8,202411,22,679.05,1862.72,0.39643031296790476,0,0,0,0.0,0.0
THA,8,8471,8,202412,23,772.48,2145.25,0.39643031296790476,0,0,0,0.0,0.0
THA,8,8471,8,202501,24,703.24,2019.3,0.39643031296790476,0,0,0,0.0,0.0
THA,8,8471,8,202502,25,601.39,1617.69,0.39643031296790476,0,0,0,0.0,0.0
THA,8,8471,8,202503,26,1003.49,2677.55,0.39643031296790476,0,0,0,0.0,0.0
THA,8,8471,8,202504,27,1080.41,3106.47,0.39643031296790476,0,1,0,0.39643031296790476,0.0
THA,8,8471,8,202505,28,1116.22,3133.67,0.39643031296790476,0,1,0,0.39643031296790476,0.0
THA,8,8471,8,202506,29,1482.01,4428.91,0.39643031296790476,0,1,0,0.39643031296790476,0.0
THA,8,8471,8,202507,30,1659.58,5033.12,0.39643031296790476,0,1,0,0.39643031296790476,0.0
THA,8,8471,8,202508,31,1720.32,4986.1,0.39643031296790476,0,1,0,0.39643031296790476,0.0
THA,8,8471,8,202509,32,2270.2,6593.74,0.39643031296790476,0,1,0,0.39643031296790476,0.0
THA,8,8471,8,202510,33,3015.37,8988.12,0.39643031296790476,0,1,0,0.39643031296790476,0.0
THA,8,8471,8,202511,34,3005.62,9214.94,0.39643031296790476,0,1,0,0.39643031296790476,0.0
THA,8,8471,8,202512,35,3367.42,9912.08,0.39643031296790476,0,1,0,0.39643031296790476,0.0
THA,8,8473,9,202301,0,65.25,236.22,0.20922547448162448,0,0,0,0.0,0.0
THA,8,8473,9,202302,1,45.15,164.44,0.20922547448162448,0,0,0,0.0,0.0
THA,8,8473,9,202303,2,53.48,213.66,0.20922547448162448,0,0,0,0.0,0.0
THA,8,8473,9,202304,3,57.01,215.5,0.20922547448162448,0,0,0,0.0,0.0
THA,8,8473,9,202305,4,61.97,238.93,0.20922547448162448,0,0,0,0.0,0.0
THA,8,8473,9,202306,5,142.5,533.25,0.20922547448162448,0,0,0,0.0,0.0
THA,8,8473,9,202307,6,95.76,358.81,0.20922547448162448,0,0,0,0.0,0.0
THA,8,8473,9,202308,7,83.85,314.73,0.20922547448162448,0,0,0,0.0,0.0
THA,8,8473,9,202309,8,97.34,364.69,0.20922547448162448,0,0,0,0.0,0.0
THA,8,8473,9,202310,9,101.39,406.57,0.20922547448162448,0,0,0,0.0,0.0
THA,8,8473,9,202311,10,103.31,424.93,0.20922547448162448,0,0,0,0.0,0.0
THA,8,8473,9,202312,11,93.81,375.95,0.20922547448162448,0,0,0,0.0,0.0
THA,8,8473,9,202401,12,119.38,486.91,0.20922547448162448,0,0,0,0.0,0.0
THA,8,8473,9,202402,13,128.52,513.28,0.20922547448162448,0,0,0,0.0,0.0
THA,8,8473,9,202403,14,127.85,510.18,0.20922547448162448,0,0,0,0.0,0.0
THA,8,8473,9,202404,15,156.05,620.27,0.20922547448162448,0,0,0,0.0,0.0
THA,8,8473,9,202405,16,173.38,695.46,0.20922547448162448,0,0,0,0.0,0.0
THA,8,8473,9,202406,17,178.27,699.19,0.20922547448162448,0,0,0,0.0,0.0
THA,8,8473,9,202407,18,183.64,695.72,0.20922547448162448,0,0,0,0.0,0.0
THA,8,8473,9,202408,19,119.98,459.49,0.20922547448162448,0,0,0,0.0,0.0
THA,8,8473,9,202409,20,146.54,566.83,0.20922547448162448,0,0,0,0.0,0.0
THA,8,8473,9,202410,21,98.61,389.77,0.20922547448162448,0,0,0,0.0,0.0
THA,8,8473,9,202411,22,76.42,289.85,0.20922547448162448,0,0,0,0.0,0.0
THA,8,8473,9,202412,23,105.67,407.07,0.20922547448162448,0,0,0,0.0,0.0
THA,8,8473,9,202501,24,65.26,254.35,0.20922547448162448,0,0,0,0.0,0.0
THA,8,8473,9,202502,25,72.75,289.72,0.20922547448162448,0,0,0,0.0,0.0
THA,8,8473,9,202503,26,82.74,329.24,0.20922547448162448,0,0,0,0.0,0.0
THA,8,8473,9,202504,27,68.52,281.46,0.20922547448162448,0,1,0,0.20922547448162448,0.0
THA,8,8473,9,202505,28,69.94,288.89,0.20922547448162448,0,1,0,0.20922547448162448,0.0
THA,8,8473,9,202506,29,102.4,403.36,0.20922547448162448,0,1,0,0.20922547448162448,0.0
THA,8,8473,9,202507,30,127.64,497.59,0.20922547448162448,0,1,0,0.20922547448162448,0.0
THA,8,8473,9,202508,31,119.59,494.45,0.20922547448162448,0,1,0,0.20922547448162448,0.0
THA,8,8473,9,202509,32,177.29,721.6,0.20922547448162448,0,1,0,0.20922547448162448,0.0
THA,8,8473,9,202510,33,172.2,710.59,0.20922547448162448,0,1,0,0.20922547448162448,0.0
THA,8,8473,9,202511,34,198.14,801.73,0.20922547448162448,0,1,0,0.20922547448162448,0.0
THA,8,8473,9,202512,35,284.2,1131.58,0.20922547448162448,0,1,0,0.20922547448162448,0.0
THA,8,8504,10,202301,0,167.9,2937.57,0.20349559537261644,0,0,0,0.0,0.0
THA,8,8504,10,202302,1,133.75,2353.87,0.20349559537261644,0,0,0,0.0,0.0
THA,8,8504,10,202303,2,157.97,2849.76,0.20349559537261644,0,0,0,0.0,0.0
THA,8,8504,10,202304,3,133.8,2451.7,0.20349559537261644,0,0,0,0.0,0.0
THA,8,8504,10,202305,4,173.91,3073.85,0.20349559537261644,0,0,0,0.0,0.0
THA,8,8504,10,202306,5,173.21,3071.17,0.20349559537261644,0,0,0,0.0,0.0
THA,8,8504,10,202307,6,183.69,3021.11,0.20349559537261644,0,0,0,0.0,0.0
THA,8,8504,10,202308,7,216.64,3478.02,0.20349559537261644,0,0,0,0.0,0.0
THA,8,8504,10,202309,8,185.35,2918.96,0.20349559537261644,0,0,0,0.0,0.0
THA,8,8504,10,202310,9,220.46,3536.4,0.20349559537261644,0,0,0,0.0,0.0
THA,8,8504,10,202311,10,207.67,3347.04,0.20349559537261644,0,0,0,0.0,0.0
THA,8,8504,10,202312,11,161.62,2570.22,0.20349559537261644,0,0,0,0.0,0.0
THA,8,8504,10,202401,12,176.82,2792.18,0.20349559537261644,0,0,0,0.0,0.0
THA,8,8504,10,202402,13,141.56,2247.81,0.20349559537261644,0,0,0,0.0,0.0
THA,8,8504,10,202403,14,186.32,2961.92,0.20349559537261644,0,0,0,0.0,0.0
THA,8,8504,10,202404,15,240.0,3827.24,0.20349559537261644,0,0,0,0.0,0.0
THA,8,8504,10,202405,16,201.05,3209.77,0.20349559537261644,0,0,0,0.0,0.0
THA,8,8504,10,202406,17,175.33,2841.98,0.20349559537261644,0,0,0,0.0,0.0
THA,8,8504,10,202407,18,211.38,3576.33,0.20349559537261644,0,0,0,0.0,0.0
THA,8,8504,10,202408,19,215.14,3545.3,0.20349559537261644,0,0,0,0.0,0.0
THA,8,8504,10,202409,20,264.13,4303.59,0.20349559537261644,0,0,0,0.0,0.0
THA,8,8504,10,202410,21,226.06,3892.43,0.20349559537261644,0,0,0,0.0,0.0
THA,8,8504,10,202411,22,237.6,4010.25,0.20349559537261644,0,0,0,0.0,0.0
THA,8,8504,10,202412,23,217.0,3780.0,0.20349559537261644,0,0,0,0.0,0.0
THA,8,8504,10,202501,24,241.21,4301.7,0.20349559537261644,0,0,0,0.0,0.0
THA,8,8504,10,202502,25,186.79,3313.43,0.20349559537261644,0,0,0,0.0,0.0
THA,8,8504,10,202503,26,209.32,3656.67,0.20349559537261644,0,0,0,0.0,0.0
THA,8,8504,10,202504,27,272.72,4735.03,0.20349559537261644,0,1,0,0.20349559537261644,0.0
THA,8,8504,10,202505,28,237.43,4300.54,0.20349559537261644,0,1,0,0.20349559537261644,0.0
THA,8,8504,10,202506,29,304.2,5555.18,0.20349559537261644,0,1,0,0.20349559537261644,0.0
THA,8,8504,10,202507,30,332.3,6308.49,0.20349559537261644,0,1,0,0.20349559537261644,0.0
THA,8,8504,10,202508,31,301.07,5872.81,0.20349559537261644,0,1,0,0.20349559537261644,0.0
THA,8,8504,10,202509,32,325.85,6741.25,0.20349559537261644,0,1,0,0.20349559537261644,0.0
THA,8,8504,10,202510,33,308.11,7770.92,0.20349559537261644,0,1,0,0.20349559537261644,0.0
THA,8,8504,10,202511,34,288.18,6703.39,0.20349559537261644,0,1,0,0.20349559537261644,0.0
THA,8,8504,10,202512,35,285.73,6106.15,0.20349559537261644,0,1,0,0.20349559537261644,0.0
THA,8,8516,11,202301,0,59.75,5715.86,0.6255708163552058,0,0,0,0.0,0.0
THA,8,8516,11,202302,1,41.2,4262.32,0.6255708163552058,0,0,0,0.0,0.0
THA,8,8516,11,202303,2,54.98,5532.67,0.6255708163552058,0,0,0,0.0,0.0
THA,8,8516,11,202304,3,62.15,6459.35,0.6255708163552058,0,0,0,0.0,0.0
THA,8,8516,11,202305,4,49.8,5325.73,0.6255708163552058,0,0,0,0.0,0.0
THA,8,8516,11,202306,5,53.79,5497.87,0.6255708163552058,0,0,0,0.0,0.0
THA,8,8516,11,202307,6,53.64,4703.09,0.6255708163552058,0,0,0,0.0,0.0
THA,8,8516,11,202308,7,57.84,5018.51,0.6255708163552058,0,0,0,0.0,0.0
THA,8,8516,11,202309,8,65.73,5387.4,0.6255708163552058,0,0,0,0.0,0.0
THA,8,8516,11,202310,9,50.69,4187.7,0.6255708163552058,0,0,0,0.0,0.0
THA,8,8516,11,202311,10,46.0,3708.55,0.6255708163552058,0,0,0,0.0,0.0
THA,8,8516,11,202312,11,36.32,2996.97,0.6255708163552058,0,0,0,0.0,0.0
THA,8,8516,11,202401,12,37.48,3265.13,0.6255708163552058,0,0,0,0.0,0.0
THA,8,8516,11,202402,13,26.91,2391.37,0.6255708163552058,0,0,0,0.0,0.0
THA,8,8516,11,202403,14,33.28,2914.47,0.6255708163552058,0,0,0,0.0,0.0
THA,8,8516,11,202404,15,39.6,3329.06,0.6255708163552058,0,0,0,0.0,0.0
THA,8,8516,11,202405,16,30.57,2639.09,0.6255708163552058,0,0,0,0.0,0.0
THA,8,8516,11,202406,17,33.23,2714.58,0.6255708163552058,0,0,0,0.0,0.0
THA,8,8516,11,202407,18,40.7,4159.85,0.6255708163552058,0,0,0,0.0,0.0
THA,8,8516,11,202408,19,38.72,3846.23,0.6255708163552058,0,0,0,0.0,0.0
THA,8,8516,11,202409,20,44.03,4224.52,0.6255708163552058,0,0,0,0.0,0.0
THA,8,8516,11,202410,21,46.51,4038.27,0.6255708163552058,0,0,0,0.0,0.0
THA,8,8516,11,202411,22,31.26,2755.58,0.6255708163552058,0,0,0,0.0,0.0
THA,8,8516,11,202412,23,29.72,2913.7,0.6255708163552058,0,0,0,0.0,0.0
THA,8,8516,11,202501,24,30.08,2754.81,0.6255708163552058,0,0,0,0.0,0.0
THA,8,8516,11,202502,25,19.76,1955.04,0.6255708163552058,0,0,0,0.0,0.0
THA,8,8516,11,202503,26,40.08,4081.75,0.6255708163552058,0,0,0,0.0,0.0
THA,8,8516,11,202504,27,49.73,4834.3,0.6255708163552058,0,1,0,0.6255708163552058,0.0
THA,8,8516,11,202505,28,42.73,4287.33,0.6255708163552058,0,1,0,0.6255708163552058,0.0
THA,8,8516,11,202506,29,46.24,4794.58,0.6255708163552058,0,1,0,0.6255708163552058,0.0
THA,8,8516,11,202507,30,63.87,6149.17,0.6255708163552058,0,1,0,0.6255708163552058,0.0
THA,8,8516,11,202508,31,65.98,6280.12,0.6255708163552058,0,1,0,0.6255708163552058,0.0
THA,8,8516,11,202509,32,60.85,5750.97,0.6255708163552058,0,1,0,0.6255708163552058,0.0
THA,8,8516,11,202510,33,73.16,6681.26,0.6255708163552058,0,1,0,0.6255708163552058,0.0
THA,8,8516,11,202511,34,69.71,6157.18,0.6255708163552058,0,1,0,0.6255708163552058,0.0
THA,8,8516,11,202512,35,54.0,5069.55,0.6255708163552058,0,1,0,0.6255708163552058,0.0
THA,8,8517,12,202301,0,480.18,1311.9,0.49320772139853813,0,0,0,0.0,0.0
THA,8,8517,12,202302,1,347.71,1273.19,0.49320772139853813,0,0,0,0.0,0.0
THA,8,8517,12,202303,2,474.13,1369.44,0.49320772139853813,0,0,0,0.0,0.0
THA,8,8517,12,202304,3,503.1,978.73,0.49320772139853813,0,0,0,0.0,0.0
THA,8,8517,12,202305,4,394.67,780.01,0.49320772139853813,0,0,0,0.0,0.0
THA,8,8517,12,202306,5,543.35,989.85,0.49320772139853813,0,0,0,0.0,0.0
THA,8,8517,12,202307,6,451.97,753.42,0.49320772139853813,0,0,0,0.0,0.0
THA,8,8517,12,202308,7,487.44,907.29,0.49320772139853813,0,0,0,0.0,0.0
THA,8,8517,12,202309,8,525.82,1125.26,0.49320772139853813,0,0,0,0.0,0.0
THA,8,8517,12,202310,9,643.44,897.0,0.49320772139853813,0,0,0,0.0,0.0
THA,8,8517,12,202311,10,596.02,959.37,0.49320772139853813,0,0,0,0.0,0.0
THA,8,8517,12,202312,11,623.36,832.34,0.49320772139853813,0,0,0,0.0,0.0
THA,8,8517,12,202401,12,586.08,674.0,0.49320772139853813,0,0,0,0.0,0.0
THA,8,8517,12,202402,13,447.99,1009.06,0.49320772139853813,0,0,0,0.0,0.0
THA,8,8517,12,202403,14,605.07,1069.31,0.49320772139853813,0,0,0,0.0,0.0
THA,8,8517,12,202404,15,652.13,866.56,0.49320772139853813,0,0,0,0.0,0.0
THA,8,8517,12,202405,16,666.09,1049.01,0.49320772139853813,0,0,0,0.0,0.0
THA,8,8517,12,202406,17,793.58,1191.46,0.49320772139853813,0,0,0,0.0,0.0
THA,8,8517,12,202407,18,871.25,1259.63,0.49320772139853813,0,0,0,0.0,0.0
THA,8,8517,12,202408,19,685.98,1456.61,0.49320772139853813,0,0,0,0.0,0.0
THA,8,8517,12,202409,20,866.44,1545.39,0.49320772139853813,0,0,0,0.0,0.0
THA,8,8517,12,202410,21,1017.08,1367.26,0.49320772139853813,0,0,0,0.0,0.0
THA,8,8517,12,202411,22,674.82,1446.73,0.49320772139853813,0,0,0,0.0,0.0
THA,8,8517,12,202412,23,910.6,1355.57,0.49320772139853813,0,0,0,0.0,0.0
THA,8,8517,12,202501,24,1022.58,1311.59,0.49320772139853813,0,0,0,0.0,0.0
THA,8,8517,12,202502,25,747.84,1335.85,0.49320772139853813,0,0,0,0.0,0.0
THA,8,8517,12,202503,26,1301.81,1657.68,0.49320772139853813,0,0,0,0.0,0.0
THA,8,8517,12,202504,27,1313.55,1976.7,0.49320772139853813,0,1,0,0.49320772139853813,0.0
THA,8,8517,12,202505,28,1445.19,1994.64,0.49320772139853813,0,1,0,0.49320772139853813,0.0
THA,8,8517,12,202506,29,1537.03,3434.03,0.49320772139853813,0,1,0,0.49320772139853813,0.0
THA,8,8517,12,202507,30,1759.13,4759.37,0.49320772139853813,0,1,0,0.49320772139853813,0.0
THA,8,8517,12,202508,31,1412.57,4057.19,0.49320772139853813,0,1,0,0.49320772139853813,0.0
THA,8,8517,12,202509,32,1753.32,5008.01,0.49320772139853813,0,1,0,0.49320772139853813,0.0
THA,8,8517,12,202510,33,2158.47,6161.33,0.49320772139853813,0,1,0,0.49320772139853813,0.0
THA,8,8517,12,202511,34,1859.37,5314.24,0.49320772139853813,0,1,0,0.49320772139853813,0.0
THA,8,8517,12,202512,35,2242.9,6398.4,0.49320772139853813,0,1,0,0.49320772139853813,0.0
THA,8,8528,13,202301,0,32.56,764.55,0.3347814968181058,0,0,0,0.0,0.0
THA,8,8528,13,202302,1,18.12,510.94,0.3347814968181058,0,0,0,0.0,0.0
THA,8,8528,13,202303,2,28.69,773.89,0.3347814968181058,0,0,0,0.0,0.0
THA,8,8528,13,202304,3,19.95,468.16,0.3347814968181058,0,0,0,0.0,0.0
THA,8,8528,13,202305,4,47.92,1516.84,0.3347814968181058,0,0,0,0.0,0.0
THA,8,8528,13,202306,5,44.8,1221.28,0.3347814968181058,0,0,0,0.0,0.0
THA,8,8528,13,202307,6,31.63,955.82,0.3347814968181058,0,0,0,0.0,0.0
THA,8,8528,13,202308,7,37.36,1113.73,0.3347814968181058,0,0,0,0.0,0.0
THA,8,8528,13,202309,8,21.68,588.63,0.3347814968181058,0,0,0,0.0,0.0
THA,8,8528,13,202310,9,32.25,1029.19,0.3347814968181058,0,0,0,0.0,0.0
THA,8,8528,13,202311,10,42.75,1339.27,0.3347814968181058,0,0,0,0.0,0.0
THA,8,8528,13,202312,11,22.81,651.43,0.3347814968181058,0,0,0,0.0,0.0
THA,8,8528,13,202401,12,29.82,782.73,0.3347814968181058,0,0,0,0.0,0.0
THA,8,8528,13,202402,13,22.63,622.6,0.3347814968181058,0,0,0,0.0,0.0
THA,8,8528,13,202403,14,32.05,970.35,0.3347814968181058,0,0,0,0.0,0.0
THA,8,8528,13,202404,15,29.92,948.94,0.3347814968181058,0,0,0,0.0,0.0
THA,8,8528,13,202405,16,23.3,733.11,0.3347814968181058,0,0,0,0.0,0.0
THA,8,8528,13,202406,17,26.85,819.09,0.3347814968181058,0,0,0,0.0,0.0
THA,8,8528,13,202407,18,27.78,763.68,0.3347814968181058,0,0,0,0.0,0.0
THA,8,8528,13,202408,19,22.42,635.73,0.3347814968181058,0,0,0,0.0,0.0
THA,8,8528,13,202409,20,37.2,1108.9,0.3347814968181058,0,0,0,0.0,0.0
THA,8,8528,13,202410,21,27.41,881.59,0.3347814968181058,0,0,0,0.0,0.0
THA,8,8528,13,202411,22,31.42,997.21,0.3347814968181058,0,0,0,0.0,0.0
THA,8,8528,13,202412,23,18.03,448.0,0.3347814968181058,0,0,0,0.0,0.0
THA,8,8528,13,202501,24,12.35,330.62,0.3347814968181058,0,0,0,0.0,0.0
THA,8,8528,13,202502,25,15.22,414.14,0.3347814968181058,0,0,0,0.0,0.0
THA,8,8528,13,202503,26,23.96,758.82,0.3347814968181058,0,0,0,0.0,0.0
THA,8,8528,13,202504,27,21.13,571.75,0.3347814968181058,0,1,0,0.3347814968181058,0.0
THA,8,8528,13,202505,28,18.76,485.68,0.3347814968181058,0,1,0,0.3347814968181058,0.0
THA,8,8528,13,202506,29,41.41,1099.66,0.3347814968181058,0,1,0,0.3347814968181058,0.0
THA,8,8528,13,202507,30,53.32,1303.48,0.3347814968181058,0,1,0,0.3347814968181058,0.0
THA,8,8528,13,202508,31,65.69,1685.59,0.3347814968181058,0,1,0,0.3347814968181058,0.0
THA,8,8528,13,202509,32,74.29,1845.07,0.3347814968181058,0,1,0,0.3347814968181058,0.0
THA,8,8528,13,202510,33,72.94,1809.78,0.3347814968181058,0,1,0,0.3347814968181058,0.0
THA,8,8528,13,202511,34,71.74,1774.4,0.3347814968181058,0,1,0,0.3347814968181058,0.0
THA,8,8528,13,202512,35,60.9,1526.89,0.3347814968181058,0,1,0,0.3347814968181058,0.0
THA,8,8541,14,202301,0,346.6,56760.51,0.03397421317087017,0,0,0,0.0,0.0
THA,8,8541,14,202302,1,265.79,42243.99,0.03397421317087017,0,0,0,0.0,0.0
THA,8,8541,14,202303,2,408.85,67027.85,0.03397421317087017,0,0,0,0.0,0.0
THA,8,8541,14,202304,3,302.53,49719.19,0.03397421317087017,0,0,0,0.0,0.0
THA,8,8541,14,202305,4,401.12,65322.16,0.03397421317087017,0,0,0,0.0,0.0
THA,8,8541,14,202306,5,394.27,63505.65,0.03397421317087017,0,0,0,0.0,0.0
THA,8,8541,14,202307,6,349.45,60689.58,0.03397421317087017,0,0,0,0.0,0.0
THA,8,8541,14,202308,7,399.02,69225.79,0.03397421317087017,0,0,0,0.0,0.0
THA,8,8541,14,202309,8,400.77,69571.07,0.03397421317087017,0,0,0,0.0,0.0
THA,8,8541,14,202310,9,461.76,81113.87,0.03397421317087017,0,0,0,0.0,0.0
THA,8,8541,14,202311,10,412.41,72687.84,0.03397421317087017,0,0,0,0.0,0.0
THA,8,8541,14,202312,11,323.44,60805.5,0.03397421317087017,0,0,0,0.0,0.0
THA,8,8541,14,202401,12,478.64,88791.67,0.03397421317087017,0,0,0,0.0,0.0
THA,8,8541,14,202402,13,373.5,70474.38,0.03397421317087017,0,0,0,0.0,0.0
THA,8,8541,14,202403,14,353.94,65699.84,0.03397421317087017,0,0,0,0.0,0.0
THA,8,8541,14,202404,15,355.81,65770.44,0.03397421317087017,0,0,0,0.0,0.0
THA,8,8541,14,202405,16,324.18,57202.29,0.03397421317087017,0,0,0,0.0,0.0
THA,8,8541,14,202406,17,338.71,55272.84,0.03397421317087017,0,0,0,0.0,0.0
THA,8,8541,14,202407,18,339.35,95495.93,0.03397421317087017,0,0,0,0.0,0.0
THA,8,8541,14,202408,19,275.86,75122.73,0.03397421317087017,0,0,0,0.0,0.0
THA,8,8541,14,202409,20,251.16,67273.39,0.03397421317087017,0,0,0,0.0,0.0
THA,8,8541,14,202410,21,210.81,57266.6,0.03397421317087017,0,0,0,0.0,0.0
THA,8,8541,14,202411,22,199.97,44185.99,0.03397421317087017,0,0,0,0.0,0.0
THA,8,8541,14,202412,23,101.88,27967.56,0.03397421317087017,0,0,0,0.0,0.0
THA,8,8541,14,202501,24,22.44,1875.71,0.03397421317087017,0,0,0,0.0,0.0
THA,8,8541,14,202502,25,73.42,14032.02,0.03397421317087017,0,0,0,0.0,0.0
THA,8,8541,14,202503,26,143.82,38499.17,0.03397421317087017,0,0,0,0.0,0.0
THA,8,8541,14,202504,27,171.15,39730.5,0.03397421317087017,0,1,0,0.03397421317087017,0.0
THA,8,8541,14,202505,28,149.35,25598.46,0.03397421317087017,0,1,0,0.03397421317087017,0.0
THA,8,8541,14,202506,29,86.34,6672.87,0.03397421317087017,0,1,0,0.03397421317087017,0.0
THA,8,8541,14,202507,30,40.56,3506.95,0.03397421317087017,0,1,0,0.03397421317087017,0.0
THA,8,8541,14,202508,31,33.61,4432.87,0.03397421317087017,0,1,0,0.03397421317087017,0.0
THA,8,8541,14,202509,32,35.35,5581.05,0.03397421317087017,0,1,0,0.03397421317087017,0.0
THA,8,8541,14,202510,33,23.56,988.67,0.03397421317087017,0,1,0,0.03397421317087017,0.0
THA,8,8541,14,202511,34,19.94,879.73,0.03397421317087017,0,1,0,0.03397421317087017,0.0
THA,8,8541,14,202512,35,30.3,4134.54,0.03397421317087017,0,1,0,0.03397421317087017,0.0
THA,8,8544,15,202301,0,16.94,815.44,0.13566753252605626,0,0,0,0.0,0.0
THA,8,8544,15,202302,1,12.03,501.25,0.13566753252605626,0,0,0,0.0,0.0
THA,8,8544,15,202303,2,16.49,630.42,0.13566753252605626,0,0,0,0.0,0.0
THA,8,8544,15,202304,3,16.01,693.54,0.13566753252605626,0,0,0,0.0,0.0
THA,8,8544,15,202305,4,15.89,716.33,0.13566753252605626,0,0,0,0.0,0.0
THA,8,8544,15,202306,5,21.36,854.25,0.13566753252605626,0,0,0,0.0,0.0
THA,8,8544,15,202307,6,25.4,837.1,0.13566753252605626,0,0,0,0.0,0.0
THA,8,8544,15,202308,7,25.98,1052.02,0.13566753252605626,0,0,0,0.0,0.0
THA,8,8544,15,202309,8,26.35,743.38,0.13566753252605626,0,0,0,0.0,0.0
THA,8,8544,15,202310,9,21.97,663.97,0.13566753252605626,0,0,0,0.0,0.0
THA,8,8544,15,202311,10,19.02,510.76,0.13566753252605626,0,0,0,0.0,0.0
THA,8,8544,15,202312,11,14.27,356.31,0.13566753252605626,0,0,0,0.0,0.0
THA,8,8544,15,202401,12,12.11,343.22,0.13566753252605626,0,0,0,0.0,0.0
THA,8,8544,15,202402,13,15.23,391.63,0.13566753252605626,0,0,0,0.0,0.0
THA,8,8544,15,202403,14,18.95,678.75,0.13566753252605626,0,0,0,0.0,0.0
THA,8,8544,15,202404,15,17.09,528.36,0.13566753252605626,0,0,0,0.0,0.0
THA,8,8544,15,202405,16,19.92,545.8,0.13566753252605626,0,0,0,0.0,0.0
THA,8,8544,15,202406,17,16.91,524.2,0.13566753252605626,0,0,0,0.0,0.0
THA,8,8544,15,202407,18,18.84,591.47,0.13566753252605626,0,0,0,0.0,0.0
THA,8,8544,15,202408,19,40.53,1018.37,0.13566753252605626,0,0,0,0.0,0.0
THA,8,8544,15,202409,20,35.24,974.29,0.13566753252605626,0,0,0,0.0,0.0
THA,8,8544,15,202410,21,39.93,1182.08,0.13566753252605626,0,0,0,0.0,0.0
THA,8,8544,15,202411,22,22.93,690.52,0.13566753252605626,0,0,0,0.0,0.0
THA,8,8544,15,202412,23,25.76,857.97,0.13566753252605626,0,0,0,0.0,0.0
THA,8,8544,15,202501,24,25.81,911.05,0.13566753252605626,0,0,0,0.0,0.0
THA,8,8544,15,202502,25,28.64,765.06,0.13566753252605626,0,0,0,0.0,0.0
THA,8,8544,15,202503,26,36.01,1300.04,0.13566753252605626,0,0,0,0.0,0.0
THA,8,8544,15,202504,27,31.81,1102.72,0.13566753252605626,0,1,0,0.13566753252605626,0.0
THA,8,8544,15,202505,28,34.78,1152.8,0.13566753252605626,0,1,0,0.13566753252605626,0.0
THA,8,8544,15,202506,29,41.9,1348.84,0.13566753252605626,0,1,0,0.13566753252605626,0.0
THA,8,8544,15,202507,30,47.31,2012.66,0.13566753252605626,0,1,0,0.13566753252605626,0.0
THA,8,8544,15,202508,31,50.51,2781.02,0.13566753252605626,0,1,0,0.13566753252605626,0.0
THA,8,8544,15,202509,32,53.2,2357.41,0.13566753252605626,0,1,0,0.13566753252605626,0.0
THA,8,8544,15,202510,33,47.96,1974.17,0.13566753252605626,0,1,0,0.13566753252605626,0.0
THA,8,8544,15,202511,34,48.13,2105.84,0.13566753252605626,0,1,0,0.13566753252605626,0.0
THA,8,8544,15,202512,35,57.58,3189.8,0.13566753252605626,0,1,0,0.13566753252605626,0.0
THA,8,9401,16,202301,0,24.37,4011.7,0.33783279157026774,0,0,0,0.0,0.0
THA,8,9401,16,202302,1,11.38,1830.31,0.33783279157026774,0,0,0,0.0,0.0
THA,8,9401,16,202303,2,15.63,2024.7,0.33783279157026774,0,0,0,0.0,0.0
THA,8,9401,16,202304,3,16.3,2255.27,0.33783279157026774,0,0,0,0.0,0.0
THA,8,9401,16,202305,4,17.39,2658.42,0.33783279157026774,0,0,0,0.0,0.0
THA,8,9401,16,202306,5,18.84,2896.07,0.33783279157026774,0,0,0,0.0,0.0
THA,8,9401,16,202307,6,18.48,2889.25,0.33783279157026774,0,0,0,0.0,0.0
THA,8,9401,16,202308,7,17.2,2677.0,0.33783279157026774,0,0,0,0.0,0.0
THA,8,9401,16,202309,8,17.6,2667.49,0.33783279157026774,0,0,0,0.0,0.0
THA,8,9401,16,202310,9,18.61,2809.86,0.33783279157026774,0,0,0,0.0,0.0
THA,8,9401,16,202311,10,18.66,2644.83,0.33783279157026774,0,0,0,0.0,0.0
THA,8,9401,16,202312,11,17.82,2443.64,0.33783279157026774,0,0,0,0.0,0.0
THA,8,9401,16,202401,12,16.3,2172.55,0.33783279157026774,0,0,0,0.0,0.0
THA,8,9401,16,202402,13,14.26,1755.44,0.33783279157026774,0,0,0,0.0,0.0
THA,8,9401,16,202403,14,16.84,2056.84,0.33783279157026774,0,0,0,0.0,0.0
THA,8,9401,16,202404,15,17.06,2029.92,0.33783279157026774,0,0,0,0.0,0.0
THA,8,9401,16,202405,16,16.58,2060.25,0.33783279157026774,0,0,0,0.0,0.0
THA,8,9401,16,202406,17,15.87,2079.21,0.33783279157026774,0,0,0,0.0,0.0
THA,8,9401,16,202407,18,19.05,2465.53,0.33783279157026774,0,0,0,0.0,0.0
THA,8,9401,16,202408,19,17.48,2193.41,0.33783279157026774,0,0,0,0.0,0.0
THA,8,9401,16,202409,20,19.14,2514.18,0.33783279157026774,0,0,0,0.0,0.0
THA,8,9401,16,202410,21,19.17,2603.86,0.33783279157026774,0,0,0,0.0,0.0
THA,8,9401,16,202411,22,15.38,2127.35,0.33783279157026774,0,0,0,0.0,0.0
THA,8,9401,16,202412,23,16.96,2178.41,0.33783279157026774,0,0,0,0.0,0.0
THA,8,9401,16,202501,24,17.0,2168.34,0.33783279157026774,0,0,0,0.0,0.0
THA,8,9401,16,202502,25,13.81,1703.48,0.33783279157026774,0,0,0,0.0,0.0
THA,8,9401,16,202503,26,21.68,2850.86,0.33783279157026774,0,0,0,0.0,0.0
THA,8,9401,16,202504,27,20.63,2743.81,0.33783279157026774,0,1,0,0.33783279157026774,0.0
THA,8,9401,16,202505,28,17.4,2299.29,0.33783279157026774,0,1,0,0.33783279157026774,0.0
THA,8,9401,16,202506,29,20.55,2633.88,0.33783279157026774,0,1,0,0.33783279157026774,0.0
THA,8,9401,16,202507,30,21.41,2838.93,0.33783279157026774,0,1,0,0.33783279157026774,0.0
THA,8,9401,16,202508,31,26.09,3202.11,0.33783279157026774,0,1,0,0.33783279157026774,0.0
THA,8,9401,16,202509,32,23.17,2797.09,0.33783279157026774,0,1,0,0.33783279157026774,0.0
THA,8,9401,16,202510,33,21.42,2599.69,0.33783279157026774,0,1,0,0.33783279157026774,0.0
THA,8,9401,16,202511,34,24.31,2829.74,0.33783279157026774,0,1,0,0.33783279157026774,0.0
THA,8,9401,16,202512,35,26.1,2895.4,0.33783279157026774,0,1,0,0.33783279157026774,0.0
THA,8,9403,17,202301,0,55.29,12008.1,0.32987861426539994,0,0,0,0.0,0.0
THA,8,9403,17,202302,1,45.78,10015.41,0.32987861426539994,0,0,0,0.0,0.0
THA,8,9403,17,202303,2,46.89,10050.61,0.32987861426539994,0,0,0,0.0,0.0
THA,8,9403,17,202304,3,45.65,10024.08,0.32987861426539994,0,0,0,0.0,0.0
THA,8,9403,17,202305,4,47.05,10306.1,0.32987861426539994,0,0,0,0.0,0.0
THA,8,9403,17,202306,5,45.95,9974.67,0.32987861426539994,0,0,0,0.0,0.0
THA,8,9403,17,202307,6,46.35,9667.86,0.32987861426539994,0,0,0,0.0,0.0
THA,8,9403,17,202308,7,38.52,8933.16,0.32987861426539994,0,0,0,0.0,0.0
THA,8,9403,17,202309,8,42.62,9920.7,0.32987861426539994,0,0,0,0.0,0.0
THA,8,9403,17,202310,9,41.67,10896.07,0.32987861426539994,0,0,0,0.0,0.0
THA,8,9403,17,202311,10,36.54,9582.51,0.32987861426539994,0,0,0,0.0,0.0
THA,8,9403,17,202312,11,47.55,11817.25,0.32987861426539994,0,0,0,0.0,0.0
THA,8,9403,17,202401,12,45.46,11084.58,0.32987861426539994,0,0,0,0.0,0.0
THA,8,9403,17,202402,13,40.43,9955.02,0.32987861426539994,0,0,0,0.0,0.0
THA,8,9403,17,202403,14,46.78,11587.92,0.32987861426539994,0,0,0,0.0,0.0
THA,8,9403,17,202404,15,42.99,11349.03,0.32987861426539994,0,0,0,0.0,0.0
THA,8,9403,17,202405,16,47.67,11450.0,0.32987861426539994,0,0,0,0.0,0.0
THA,8,9403,17,202406,17,48.39,11485.42,0.32987861426539994,0,0,0,0.0,0.0
THA,8,9403,17,202407,18,61.21,14692.25,0.32987861426539994,0,0,0,0.0,0.0
THA,8,9403,17,202408,19,53.45,12541.2,0.32987861426539994,0,0,0,0.0,0.0
THA,8,9403,17,202409,20,65.08,15068.08,0.32987861426539994,0,0,0,0.0,0.0
THA,8,9403,17,202410,21,71.61,16535.86,0.32987861426539994,0,0,0,0.0,0.0
THA,8,9403,17,202411,22,63.87,14854.12,0.32987861426539994,0,0,0,0.0,0.0
THA,8,9403,17,202412,23,64.38,15230.12,0.32987861426539994,0,0,0,0.0,0.0
THA,8,9403,17,202501,24,65.56,15448.33,0.32987861426539994,0,0,0,0.0,0.0
THA,8,9403,17,202502,25,54.77,12872.42,0.32987861426539994,0,0,0,0.0,0.0
THA,8,9403,17,202503,26,72.3,17483.34,0.32987861426539994,0,0,0,0.0,0.0
THA,8,9403,17,202504,27,67.22,16411.57,0.32987861426539994,0,1,0,0.32987861426539994,0.0
THA,8,9403,17,202505,28,63.64,14491.49,0.32987861426539994,0,1,0,0.32987861426539994,0.0
THA,8,9403,17,202506,29,52.22,13216.36,0.32987861426539994,0,1,0,0.32987861426539994,0.0
THA,8,9403,17,202507,30,71.43,15941.21,0.32987861426539994,0,1,0,0.32987861426539994,0.0
THA,8,9403,17,202508,31,87.58,19921.54,0.32987861426539994,0,1,0,0.32987861426539994,0.0
THA,8,9403,17,202509,32,88.28,20817.71,0.32987861426539994,0,1,0,0.32987861426539994,0.0
THA,8,9403,17,202510,33,68.84,15324.48,0.32987861426539994,0,1,0,0.32987861426539994,0.0
THA,8,9403,17,202511,34,72.35,15761.15,0.32987861426539994,0,1,0,0.32987861426539994,0.0
THA,8,9403,17,202512,35,95.95,20628.18,0.32987861426539994,0,1,0,0.32987861426539994,0.0
THA,8,9405,18,202301,0,17.79,866.2,0.5216145392002935,0,0,0,0.0,0.0
THA,8,9405,18,202302,1,13.81,594.89,0.5216145392002935,0,0,0,0.0,0.0
THA,8,9405,18,202303,2,13.34,653.94,0.5216145392002935,0,0,0,0.0,0.0
THA,8,9405,18,202304,3,17.74,797.24,0.5216145392002935,0,0,0,0.0,0.0
THA,8,9405,18,202305,4,10.99,516.56,0.5216145392002935,0,0,0,0.0,0.0
THA,8,9405,18,202306,5,27.18,1244.54,0.5216145392002935,0,0,0,0.0,0.0
THA,8,9405,18,202307,6,28.77,1222.55,0.5216145392002935,0,0,0,0.0,0.0
THA,8,9405,18,202308,7,24.45,943.32,0.5216145392002935,0,0,0,0.0,0.0
THA,8,9405,18,202309,8,22.92,983.04,0.5216145392002935,0,0,0,0.0,0.0
THA,8,9405,18,202310,9,20.62,854.41,0.5216145392002935,0,0,0,0.0,0.0
THA,8,9405,18,202311,10,21.48,844.53,0.5216145392002935,0,0,0,0.0,0.0
THA,8,9405,18,202312,11,22.66,912.54,0.5216145392002935,0,0,0,0.0,0.0
THA,8,9405,18,202401,12,26.64,1057.32,0.5216145392002935,0,0,0,0.0,0.0
THA,8,9405,18,202402,13,21.93,855.5,0.5216145392002935,0,0,0,0.0,0.0
THA,8,9405,18,202403,14,26.7,1125.61,0.5216145392002935,0,0,0,0.0,0.0
THA,8,9405,18,202404,15,22.72,893.01,0.5216145392002935,0,0,0,0.0,0.0
THA,8,9405,18,202405,16,23.08,975.94,0.5216145392002935,0,0,0,0.0,0.0
THA,8,9405,18,202406,17,29.04,1141.13,0.5216145392002935,0,0,0,0.0,0.0
THA,8,9405,18,202407,18,33.05,1742.13,0.5216145392002935,0,0,0,0.0,0.0
THA,8,9405,18,202408,19,28.32,1278.4,0.5216145392002935,0,0,0,0.0,0.0
THA,8,9405,18,202409,20,40.15,1734.95,0.5216145392002935,0,0,0,0.0,0.0
THA,8,9405,18,202410,21,43.54,1909.69,0.5216145392002935,0,0,0,0.0,0.0
THA,8,9405,18,202411,22,34.65,1468.72,0.5216145392002935,0,0,0,0.0,0.0
THA,8,9405,18,202412,23,32.06,1421.2,0.5216145392002935,0,0,0,0.0,0.0
THA,8,9405,18,202501,24,30.48,1265.88,0.5216145392002935,0,0,0,0.0,0.0
THA,8,9405,18,202502,25,29.4,1296.42,0.5216145392002935,0,0,0,0.0,0.0
THA,8,9405,18,202503,26,35.03,1602.05,0.5216145392002935,0,0,0,0.0,0.0
THA,8,9405,18,202504,27,29.13,1317.93,0.5216145392002935,0,1,0,0.5216145392002935,0.0
THA,8,9405,18,202505,28,30.56,1449.87,0.5216145392002935,0,1,0,0.5216145392002935,0.0
THA,8,9405,18,202506,29,30.49,1363.91,0.5216145392002935,0,1,0,0.5216145392002935,0.0
THA,8,9405,18,202507,30,44.35,2008.6,0.5216145392002935,0,1,0,0.5216145392002935,0.0
THA,8,9405,18,202508,31,50.43,2363.3,0.5216145392002935,0,1,0,0.5216145392002935,0.0
THA,8,9405,18,202509,32,54.16,2698.38,0.5216145392002935,0,1,0,0.5216145392002935,0.0
THA,8,9405,18,202510,33,43.62,2118.98,0.5216145392002935,0,1,0,0.5216145392002935,0.0
THA,8,9405,18,202511,34,48.17,2481.18,0.5216145392002935,0,1,0,0.5216145392002935,0.0
THA,8,9405,18,202512,35,46.72,2297.28,0.5216145392002935,0,1,0,0.5216145392002935,0.0
THA,8,9503,19,202301,0,17.95,1184.26,0.8174924032568407,0,0,0,0.0,0.0
THA,8,9503,19,202302,1,8.03,529.54,0.8174924032568407,0,0,0,0.0,0.0
THA,8,9503,19,202303,2,13.62,898.52,0.8174924032568407,0,0,0,0.0,0.0
THA,8,9503,19,202304,3,10.42,687.44,0.8174924032568407,0,0,0,0.0,0.0
THA,8,9503,19,202305,4,8.04,530.49,0.8174924032568407,0,0,0,0.0,0.0
THA,8,9503,19,202306,5,11.27,743.41,0.8174924032568407,0,0,0,0.0,0.0
THA,8,9503,19,202307,6,11.03,694.46,0.8174924032568407,0,0,0,0.0,0.0
THA,8,9503,19,202308,7,12.1,761.27,0.8174924032568407,0,0,0,0.0,0.0
THA,8,9503,19,202309,8,13.28,835.95,0.8174924032568407,0,0,0,0.0,0.0
THA,8,9503,19,202310,9,14.36,903.59,0.8174924032568407,0,0,0,0.0,0.0
THA,8,9503,19,202311,10,13.99,880.32,0.8174924032568407,0,0,0,0.0,0.0
THA,8,9503,19,202312,11,12.78,809.16,0.8174924032568407,0,0,0,0.0,0.0
THA,8,9503,19,202401,12,12.76,807.55,0.8174924032568407,0,0,0,0.0,0.0
THA,8,9503,19,202402,13,7.83,495.66,0.8174924032568407,0,0,0,0.0,0.0
THA,8,9503,19,202403,14,15.99,1012.4,0.8174924032568407,0,0,0,0.0,0.0
THA,8,9503,19,202404,15,9.04,572.34,0.8174924032568407,0,0,0,0.0,0.0
THA,8,9503,19,202405,16,9.8,620.16,0.8174924032568407,0,0,0,0.0,0.0
THA,8,9503,19,202406,17,11.03,698.25,0.8174924032568407,0,0,0,0.0,0.0
THA,8,9503,19,202407,18,10.15,664.89,0.8174924032568407,0,0,0,0.0,0.0
THA,8,9503,19,202408,19,9.56,625.92,0.8174924032568407,0,0,0,0.0,0.0
THA,8,9503,19,202409,20,19.22,1259.07,0.8174924032568407,0,0,0,0.0,0.0
THA,8,9503,19,202410,21,19.02,1246.03,0.8174924032568407,0,0,0,0.0,0.0
THA,8,9503,19,202411,22,16.69,1093.1,0.8174924032568407,0,0,0,0.0,0.0
THA,8,9503,19,202412,23,14.62,957.75,0.8174924032568407,0,0,0,0.0,0.0
THA,8,9503,19,202501,24,12.66,829.38,0.8174924032568407,0,0,0,0.0,0.0
THA,8,9503,19,202502,25,10.12,663.17,0.8174924032568407,0,0,0,0.0,0.0
THA,8,9503,19,202503,26,17.42,1141.06,0.8174924032568407,0,0,0,0.0,0.0
THA,8,9503,19,202504,27,12.85,841.73,0.8174924032568407,0,1,0,0.8174924032568407,0.0
THA,8,9503,19,202505,28,10.75,703.91,0.8174924032568407,0,1,0,0.8174924032568407,0.0
THA,8,9503,19,202506,29,9.77,639.87,0.8174924032568407,0,1,0,0.8174924032568407,0.0
THA,8,9503,19,202507,30,10.65,697.31,0.8174924032568407,0,1,0,0.8174924032568407,0.0
THA,8,9503,19,202508,31,12.95,852.32,0.8174924032568407,0,1,0,0.8174924032568407,0.0
THA,8,9503,19,202509,32,15.65,1029.58,0.8174924032568407,0,1,0,0.8174924032568407,0.0
THA,8,9503,19,202510,33,12.6,828.94,0.8174924032568407,0,1,0,0.8174924032568407,0.0
THA,8,9503,19,202511,34,15.96,1050.06,0.8174924032568407,0,1,0,0.8174924032568407,0.0
THA,8,9503,19,202512,35,18.87,1242.07,0.8174924032568407,0,1,0,0.8174924032568407,0.0
TWN,9,3926,0,202301,0,37.56,3998.61,0.592931327318276,0,0,0,0.0,0.0
TWN,9,3926,0,202302,1,30.51,2973.8,0.592931327318276,0,0,0,0.0,0.0
TWN,9,3926,0,202303,2,27.77,3209.13,0.592931327318276,0,0,0,0.0,0.0
TWN,9,3926,0,202304,3,30.62,3394.73,0.592931327318276,0,0,0,0.0,0.0
TWN,9,3926,0,202305,4,34.89,3760.13,0.592931327318276,0,0,0,0.0,0.0
TWN,9,3926,0,202306,5,34.7,3981.92,0.592931327318276,0,0,0,0.0,0.0
TWN,9,3926,0,202307,6,30.59,3893.11,0.592931327318276,0,0,0,0.0,0.0
TWN,9,3926,0,202308,7,30.17,3510.69,0.592931327318276,0,0,0,0.0,0.0
TWN,9,3926,0,202309,8,29.99,3658.89,0.592931327318276,0,0,0,0.0,0.0
TWN,9,3926,0,202310,9,32.01,3738.58,0.592931327318276,0,0,0,0.0,0.0
TWN,9,3926,0,202311,10,30.48,4139.74,0.592931327318276,0,0,0,0.0,0.0
TWN,9,3926,0,202312,11,29.35,3287.29,0.592931327318276,0,0,0,0.0,0.0
TWN,9,3926,0,202401,12,36.45,4158.5,0.592931327318276,0,0,0,0.0,0.0
TWN,9,3926,0,202402,13,32.2,3906.31,0.592931327318276,0,0,0,0.0,0.0
TWN,9,3926,0,202403,14,25.88,2645.98,0.592931327318276,0,0,0,0.0,0.0
TWN,9,3926,0,202404,15,32.96,2200.91,0.592931327318276,0,0,0,0.0,0.0
TWN,9,3926,0,202405,16,34.35,2497.6,0.592931327318276,0,0,0,0.0,0.0
TWN,9,3926,0,202406,17,32.83,1897.99,0.592931327318276,0,0,0,0.0,0.0
TWN,9,3926,0,202407,18,33.63,4792.81,0.592931327318276,0,0,0,0.0,0.0
TWN,9,3926,0,202408,19,34.42,2771.07,0.592931327318276,0,0,0,0.0,0.0
TWN,9,3926,0,202409,20,36.14,2326.25,0.592931327318276,0,0,0,0.0,0.0
TWN,9,3926,0,202410,21,32.6,2008.31,0.592931327318276,0,0,0,0.0,0.0
TWN,9,3926,0,202411,22,29.47,1790.5,0.592931327318276,0,0,0,0.0,0.0
TWN,9,3926,0,202412,23,33.52,1984.17,0.592931327318276,0,0,0,0.0,0.0
TWN,9,3926,0,202501,24,36.33,2107.12,0.592931327318276,0,0,0,0.0,0.0
TWN,9,3926,0,202502,25,28.95,1842.53,0.592931327318276,0,0,0,0.0,0.0
TWN,9,3926,0,202503,26,33.9,2053.72,0.592931327318276,0,0,0,0.0,0.0
TWN,9,3926,0,202504,27,40.01,2330.23,0.592931327318276,0,1,0,0.592931327318276,0.0
TWN,9,3926,0,202505,28,31.87,1775.22,0.592931327318276,0,1,0,0.592931327318276,0.0
TWN,9,3926,0,202506,29,33.56,2054.59,0.592931327318276,0,1,0,0.592931327318276,0.0
TWN,9,3926,0,202507,30,36.95,2103.84,0.592931327318276,0,1,0,0.592931327318276,0.0
TWN,9,3926,0,202508,31,31.76,4303.75,0.592931327318276,0,1,0,0.592931327318276,0.0
TWN,9,3926,0,202509,32,32.04,4011.43,0.592931327318276,0,1,0,0.592931327318276,0.0
TWN,9,3926,0,202510,33,33.08,3760.6,0.592931327318276,0,1,0,0.592931327318276,0.0
TWN,9,3926,0,202511,34,30.18,1667.63,0.592931327318276,0,1,0,0.592931327318276,0.0
TWN,9,3926,0,202512,35,31.62,1753.94,0.592931327318276,0,1,0,0.592931327318276,0.0
TWN,9,4202,1,202301,0,7.26,392.27,0.5082599842937704,0,0,0,0.0,0.0
TWN,9,4202,1,202302,1,6.27,388.51,0.5082599842937704,0,0,0,0.0,0.0
TWN,9,4202,1,202303,2,4.91,287.01,0.5082599842937704,0,0,0,0.0,0.0
TWN,9,4202,1,202304,3,3.94,236.01,0.5082599842937704,0,0,0,0.0,0.0
TWN,9,4202,1,202305,4,4.51,256.7,0.5082599842937704,0,0,0,0.0,0.0
TWN,9,4202,1,202306,5,5.26,308.57,0.5082599842937704,0,0,0,0.0,0.0
TWN,9,4202,1,202307,6,4.99,275.03,0.5082599842937704,0,0,0,0.0,0.0
TWN,9,4202,1,202308,7,6.82,383.72,0.5082599842937704,0,0,0,0.0,0.0
TWN,9,4202,1,202309,8,5.69,318.88,0.5082599842937704,0,0,0,0.0,0.0
TWN,9,4202,1,202310,9,4.95,287.75,0.5082599842937704,0,0,0,0.0,0.0
TWN,9,4202,1,202311,10,7.63,448.83,0.5082599842937704,0,0,0,0.0,0.0
TWN,9,4202,1,202312,11,5.57,338.75,0.5082599842937704,0,0,0,0.0,0.0
TWN,9,4202,1,202401,12,6.17,365.49,0.5082599842937704,0,0,0,0.0,0.0
TWN,9,4202,1,202402,13,4.66,268.89,0.5082599842937704,0,0,0,0.0,0.0
TWN,9,4202,1,202403,14,5.28,285.7,0.5082599842937704,0,0,0,0.0,0.0
TWN,9,4202,1,202404,15,5.28,301.58,0.5082599842937704,0,0,0,0.0,0.0
TWN,9,4202,1,202405,16,3.93,187.56,0.5082599842937704,0,0,0,0.0,0.0
TWN,9,4202,1,202406,17,5.68,300.02,0.5082599842937704,0,0,0,0.0,0.0
TWN,9,4202,1,202407,18,4.38,227.03,0.5082599842937704,0,0,0,0.0,0.0
TWN,9,4202,1,202408,19,6.07,345.49,0.5082599842937704,0,0,0,0.0,0.0
TWN,9,4202,1,202409,20,6.98,407.83,0.5082599842937704,0,0,0,0.0,0.0
TWN,9,4202,1,202410,21,5.56,321.82,0.5082599842937704,0,0,0,0.0,0.0
TWN,9,4202,1,202411,22,3.64,199.64,0.5082599842937704,0,0,0,0.0,0.0
TWN,9,4202,1,202412,23,4.77,252.7,0.5082599842937704,0,0,0,0.0,0.0
TWN,9,4202,1,202501,24,6.35,340.71,0.5082599842937704,0,0,0,0.0,0.0
TWN,9,4202,1,202502,25,3.77,201.56,0.5082599842937704,0,0,0,0.0,0.0
TWN,9,4202,1,202503,26,3.95,202.62,0.5082599842937704,0,0,0,0.0,0.0
TWN,9,4202,1,202504,27,5.25,309.12,0.5082599842937704,0,1,0,0.5082599842937704,0.0
TWN,9,4202,1,202505,28,4.51,244.85,0.5082599842937704,0,1,0,0.5082599842937704,0.0
TWN,9,4202,1,202506,29,4.26,219.23,0.5082599842937704,0,1,0,0.5082599842937704,0.0
TWN,9,4202,1,202507,30,4.61,252.43,0.5082599842937704,0,1,0,0.5082599842937704,0.0
TWN,9,4202,1,202508,31,4.9,271.69,0.5082599842937704,0,1,0,0.5082599842937704,0.0
TWN,9,4202,1,202509,32,5.41,327.03,0.5082599842937704,0,1,0,0.5082599842937704,0.0
TWN,9,4202,1,202510,33,3.75,242.22,0.5082599842937704,0,1,0,0.5082599842937704,0.0
TWN,9,4202,1,202511,34,3.79,199.76,0.5082599842937704,0,1,0,0.5082599842937704,0.0
TWN,9,4202,1,202512,35,3.14,160.23,0.5082599842937704,0,1,0,0.5082599842937704,0.0
TWN,9,6110,2,202301,0,1.74,43.03,0.43468577984429585,0,0,0,0.0,0.0
TWN,9,6110,2,202302,1,0.89,16.61,0.43468577984429585,0,0,0,0.0,0.0
TWN,9,6110,2,202303,2,0.64,8.97,0.43468577984429585,0,0,0,0.0,0.0
TWN,9,6110,2,202304,3,0.86,14.3,0.43468577984429585,0,0,0,0.0,0.0
TWN,9,6110,2,202305,4,0.44,9.37,0.43468577984429585,0,0,0,0.0,0.0
TWN,9,6110,2,202306,5,0.39,16.38,0.43468577984429585,0,0,0,0.0,0.0
TWN,9,6110,2,202307,6,0.84,18.31,0.43468577984429585,0,0,0,0.0,0.0
TWN,9,6110,2,202308,7,0.7,19.46,0.43468577984429585,0,0,0,0.0,0.0
TWN,9,6110,2,202309,8,0.7,26.91,0.43468577984429585,0,0,0,0.0,0.0
TWN,9,6110,2,202310,9,0.92,17.14,0.43468577984429585,0,0,0,0.0,0.0
TWN,9,6110,2,202311,10,0.68,16.75,0.43468577984429585,0,0,0,0.0,0.0
TWN,9,6110,2,202312,11,0.32,6.76,0.43468577984429585,0,0,0,0.0,0.0
TWN,9,6110,2,202401,12,0.23,6.55,0.43468577984429585,0,0,0,0.0,0.0
TWN,9,6110,2,202402,13,1.04,37.62,0.43468577984429585,0,0,0,0.0,0.0
TWN,9,6110,2,202403,14,0.58,9.9,0.43468577984429585,0,0,0,0.0,0.0
TWN,9,6110,2,202404,15,0.5,15.69,0.43468577984429585,0,0,0,0.0,0.0
TWN,9,6110,2,202405,16,0.83,25.24,0.43468577984429585,0,0,0,0.0,0.0
TWN,9,6110,2,202406,17,0.77,23.81,0.43468577984429585,0,0,0,0.0,0.0
TWN,9,6110,2,202407,18,0.58,19.56,0.43468577984429585,0,0,0,0.0,0.0
TWN,9,6110,2,202408,19,0.36,12.35,0.43468577984429585,0,0,0,0.0,0.0
TWN,9,6110,2,202409,20,0.8,25.54,0.43468577984429585,0,0,0,0.0,0.0
TWN,9,6110,2,202410,21,0.45,13.34,0.43468577984429585,0,0,0,0.0,0.0
TWN,9,6110,2,202411,22,1.27,33.62,0.43468577984429585,0,0,0,0.0,0.0
TWN,9,6110,2,202412,23,1.16,29.3,0.43468577984429585,0,0,0,0.0,0.0
TWN,9,6110,2,202501,24,0.99,30.1,0.43468577984429585,0,0,0,0.0,0.0
TWN,9,6110,2,202502,25,0.6,17.03,0.43468577984429585,0,0,0,0.0,0.0
TWN,9,6110,2,202503,26,0.6,16.62,0.43468577984429585,0,0,0,0.0,0.0
TWN,9,6110,2,202504,27,0.61,19.15,0.43468577984429585,0,1,0,0.43468577984429585,0.0
TWN,9,6110,2,202505,28,0.58,19.6,0.43468577984429585,0,1,0,0.43468577984429585,0.0
TWN,9,6110,2,202506,29,0.32,10.86,0.43468577984429585,0,1,0,0.43468577984429585,0.0
TWN,9,6110,2,202507,30,0.47,15.04,0.43468577984429585,0,1,0,0.43468577984429585,0.0
TWN,9,6110,2,202508,31,0.55,23.14,0.43468577984429585,0,1,0,0.43468577984429585,0.0
TWN,9,6110,2,202509,32,0.42,14.53,0.43468577984429585,0,1,0,0.43468577984429585,0.0
TWN,9,6110,2,202510,33,0.24,12.98,0.43468577984429585,0,1,0,0.43468577984429585,0.0
TWN,9,6110,2,202511,34,0.49,16.07,0.43468577984429585,0,1,0,0.43468577984429585,0.0
TWN,9,6110,2,202512,35,0.52,13.67,0.43468577984429585,0,1,0,0.43468577984429585,0.0
TWN,9,6204,3,202301,0,0.32,4.5,0.42349635741507496,0,0,0,0.0,0.0
TWN,9,6204,3,202302,1,0.41,6.94,0.42349635741507496,0,0,0,0.0,0.0
TWN,9,6204,3,202303,2,0.21,3.88,0.42349635741507496,0,0,0,0.0,0.0
TWN,9,6204,3,202304,3,0.29,3.88,0.42349635741507496,0,0,0,0.0,0.0
TWN,9,6204,3,202305,4,0.32,5.47,0.42349635741507496,0,0,0,0.0,0.0
TWN,9,6204,3,202306,5,0.29,2.65,0.42349635741507496,0,0,0,0.0,0.0
TWN,9,6204,3,202307,6,0.66,7.5,0.42349635741507496,0,0,0,0.0,0.0
TWN,9,6204,3,202308,7,0.24,3.22,0.42349635741507496,0,0,0,0.0,0.0
TWN,9,6204,3,202309,8,0.19,2.74,0.42349635741507496,0,0,0,0.0,0.0
TWN,9,6204,3,202310,9,0.36,3.38,0.42349635741507496,0,0,0,0.0,0.0
TWN,9,6204,3,202311,10,0.34,3.24,0.42349635741507496,0,0,0,0.0,0.0
TWN,9,6204,3,202312,11,0.35,3.5,0.42349635741507496,0,0,0,0.0,0.0
TWN,9,6204,3,202401,12,0.27,3.72,0.42349635741507496,0,0,0,0.0,0.0
TWN,9,6204,3,202402,13,0.22,2.52,0.42349635741507496,0,0,0,0.0,0.0
TWN,9,6204,3,202403,14,0.24,2.48,0.42349635741507496,0,0,0,0.0,0.0
TWN,9,6204,3,202404,15,0.37,6.41,0.42349635741507496,0,0,0,0.0,0.0
TWN,9,6204,3,202405,16,0.18,4.35,0.42349635741507496,0,0,0,0.0,0.0
TWN,9,6204,3,202406,17,0.4,8.1,0.42349635741507496,0,0,0,0.0,0.0
TWN,9,6204,3,202407,18,0.33,5.82,0.42349635741507496,0,0,0,0.0,0.0
TWN,9,6204,3,202408,19,0.27,5.45,0.42349635741507496,0,0,0,0.0,0.0
TWN,9,6204,3,202409,20,0.42,8.19,0.42349635741507496,0,0,0,0.0,0.0
TWN,9,6204,3,202410,21,0.65,11.82,0.42349635741507496,0,0,0,0.0,0.0
TWN,9,6204,3,202411,22,0.57,9.89,0.42349635741507496,0,0,0,0.0,0.0
TWN,9,6204,3,202412,23,0.57,11.43,0.42349635741507496,0,0,0,0.0,0.0
TWN,9,6204,3,202501,24,1.06,20.37,0.42349635741507496,0,0,0,0.0,0.0
TWN,9,6204,3,202502,25,0.18,3.85,0.42349635741507496,0,0,0,0.0,0.0
TWN,9,6204,3,202503,26,0.59,10.62,0.42349635741507496,0,0,0,0.0,0.0
TWN,9,6204,3,202504,27,0.23,4.76,0.42349635741507496,0,1,0,0.42349635741507496,0.0
TWN,9,6204,3,202505,28,0.37,7.4,0.42349635741507496,0,1,0,0.42349635741507496,0.0
TWN,9,6204,3,202506,29,0.28,5.81,0.42349635741507496,0,1,0,0.42349635741507496,0.0
TWN,9,6204,3,202507,30,0.23,4.63,0.42349635741507496,0,1,0,0.42349635741507496,0.0
TWN,9,6204,3,202508,31,0.51,9.31,0.42349635741507496,0,1,0,0.42349635741507496,0.0
TWN,9,6204,3,202509,32,0.19,3.85,0.42349635741507496,0,1,0,0.42349635741507496,0.0
TWN,9,6204,3,202510,33,0.21,3.99,0.42349635741507496,0,1,0,0.42349635741507496,0.0
TWN,9,6204,3,202511,34,0.17,3.3,0.42349635741507496,0,1,0,0.42349635741507496,0.0
TWN,9,6204,3,202512,35,0.25,5.76,0.42349635741507496,0,1,0,0.42349635741507496,0.0
TWN,9,6402,4,202301,0,0.72,31.77,0.6876787251706538,0,0,0,0.0,0.0
TWN,9,6402,4,202302,1,0.57,25.33,0.6876787251706538,0,0,0,0.0,0.0
TWN,9,6402,4,202303,2,0.21,11.22,0.6876787251706538,0,0,0,0.0,0.0
TWN,9,6402,4,202304,3,0.86,40.61,0.6876787251706538,0,0,0,0.0,0.0
TWN,9,6402,4,202305,4,0.81,37.87,0.6876787251706538,0,0,0,0.0,0.0
TWN,9,6402,4,202306,5,0.71,30.82,0.6876787251706538,0,0,0,0.0,0.0
TWN,9,6402,4,202307,6,0.59,25.35,0.6876787251706538,0,0,0,0.0,0.0
TWN,9,6402,4,202308,7,0.52,20.52,0.6876787251706538,0,0,0,0.0,0.0
TWN,9,6402,4,202309,8,0.28,9.64,0.6876787251706538,0,0,0,0.0,0.0
TWN,9,6402,4,202310,9,0.59,18.92,0.6876787251706538,0,0,0,0.0,0.0
TWN,9,6402,4,202311,10,0.53,16.06,0.6876787251706538,0,0,0,0.0,0.0
TWN,9,6402,4,202312,11,0.69,27.78,0.6876787251706538,0,0,0,0.0,0.0
TWN,9,6402,4,202401,12,0.52,19.97,0.6876787251706538,0,0,0,0.0,0.0
TWN,9,6402,4,202402,13,0.13,5.97,0.6876787251706538,0,0,0,0.0,0.0
TWN,9,6402,4,202403,14,0.46,18.2,0.6876787251706538,0,0,0,0.0,0.0
TWN,9,6402,4,202404,15,0.33,13.48,0.6876787251706538,0,0,0,0.0,0.0
TWN,9,6402,4,202405,16,0.41,15.59,0.6876787251706538,0,0,0,0.0,0.0
TWN,9,6402,4,202406,17,0.2,9.78,0.6876787251706538,0,0,0,0.0,0.0
TWN,9,6402,4,202407,18,1.17,51.06,0.6876787251706538,0,0,0,0.0,0.0
TWN,9,6402,4,202408,19,0.54,25.26,0.6876787251706538,0,0,0,0.0,0.0
TWN,9,6402,4,202409,20,0.31,12.55,0.6876787251706538,0,0,0,0.0,0.0
TWN,9,6402,4,202410,21,0.75,32.92,0.6876787251706538,0,0,0,0.0,0.0
TWN,9,6402,4,202411,22,0.2,9.76,0.6876787251706538,0,0,0,0.0,0.0
TWN,9,6402,4,202412,23,0.28,13.38,0.6876787251706538,0,0,0,0.0,0.0
TWN,9,6402,4,202501,24,0.67,31.86,0.6876787251706538,0,0,0,0.0,0.0
TWN,9,6402,4,202502,25,1.13,49.85,0.6876787251706538,0,0,0,0.0,0.0
TWN,9,6402,4,202503,26,0.24,11.56,0.6876787251706538,0,0,0,0.0,0.0
TWN,9,6402,4,202504,27,0.59,26.64,0.6876787251706538,0,1,0,0.6876787251706538,0.0
TWN,9,6402,4,202505,28,0.67,29.21,0.6876787251706538,0,1,0,0.6876787251706538,0.0
TWN,9,6402,4,202506,29,1.2,52.14,0.6876787251706538,0,1,0,0.6876787251706538,0.0
TWN,9,6402,4,202507,30,1.03,44.6,0.6876787251706538,0,1,0,0.6876787251706538,0.0
TWN,9,6402,4,202508,31,0.97,41.04,0.6876787251706538,0,1,0,0.6876787251706538,0.0
TWN,9,6402,4,202509,32,0.6,26.08,0.6876787251706538,0,1,0,0.6876787251706538,0.0
TWN,9,6402,4,202510,33,0.23,9.06,0.6876787251706538,0,1,0,0.6876787251706538,0.0
TWN,9,6402,4,202511,34,0.74,33.16,0.6876787251706538,0,1,0,0.6876787251706538,0.0
TWN,9,6402,4,202512,35,0.67,27.02,0.6876787251706538,0,1,0,0.6876787251706538,0.0
TWN,9,6403,5,202301,0,0.84,21.42,0.3564216173855382,0,0,0,0.0,0.0
TWN,9,6403,5,202302,1,1.77,59.94,0.3564216173855382,0,0,0,0.0,0.0
TWN,9,6403,5,202303,2,0.41,10.47,0.3564216173855382,0,0,0,0.0,0.0
TWN,9,6403,5,202304,3,0.06,1.74,0.3564216173855382,0,0,0,0.0,0.0
TWN,9,6403,5,202305,4,0.35,9.04,0.3564216173855382,0,0,0,0.0,0.0
TWN,9,6403,5,202306,5,0.25,6.42,0.3564216173855382,0,0,0,0.0,0.0
TWN,9,6403,5,202307,6,0.24,5.56,0.3564216173855382,0,0,0,0.0,0.0
TWN,9,6403,5,202308,7,0.23,4.86,0.3564216173855382,0,0,0,0.0,0.0
TWN,9,6403,5,202309,8,0.46,10.5,0.3564216173855382,0,0,0,0.0,0.0
TWN,9,6403,5,202310,9,0.21,4.72,0.3564216173855382,0,0,0,0.0,0.0
TWN,9,6403,5,202311,10,0.62,14.27,0.3564216173855382,0,0,0,0.0,0.0
TWN,9,6403,5,202312,11,0.79,17.65,0.3564216173855382,0,0,0,0.0,0.0
TWN,9,6403,5,202401,12,0.44,9.82,0.3564216173855382,0,0,0,0.0,0.0
TWN,9,6403,5,202402,13,0.71,15.69,0.3564216173855382,0,0,0,0.0,0.0
TWN,9,6403,5,202403,14,0.4,8.85,0.3564216173855382,0,0,0,0.0,0.0
TWN,9,6403,5,202404,15,0.48,10.69,0.3564216173855382,0,0,0,0.0,0.0
TWN,9,6403,5,202405,16,0.55,12.02,0.3564216173855382,0,0,0,0.0,0.0
TWN,9,6403,5,202406,17,0.56,11.9,0.3564216173855382,0,0,0,0.0,0.0
TWN,9,6403,5,202407,18,0.79,17.11,0.3564216173855382,0,0,0,0.0,0.0
TWN,9,6403,5,202408,19,0.51,10.83,0.3564216173855382,0,0,0,0.0,0.0
TWN,9,6403,5,202409,20,0.15,3.16,0.3564216173855382,0,0,0,0.0,0.0
TWN,9,6403,5,202410,21,0.54,11.77,0.3564216173855382,0,0,0,0.0,0.0
TWN,9,6403,5,202411,22,0.5,10.94,0.3564216173855382,0,0,0,0.0,0.0
TWN,9,6403,5,202412,23,0.54,11.76,0.3564216173855382,0,0,0,0.0,0.0
TWN,9,6403,5,202501,24,0.23,4.97,0.3564216173855382,0,0,0,0.0,0.0
TWN,9,6403,5,202502,25,0.57,12.44,0.3564216173855382,0,0,0,0.0,0.0
TWN,9,6403,5,202503,26,0.97,29.19,0.3564216173855382,0,0,0,0.0,0.0
TWN,9,6403,5,202504,27,0.15,3.04,0.3564216173855382,0,1,0,0.3564216173855382,0.0
TWN,9,6403,5,202505,28,0.4,8.7,0.3564216173855382,0,1,0,0.3564216173855382,0.0
TWN,9,6403,5,202506,29,0.11,2.37,0.3564216173855382,0,1,0,0.3564216173855382,0.0
TWN,9,6403,5,202507,30,0.46,9.98,0.3564216173855382,0,1,0,0.3564216173855382,0.0
TWN,9,6403,5,202508,31,0.58,13.06,0.3564216173855382,0,1,0,0.3564216173855382,0.0
TWN,9,6403,5,202509,32,0.39,8.37,0.3564216173855382,0,1,0,0.3564216173855382,0.0
TWN,9,6403,5,202510,33,0.41,9.2,0.3564216173855382,0,1,0,0.3564216173855382,0.0
TWN,9,6403,5,202511,34,0.25,5.65,0.3564216173855382,0,1,0,0.3564216173855382,0.0
TWN,9,6403,5,202512,35,0.34,7.57,0.3564216173855382,0,1,0,0.3564216173855382,0.0
TWN,9,7326,6,202301,0,21.73,2463.26,0.371942620179757,0,0,0,0.0,0.0
TWN,9,7326,6,202302,1,17.9,1855.99,0.371942620179757,0,0,0,0.0,0.0
TWN,9,7326,6,202303,2,16.13,1633.78,0.371942620179757,0,0,0,0.0,0.0
TWN,9,7326,6,202304,3,20.19,1883.07,0.371942620179757,0,0,0,0.0,0.0
TWN,9,7326,6,202305,4,22.06,2059.74,0.371942620179757,0,0,0,0.0,0.0
TWN,9,7326,6,202306,5,20.06,1971.58,0.371942620179757,0,0,0,0.0,0.0
TWN,9,7326,6,202307,6,18.06,1917.41,0.371942620179757,0,0,0,0.0,0.0
TWN,9,7326,6,202308,7,21.81,2126.61,0.371942620179757,0,0,0,0.0,0.0
TWN,9,7326,6,202309,8,17.65,1908.86,0.371942620179757,0,0,0,0.0,0.0
TWN,9,7326,6,202310,9,19.73,2185.01,0.371942620179757,0,0,0,0.0,0.0
TWN,9,7326,6,202311,10,17.86,1833.11,0.371942620179757,0,0,0,0.0,0.0
TWN,9,7326,6,202312,11,15.97,1749.68,0.371942620179757,0,0,0,0.0,0.0
TWN,9,7326,6,202401,12,18.6,2116.98,0.371942620179757,0,0,0,0.0,0.0
TWN,9,7326,6,202402,13,19.08,2255.87,0.371942620179757,0,0,0,0.0,0.0
TWN,9,7326,6,202403,14,15.51,1861.78,0.371942620179757,0,0,0,0.0,0.0
TWN,9,7326,6,202404,15,19.66,2305.76,0.371942620179757,0,0,0,0.0,0.0
TWN,9,7326,6,202405,16,20.02,2226.57,0.371942620179757,0,0,0,0.0,0.0
TWN,9,7326,6,202406,17,18.57,1953.57,0.371942620179757,0,0,0,0.0,0.0
TWN,9,7326,6,202407,18,20.47,2239.72,0.371942620179757,0,0,0,0.0,0.0
TWN,9,7326,6,202408,19,22.2,2430.45,0.371942620179757,0,0,0,0.0,0.0
TWN,9,7326,6,202409,20,20.42,2114.11,0.371942620179757,0,0,0,0.0,0.0
TWN,9,7326,6,202410,21,16.96,1792.71,0.371942620179757,0,0,0,0.0,0.0
TWN,9,7326,6,202411,22,19.43,2219.27,0.371942620179757,0,0,0,0.0,0.0
TWN,9,7326,6,202412,23,21.25,2421.8,0.371942620179757,0,0,0,0.0,0.0
TWN,9,7326,6,202501,24,21.69,2276.88,0.371942620179757,0,0,0,0.0,0.0
TWN,9,7326,6,202502,25,20.73,2397.69,0.371942620179757,0,0,0,0.0,0.0
TWN,9,7326,6,202503,26,19.08,2206.44,0.371942620179757,0,0,0,0.0,0.0
TWN,9,7326,6,202504,27,15.16,1802.26,0.371942620179757,0,1,0,0.371942620179757,0.0
TWN,9,7326,6,202505,28,14.14,1645.63,0.371942620179757,0,1,0,0.371942620179757,0.0
TWN,9,7326,6,202506,29,15.38,1793.13,0.371942620179757,0,1,0,0.371942620179757,0.0
TWN,9,7326,6,202507,30,17.09,1995.73,0.371942620179757,0,1,0,0.371942620179757,0.0
TWN,9,7326,6,202508,31,14.52,1887.06,0.371942620179757,0,1,0,0.371942620179757,0.0
TWN,9,7326,6,202509,32,12.33,1632.27,0.371942620179757,0,1,0,0.371942620179757,0.0
TWN,9,7326,6,202510,33,16.9,1918.1,0.371942620179757,0,1,0,0.371942620179757,0.0
TWN,9,7326,6,202511,34,15.14,1710.19,0.371942620179757,0,1,0,0.371942620179757,0.0
TWN,9,7326,6,202512,35,15.33,1861.49,0.371942620179757,0,1,0,0.371942620179757,0.0
TWN,9,8443,7,202301,0,10.56,180.0,0.1675662022525517,0,0,0,0.0,0.0
TWN,9,8443,7,202302,1,8.89,154.16,0.1675662022525517,0,0,0,0.0,0.0
TWN,9,8443,7,202303,2,7.11,119.97,0.1675662022525517,0,0,0,0.0,0.0
TWN,9,8443,7,202304,3,10.49,197.07,0.1675662022525517,0,0,0,0.0,0.0
TWN,9,8443,7,202305,4,10.29,184.64,0.1675662022525517,0,0,0,0.0,0.0
TWN,9,8443,7,202306,5,11.98,218.32,0.1675662022525517,0,0,0,0.0,0.0
TWN,9,8443,7,202307,6,8.53,147.64,0.1675662022525517,0,0,0,0.0,0.0
TWN,9,8443,7,202308,7,12.73,224.42,0.1675662022525517,0,0,0,0.0,0.0
TWN,9,8443,7,202309,8,11.33,198.65,0.1675662022525517,0,0,0,0.0,0.0
TWN,9,8443,7,202310,9,12.92,266.35,0.1675662022525517,0,0,0,0.0,0.0
TWN,9,8443,7,202311,10,13.91,331.6,0.1675662022525517,0,0,0,0.0,0.0
TWN,9,8443,7,202312,11,9.39,161.36,0.1675662022525517,0,0,0,0.0,0.0
TWN,9,8443,7,202401,12,11.11,181.08,0.1675662022525517,0,0,0,0.0,0.0
TWN,9,8443,7,202402,13,8.72,148.43,0.1675662022525517,0,0,0,0.0,0.0
TWN,9,8443,7,202403,14,7.31,122.54,0.1675662022525517,0,0,0,0.0,0.0
TWN,9,8443,7,202404,15,13.37,219.91,0.1675662022525517,0,0,0,0.0,0.0
TWN,9,8443,7,202405,16,9.42,162.93,0.1675662022525517,0,0,0,0.0,0.0
TWN,9,8443,7,202406,17,11.42,200.02,0.1675662022525517,0,0,0,0.0,0.0
TWN,9,8443,7,202407,18,8.86,150.7,0.1675662022525517,0,0,0,0.0,0.0
TWN,9,8443,7,202408,19,11.27,205.86,0.1675662022525517,0,0,0,0.0,0.0
TWN,9,8443,7,202409,20,11.99,204.48,0.1675662022525517,0,0,0,0.0,0.0
TWN,9,8443,7,202410,21,10.05,167.69,0.1675662022525517,0,0,0,0.0,0.0
TWN,9,8443,7,202411,22,9.29,167.59,0.1675662022525517,0,0,0,0.0,0.0
TWN,9,8443,7,202412,23,10.17,162.81,0.1675662022525517,0,0,0,0.0,0.0
TWN,9,8443,7,202501,24,7.23,122.03,0.1675662022525517,0,0,0,0.0,0.0
TWN,9,8443,7,202502,25,8.23,157.98,0.1675662022525517,0,0,0,0.0,0.0
TWN,9,8443,7,202503,26,6.56,102.23,0.1675662022525517,0,0,0,0.0,0.0
TWN,9,8443,7,202504,27,7.42,125.23,0.1675662022525517,0,1,0,0.1675662022525517,0.0
TWN,9,8443,7,202505,28,7.1,118.88,0.1675662022525517,0,1,0,0.1675662022525517,0.0
TWN,9,8443,7,202506,29,11.16,215.21,0.1675662022525517,0,1,0,0.1675662022525517,0.0
TWN,9,8443,7,202507,30,10.01,180.07,0.1675662022525517,0,1,0,0.1675662022525517,0.0
TWN,9,8443,7,202508,31,8.79,156.62,0.1675662022525517,0,1,0,0.1675662022525517,0.0
TWN,9,8443,7,202509,32,7.48,134.84,0.1675662022525517,0,1,0,0.1675662022525517,0.0
TWN,9,8443,7,202510,33,9.53,166.74,0.1675662022525517,0,1,0,0.1675662022525517,0.0
TWN,9,8443,7,202511,34,8.11,147.45,0.1675662022525517,0,1,0,0.1675662022525517,0.0
TWN,9,8443,7,202512,35,8.08,164.2,0.1675662022525517,0,1,0,0.1675662022525517,0.0
TWN,9,8471,8,202301,0,812.66,2951.93,0.39643031296790476,0,0,0,0.0,0.0
TWN,9,8471,8,202302,1,886.63,3291.07,0.39643031296790476,0,0,0,0.0,0.0
TWN,9,8471,8,202303,2,987.45,3647.3,0.39643031296790476,0,0,0,0.0,0.0
TWN,9,8471,8,202304,3,735.12,2733.47,0.39643031296790476,0,0,0,0.0,0.0
TWN,9,8471,8,202305,4,765.32,2937.52,0.39643031296790476,0,0,0,0.0,0.0
TWN,9,8471,8,202306,5,769.74,2893.61,0.39643031296790476,0,0,0,0.0,0.0
TWN,9,8471,8,202307,6,1364.79,4879.51,0.39643031296790476,0,0,0,0.0,0.0
TWN,9,8471,8,202308,7,1571.6,5651.33,0.39643031296790476,0,0,0,0.0,0.0
TWN,9,8471,8,202309,8,1798.28,6827.3,0.39643031296790476,0,0,0,0.0,0.0
TWN,9,8471,8,202310,9,1901.81,7141.9,0.39643031296790476,0,0,0,0.0,0.0
TWN,9,8471,8,202311,10,1590.64,5856.34,0.39643031296790476,0,0,0,0.0,0.0
TWN,9,8471,8,202312,11,1203.29,4184.75,0.39643031296790476,0,0,0,0.0,0.0
TWN,9,8471,8,202401,12,1702.63,5874.02,0.39643031296790476,0,0,0,0.0,0.0
TWN,9,8471,8,202402,13,1412.98,4803.45,0.39643031296790476,0,0,0,0.0,0.0
TWN,9,8471,8,202403,14,1971.65,6678.84,0.39643031296790476,0,0,0,0.0,0.0
TWN,9,8471,8,202404,15,2031.69,6950.18,0.39643031296790476,0,0,0,0.0,0.0
TWN,9,8471,8,202405,16,1648.63,5560.98,0.39643031296790476,0,0,0,0.0,0.0
TWN,9,8471,8,202406,17,2435.3,8355.05,0.39643031296790476,0,0,0,0.0,0.0
TWN,9,8471,8,202407,18,2543.49,8361.56,0.39643031296790476,0,0,0,0.0,0.0
TWN,9,8471,8,202408,19,3172.52,10353.77,0.39643031296790476,0,0,0,0.0,0.0
TWN,9,8471,8,202409,20,2798.45,9331.66,0.39643031296790476,0,0,0,0.0,0.0
TWN,9,8471,8,202410,21,2688.09,8687.43,0.39643031296790476,0,0,0,0.0,0.0
TWN,9,8471,8,202411,22,1618.8,5284.86,0.39643031296790476,0,0,0,0.0,0.0
TWN,9,8471,8,202412,23,2194.27,7479.42,0.39643031296790476,0,0,0,0.0,0.0
TWN,9,8471,8,202501,24,2111.49,6877.53,0.39643031296790476,0,0,0,0.0,0.0
TWN,9,8471,8,202502,25,2419.7,7791.28,0.39643031296790476,0,0,0,0.0,0.0
TWN,9,8471,8,202503,26,3359.39,10725.34,0.39643031296790476,0,0,0,0.0,0.0
TWN,9,8471,8,202504,27,5287.69,16778.35,0.39643031296790476,0,1,0,0.39643031296790476,0.0
TWN,9,8471,8,202505,28,7169.87,23263.49,0.39643031296790476,0,1,0,0.39643031296790476,0.0
TWN,9,8471,8,202506,29,7623.39,24773.42,0.39643031296790476,0,1,0,0.39643031296790476,0.0
TWN,9,8471,8,202507,30,10451.99,33947.05,0.39643031296790476,0,1,0,0.39643031296790476,0.0
TWN,9,8471,8,202508,31,9697.81,30164.39,0.39643031296790476,0,1,0,0.39643031296790476,0.0
TWN,9,8471,8,202509,32,5656.81,17693.05,0.39643031296790476,0,1,0,0.39643031296790476,0.0
TWN,9,8471,8,202510,33,9066.44,28114.19,0.39643031296790476,0,1,0,0.39643031296790476,0.0
TWN,9,8471,8,202511,34,10903.49,34703.86,0.39643031296790476,0,1,0,0.39643031296790476,0.0
TWN,9,8471,8,202512,35,12648.07,40664.69,0.39643031296790476,0,1,0,0.39643031296790476,0.0
TWN,9,8473,9,202301,0,737.46,2682.49,0.20922547448162448,0,0,0,0.0,0.0
TWN,9,8473,9,202302,1,872.34,3187.35,0.20922547448162448,0,0,0,0.0,0.0
TWN,9,8473,9,202303,2,962.36,3566.37,0.20922547448162448,0,0,0,0.0,0.0
TWN,9,8473,9,202304,3,882.67,3243.31,0.20922547448162448,0,0,0,0.0,0.0
TWN,9,8473,9,202305,4,1373.76,4968.75,0.20922547448162448,0,0,0,0.0,0.0
TWN,9,8473,9,202306,5,1087.18,3954.36,0.20922547448162448,0,0,0,0.0,0.0
TWN,9,8473,9,202307,6,1172.46,4392.15,0.20922547448162448,0,0,0,0.0,0.0
TWN,9,8473,9,202308,7,1443.52,5444.89,0.20922547448162448,0,0,0,0.0,0.0
TWN,9,8473,9,202309,8,1439.58,5414.04,0.20922547448162448,0,0,0,0.0,0.0
TWN,9,8473,9,202310,9,1504.5,5637.14,0.20922547448162448,0,0,0,0.0,0.0
TWN,9,8473,9,202311,10,1699.88,6364.89,0.20922547448162448,0,0,0,0.0,0.0
TWN,9,8473,9,202312,11,709.53,2733.8,0.20922547448162448,0,0,0,0.0,0.0
TWN,9,8473,9,202401,12,1343.25,5187.2,0.20922547448162448,0,0,0,0.0,0.0
TWN,9,8473,9,202402,13,711.75,2781.13,0.20922547448162448,0,0,0,0.0,0.0
TWN,9,8473,9,202403,14,1466.05,5659.66,0.20922547448162448,0,0,0,0.0,0.0
TWN,9,8473,9,202404,15,1956.83,7520.47,0.20922547448162448,0,0,0,0.0,0.0
TWN,9,8473,9,202405,16,2253.09,8712.07,0.20922547448162448,0,0,0,0.0,0.0
TWN,9,8473,9,202406,17,1989.48,7871.58,0.20922547448162448,0,0,0,0.0,0.0
TWN,9,8473,9,202407,18,4465.8,16710.41,0.20922547448162448,0,0,0,0.0,0.0
TWN,9,8473,9,202408,19,2731.23,10221.52,0.20922547448162448,0,0,0,0.0,0.0
TWN,9,8473,9,202409,20,1705.75,6421.41,0.20922547448162448,0,0,0,0.0,0.0
TWN,9,8473,9,202410,21,2308.19,8633.32,0.20922547448162448,0,0,0,0.0,0.0
TWN,9,8473,9,202411,22,2214.52,8274.54,0.20922547448162448,0,0,0,0.0,0.0
TWN,9,8473,9,202412,23,2014.91,7563.37,0.20922547448162448,0,0,0,0.0,0.0
TWN,9,8473,9,202501,24,3265.97,12200.66,0.20922547448162448,0,0,0,0.0,0.0
TWN,9,8473,9,202502,25,3055.63,11447.22,0.20922547448162448,0,0,0,0.0,0.0
TWN,9,8473,9,202503,26,3186.51,11882.23,0.20922547448162448,0,0,0,0.0,0.0
TWN,9,8473,9,202504,27,3623.06,13568.27,0.20922547448162448,0,1,0,0.20922547448162448,0.0
TWN,9,8473,9,202505,28,3751.69,14042.86,0.20922547448162448,0,1,0,0.20922547448162448,0.0
TWN,9,8473,9,202506,29,3340.7,12474.15,0.20922547448162448,0,1,0,0.20922547448162448,0.0
TWN,9,8473,9,202507,30,2993.76,11192.92,0.20922547448162448,0,1,0,0.20922547448162448,0.0
TWN,9,8473,9,202508,31,2713.56,10758.88,0.20922547448162448,0,1,0,0.20922547448162448,0.0
TWN,9,8473,9,202509,32,3859.24,15296.82,0.20922547448162448,0,1,0,0.20922547448162448,0.0
TWN,9,8473,9,202510,33,7725.69,30543.72,0.20922547448162448,0,1,0,0.20922547448162448,0.0
TWN,9,8473,9,202511,34,3665.04,14506.93,0.20922547448162448,0,1,0,0.20922547448162448,0.0
TWN,9,8473,9,202512,35,5494.18,21742.98,0.20922547448162448,0,1,0,0.20922547448162448,0.0
TWN,9,8504,10,202301,0,109.41,2599.98,0.20349559537261644,0,0,0,0.0,0.0
TWN,9,8504,10,202302,1,98.05,2270.57,0.20349559537261644,0,0,0,0.0,0.0
TWN,9,8504,10,202303,2,94.19,2324.99,0.20349559537261644,0,0,0,0.0,0.0
TWN,9,8504,10,202304,3,100.49,3138.64,0.20349559537261644,0,0,0,0.0,0.0
TWN,9,8504,10,202305,4,133.53,4849.27,0.20349559537261644,0,0,0,0.0,0.0
TWN,9,8504,10,202306,5,104.06,2547.51,0.20349559537261644,0,0,0,0.0,0.0
TWN,9,8504,10,202307,6,96.76,2818.13,0.20349559537261644,0,0,0,0.0,0.0
TWN,9,8504,10,202308,7,120.01,3145.0,0.20349559537261644,0,0,0,0.0,0.0
TWN,9,8504,10,202309,8,104.68,2829.54,0.20349559537261644,0,0,0,0.0,0.0
TWN,9,8504,10,202310,9,109.96,2815.46,0.20349559537261644,0,0,0,0.0,0.0
TWN,9,8504,10,202311,10,119.51,3405.81,0.20349559537261644,0,0,0,0.0,0.0
TWN,9,8504,10,202312,11,113.27,3745.92,0.20349559537261644,0,0,0,0.0,0.0
TWN,9,8504,10,202401,12,105.78,3725.04,0.20349559537261644,0,0,0,0.0,0.0
TWN,9,8504,10,202402,13,101.66,3205.68,0.20349559537261644,0,0,0,0.0,0.0
TWN,9,8504,10,202403,14,107.11,3466.78,0.20349559537261644,0,0,0,0.0,0.0
TWN,9,8504,10,202404,15,133.03,3927.28,0.20349559537261644,0,0,0,0.0,0.0
TWN,9,8504,10,202405,16,141.13,4643.61,0.20349559537261644,0,0,0,0.0,0.0
TWN,9,8504,10,202406,17,131.74,3978.41,0.20349559537261644,0,0,0,0.0,0.0
TWN,9,8504,10,202407,18,129.35,3802.87,0.20349559537261644,0,0,0,0.0,0.0
TWN,9,8504,10,202408,19,122.0,4164.79,0.20349559537261644,0,0,0,0.0,0.0
TWN,9,8504,10,202409,20,141.86,4633.32,0.20349559537261644,0,0,0,0.0,0.0
TWN,9,8504,10,202410,21,107.7,2818.18,0.20349559537261644,0,0,0,0.0,0.0
TWN,9,8504,10,202411,22,142.56,5416.11,0.20349559537261644,0,0,0,0.0,0.0
TWN,9,8504,10,202412,23,151.13,4926.15,0.20349559537261644,0,0,0,0.0,0.0
TWN,9,8504,10,202501,24,138.58,4261.47,0.20349559537261644,0,0,0,0.0,0.0
TWN,9,8504,10,202502,25,120.2,3420.74,0.20349559537261644,0,0,0,0.0,0.0
TWN,9,8504,10,202503,26,173.39,6409.84,0.20349559537261644,0,0,0,0.0,0.0
TWN,9,8504,10,202504,27,144.4,3609.08,0.20349559537261644,0,1,0,0.20349559537261644,0.0
TWN,9,8504,10,202505,28,167.69,4908.46,0.20349559537261644,0,1,0,0.20349559537261644,0.0
TWN,9,8504,10,202506,29,200.64,6203.69,0.20349559537261644,0,1,0,0.20349559537261644,0.0
TWN,9,8504,10,202507,30,176.57,4584.57,0.20349559537261644,0,1,0,0.20349559537261644,0.0
TWN,9,8504,10,202508,31,169.29,5180.1,0.20349559537261644,0,1,0,0.20349559537261644,0.0
TWN,9,8504,10,202509,32,184.83,3669.1,0.20349559537261644,0,1,0,0.20349559537261644,0.0
TWN,9,8504,10,202510,33,200.36,5449.91,0.20349559537261644,0,1,0,0.20349559537261644,0.0
TWN,9,8504,10,202511,34,219.39,5482.07,0.20349559537261644,0,1,0,0.20349559537261644,0.0
TWN,9,8504,10,202512,35,230.21,5711.06,0.20349559537261644,0,1,0,0.20349559537261644,0.0
TWN,9,8516,11,202301,0,4.13,269.49,0.6255708163552058,0,0,0,0.0,0.0
TWN,9,8516,11,202302,1,3.91,267.31,0.6255708163552058,0,0,0,0.0,0.0
TWN,9,8516,11,202303,2,3.28,202.7,0.6255708163552058,0,0,0,0.0,0.0
TWN,9,8516,11,202304,3,4.44,305.96,0.6255708163552058,0,0,0,0.0,0.0
TWN,9,8516,11,202305,4,4.13,270.24,0.6255708163552058,0,0,0,0.0,0.0
TWN,9,8516,11,202306,5,4.77,320.1,0.6255708163552058,0,0,0,0.0,0.0
TWN,9,8516,11,202307,6,3.5,245.18,0.6255708163552058,0,0,0,0.0,0.0
TWN,9,8516,11,202308,7,4.06,260.13,0.6255708163552058,0,0,0,0.0,0.0
TWN,9,8516,11,202309,8,3.57,223.71,0.6255708163552058,0,0,0,0.0,0.0
TWN,9,8516,11,202310,9,3.96,239.96,0.6255708163552058,0,0,0,0.0,0.0
TWN,9,8516,11,202311,10,2.96,206.36,0.6255708163552058,0,0,0,0.0,0.0
TWN,9,8516,11,202312,11,3.73,236.96,0.6255708163552058,0,0,0,0.0,0.0
TWN,9,8516,11,202401,12,5.63,372.76,0.6255708163552058,0,0,0,0.0,0.0
TWN,9,8516,11,202402,13,5.71,337.2,0.6255708163552058,0,0,0,0.0,0.0
TWN,9,8516,11,202403,14,3.89,232.06,0.6255708163552058,0,0,0,0.0,0.0
TWN,9,8516,11,202404,15,4.33,289.84,0.6255708163552058,0,0,0,0.0,0.0
TWN,9,8516,11,202405,16,4.1,233.33,0.6255708163552058,0,0,0,0.0,0.0
TWN,9,8516,11,202406,17,4.95,305.39,0.6255708163552058,0,0,0,0.0,0.0
TWN,9,8516,11,202407,18,5.8,367.44,0.6255708163552058,0,0,0,0.0,0.0
TWN,9,8516,11,202408,19,4.55,275.91,0.6255708163552058,0,0,0,0.0,0.0
TWN,9,8516,11,202409,20,4.85,304.53,0.6255708163552058,0,0,0,0.0,0.0
TWN,9,8516,11,202410,21,5.3,276.18,0.6255708163552058,0,0,0,0.0,0.0
TWN,9,8516,11,202411,22,4.78,315.29,0.6255708163552058,0,0,0,0.0,0.0
TWN,9,8516,11,202412,23,5.52,364.39,0.6255708163552058,0,0,0,0.0,0.0
TWN,9,8516,11,202501,24,4.28,297.22,0.6255708163552058,0,0,0,0.0,0.0
TWN,9,8516,11,202502,25,3.47,234.67,0.6255708163552058,0,0,0,0.0,0.0
TWN,9,8516,11,202503,26,3.57,263.65,0.6255708163552058,0,0,0,0.0,0.0
TWN,9,8516,11,202504,27,4.32,258.7,0.6255708163552058,0,1,0,0.6255708163552058,0.0
TWN,9,8516,11,202505,28,5.93,372.45,0.6255708163552058,0,1,0,0.6255708163552058,0.0
TWN,9,8516,11,202506,29,4.42,283.44,0.6255708163552058,0,1,0,0.6255708163552058,0.0
TWN,9,8516,11,202507,30,5.92,355.56,0.6255708163552058,0,1,0,0.6255708163552058,0.0
TWN,9,8516,11,202508,31,5.47,349.84,0.6255708163552058,0,1,0,0.6255708163552058,0.0
TWN,9,8516,11,202509,32,5.1,325.04,0.6255708163552058,0,1,0,0.6255708163552058,0.0
TWN,9,8516,11,202510,33,5.07,276.49,0.6255708163552058,0,1,0,0.6255708163552058,0.0
TWN,9,8516,11,202511,34,3.32,182.08,0.6255708163552058,0,1,0,0.6255708163552058,0.0
TWN,9,8516,11,202512,35,4.11,232.45,0.6255708163552058,0,1,0,0.6255708163552058,0.0
TWN,9,8517,12,202301,0,562.72,2912.55,0.49320772139853813,0,0,0,0.0,0.0
TWN,9,8517,12,202302,1,555.72,3142.01,0.49320772139853813,0,0,0,0.0,0.0
TWN,9,8517,12,202303,2,581.16,3194.27,0.49320772139853813,0,0,0,0.0,0.0
TWN,9,8517,12,202304,3,565.16,2750.8,0.49320772139853813,0,0,0,0.0,0.0
TWN,9,8517,12,202305,4,617.09,3157.46,0.49320772139853813,0,0,0,0.0,0.0
TWN,9,8517,12,202306,5,594.53,2937.89,0.49320772139853813,0,0,0,0.0,0.0
TWN,9,8517,12,202307,6,539.05,2478.09,0.49320772139853813,0,0,0,0.0,0.0
TWN,9,8517,12,202308,7,781.24,3782.7,0.49320772139853813,0,0,0,0.0,0.0
TWN,9,8517,12,202309,8,641.48,2833.8,0.49320772139853813,0,0,0,0.0,0.0
TWN,9,8517,12,202310,9,701.31,3158.16,0.49320772139853813,0,0,0,0.0,0.0
TWN,9,8517,12,202311,10,665.28,2885.65,0.49320772139853813,0,0,0,0.0,0.0
TWN,9,8517,12,202312,11,828.19,3701.46,0.49320772139853813,0,0,0,0.0,0.0
TWN,9,8517,12,202401,12,633.67,2536.29,0.49320772139853813,0,0,0,0.0,0.0
TWN,9,8517,12,202402,13,584.18,2460.35,0.49320772139853813,0,0,0,0.0,0.0
TWN,9,8517,12,202403,14,591.75,2306.05,0.49320772139853813,0,0,0,0.0,0.0
TWN,9,8517,12,202404,15,541.17,2003.79,0.49320772139853813,0,0,0,0.0,0.0
TWN,9,8517,12,202405,16,510.08,2146.19,0.49320772139853813,0,0,0,0.0,0.0
TWN,9,8517,12,202406,17,575.19,2272.51,0.49320772139853813,0,0,0,0.0,0.0
TWN,9,8517,12,202407,18,643.23,2396.9,0.49320772139853813,0,0,0,0.0,0.0
TWN,9,8517,12,202408,19,639.9,2471.5,0.49320772139853813,0,0,0,0.0,0.0
TWN,9,8517,12,202409,20,581.9,2546.2,0.49320772139853813,0,0,0,0.0,0.0
TWN,9,8517,12,202410,21,621.8,1838.14,0.49320772139853813,0,0,0,0.0,0.0
TWN,9,8517,12,202411,22,632.03,2178.19,0.49320772139853813,0,0,0,0.0,0.0
TWN,9,8517,12,202412,23,729.24,2294.02,0.49320772139853813,0,0,0,0.0,0.0
TWN,9,8517,12,202501,24,606.52,1932.58,0.49320772139853813,0,0,0,0.0,0.0
TWN,9,8517,12,202502,25,514.5,1966.05,0.49320772139853813,0,0,0,0.0,0.0
TWN,9,8517,12,202503,26,620.37,2095.5,0.49320772139853813,0,0,0,0.0,0.0
TWN,9,8517,12,202504,27,660.35,2165.69,0.49320772139853813,0,1,0,0.49320772139853813,0.0
TWN,9,8517,12,202505,28,670.02,2168.11,0.49320772139853813,0,1,0,0.49320772139853813,0.0
TWN,9,8517,12,202506,29,826.66,3204.38,0.49320772139853813,0,1,0,0.49320772139853813,0.0
TWN,9,8517,12,202507,30,677.99,1862.03,0.49320772139853813,0,1,0,0.49320772139853813,0.0
TWN,9,8517,12,202508,31,735.15,2121.16,0.49320772139853813,0,1,0,0.49320772139853813,0.0
TWN,9,8517,12,202509,32,778.06,2247.69,0.49320772139853813,0,1,0,0.49320772139853813,0.0
TWN,9,8517,12,202510,33,693.69,2004.82,0.49320772139853813,0,1,0,0.49320772139853813,0.0
TWN,9,8517,12,202511,34,696.72,2007.87,0.49320772139853813,0,1,0,0.49320772139853813,0.0
TWN,9,8517,12,202512,35,805.49,2322.71,0.49320772139853813,0,1,0,0.49320772139853813,0.0
TWN,9,8528,13,202301,0,25.09,465.24,0.3347814968181058,0,0,0,0.0,0.0
TWN,9,8528,13,202302,1,26.94,518.68,0.3347814968181058,0,0,0,0.0,0.0
TWN,9,8528,13,202303,2,27.95,518.92,0.3347814968181058,0,0,0,0.0,0.0
TWN,9,8528,13,202304,3,23.2,489.19,0.3347814968181058,0,0,0,0.0,0.0
TWN,9,8528,13,202305,4,34.16,715.99,0.3347814968181058,0,0,0,0.0,0.0
TWN,9,8528,13,202306,5,27.99,593.96,0.3347814968181058,0,0,0,0.0,0.0
TWN,9,8528,13,202307,6,28.02,581.57,0.3347814968181058,0,0,0,0.0,0.0
TWN,9,8528,13,202308,7,32.0,669.62,0.3347814968181058,0,0,0,0.0,0.0
TWN,9,8528,13,202309,8,32.07,646.16,0.3347814968181058,0,0,0,0.0,0.0
TWN,9,8528,13,202310,9,32.99,665.92,0.3347814968181058,0,0,0,0.0,0.0
TWN,9,8528,13,202311,10,28.76,552.91,0.3347814968181058,0,0,0,0.0,0.0
TWN,9,8528,13,202312,11,24.73,506.8,0.3347814968181058,0,0,0,0.0,0.0
TWN,9,8528,13,202401,12,26.65,541.94,0.3347814968181058,0,0,0,0.0,0.0
TWN,9,8528,13,202402,13,24.84,494.68,0.3347814968181058,0,0,0,0.0,0.0
TWN,9,8528,13,202403,14,23.97,480.53,0.3347814968181058,0,0,0,0.0,0.0
TWN,9,8528,13,202404,15,28.17,609.12,0.3347814968181058,0,0,0,0.0,0.0
TWN,9,8528,13,202405,16,32.25,736.46,0.3347814968181058,0,0,0,0.0,0.0
TWN,9,8528,13,202406,17,41.83,1007.69,0.3347814968181058,0,0,0,0.0,0.0
TWN,9,8528,13,202407,18,43.7,950.55,0.3347814968181058,0,0,0,0.0,0.0
TWN,9,8528,13,202408,19,43.22,985.26,0.3347814968181058,0,0,0,0.0,0.0
TWN,9,8528,13,202409,20,63.34,1466.87,0.3347814968181058,0,0,0,0.0,0.0
TWN,9,8528,13,202410,21,50.11,1078.28,0.3347814968181058,0,0,0,0.0,0.0
TWN,9,8528,13,202411,22,45.79,906.89,0.3347814968181058,0,0,0,0.0,0.0
TWN,9,8528,13,202412,23,54.33,1285.01,0.3347814968181058,0,0,0,0.0,0.0
TWN,9,8528,13,202501,24,44.39,1015.09,0.3347814968181058,0,0,0,0.0,0.0
TWN,9,8528,13,202502,25,40.3,931.1,0.3347814968181058,0,0,0,0.0,0.0
TWN,9,8528,13,202503,26,48.02,1240.69,0.3347814968181058,0,0,0,0.0,0.0
TWN,9,8528,13,202504,27,39.52,990.2,0.3347814968181058,0,1,0,0.3347814968181058,0.0
TWN,9,8528,13,202505,28,35.94,679.06,0.3347814968181058,0,1,0,0.3347814968181058,0.0
TWN,9,8528,13,202506,29,43.55,888.86,0.3347814968181058,0,1,0,0.3347814968181058,0.0
TWN,9,8528,13,202507,30,64.18,1223.95,0.3347814968181058,0,1,0,0.3347814968181058,0.0
TWN,9,8528,13,202508,31,56.78,1209.55,0.3347814968181058,0,1,0,0.3347814968181058,0.0
TWN,9,8528,13,202509,32,57.44,1175.04,0.3347814968181058,0,1,0,0.3347814968181058,0.0
TWN,9,8528,13,202510,33,60.72,1298.69,0.3347814968181058,0,1,0,0.3347814968181058,0.0
TWN,9,8528,13,202511,34,46.1,1011.26,0.3347814968181058,0,1,0,0.3347814968181058,0.0
TWN,9,8528,13,202512,35,49.1,971.22,0.3347814968181058,0,1,0,0.3347814968181058,0.0
TWN,9,8541,14,202301,0,68.94,318.82,0.03397421317087017,0,0,0,0.0,0.0
TWN,9,8541,14,202302,1,71.11,284.73,0.03397421317087017,0,0,0,0.0,0.0
TWN,9,8541,14,202303,2,72.28,307.02,0.03397421317087017,0,0,0,0.0,0.0
TWN,9,8541,14,202304,3,80.89,410.61,0.03397421317087017,0,0,0,0.0,0.0
TWN,9,8541,14,202305,4,98.52,381.33,0.03397421317087017,0,0,0,0.0,0.0
TWN,9,8541,14,202306,5,77.41,349.71,0.03397421317087017,0,0,0,0.0,0.0
TWN,9,8541,14,202307,6,85.1,388.07,0.03397421317087017,0,0,0,0.0,0.0
TWN,9,8541,14,202308,7,88.65,300.31,0.03397421317087017,0,0,0,0.0,0.0
TWN,9,8541,14,202309,8,112.18,1726.09,0.03397421317087017,0,0,0,0.0,0.0
TWN,9,8541,14,202310,9,132.51,413.6,0.03397421317087017,0,0,0,0.0,0.0
TWN,9,8541,14,202311,10,116.87,349.76,0.03397421317087017,0,0,0,0.0,0.0
TWN,9,8541,14,202312,11,128.46,320.16,0.03397421317087017,0,0,0,0.0,0.0
TWN,9,8541,14,202401,12,107.14,247.14,0.03397421317087017,0,0,0,0.0,0.0
TWN,9,8541,14,202402,13,38.31,147.06,0.03397421317087017,0,0,0,0.0,0.0
TWN,9,8541,14,202403,14,46.48,203.31,0.03397421317087017,0,0,0,0.0,0.0
TWN,9,8541,14,202404,15,52.03,188.43,0.03397421317087017,0,0,0,0.0,0.0
TWN,9,8541,14,202405,16,50.63,175.69,0.03397421317087017,0,0,0,0.0,0.0
TWN,9,8541,14,202406,17,51.29,145.29,0.03397421317087017,0,0,0,0.0,0.0
TWN,9,8541,14,202407,18,57.81,326.27,0.03397421317087017,0,0,0,0.0,0.0
TWN,9,8541,14,202408,19,51.51,205.24,0.03397421317087017,0,0,0,0.0,0.0
TWN,9,8541,14,202409,20,63.97,281.22,0.03397421317087017,0,0,0,0.0,0.0
TWN,9,8541,14,202410,21,45.91,176.92,0.03397421317087017,0,0,0,0.0,0.0
TWN,9,8541,14,202411,22,51.32,168.76,0.03397421317087017,0,0,0,0.0,0.0
TWN,9,8541,14,202412,23,45.76,180.28,0.03397421317087017,0,0,0,0.0,0.0
TWN,9,8541,14,202501,24,60.3,150.26,0.03397421317087017,0,0,0,0.0,0.0
TWN,9,8541,14,202502,25,41.58,365.38,0.03397421317087017,0,0,0,0.0,0.0
TWN,9,8541,14,202503,26,52.87,280.57,0.03397421317087017,0,0,0,0.0,0.0
TWN,9,8541,14,202504,27,40.86,131.47,0.03397421317087017,0,1,0,0.03397421317087017,0.0
TWN,9,8541,14,202505,28,43.31,233.81,0.03397421317087017,0,1,0,0.03397421317087017,0.0
TWN,9,8541,14,202506,29,47.92,179.9,0.03397421317087017,0,1,0,0.03397421317087017,0.0
TWN,9,8541,14,202507,30,68.71,358.39,0.03397421317087017,0,1,0,0.03397421317087017,0.0
TWN,9,8541,14,202508,31,76.33,358.63,0.03397421317087017,0,1,0,0.03397421317087017,0.0
TWN,9,8541,14,202509,32,85.99,226.64,0.03397421317087017,0,1,0,0.03397421317087017,0.0
TWN,9,8541,14,202510,33,52.02,160.8,0.03397421317087017,0,1,0,0.03397421317087017,0.0
TWN,9,8541,14,202511,34,53.22,136.87,0.03397421317087017,0,1,0,0.03397421317087017,0.0
TWN,9,8541,14,202512,35,44.53,261.32,0.03397421317087017,0,1,0,0.03397421317087017,0.0
TWN,9,8544,15,202301,0,46.93,1397.98,0.13566753252605626,0,0,0,0.0,0.0
TWN,9,8544,15,202302,1,40.02,1295.81,0.13566753252605626,0,0,0,0.0,0.0
TWN,9,8544,15,202303,2,40.95,1318.1,0.13566753252605626,0,0,0,0.0,0.0
TWN,9,8544,15,202304,3,39.08,1409.88,0.13566753252605626,0,0,0,0.0,0.0
TWN,9,8544,15,202305,4,52.46,1762.24,0.13566753252605626,0,0,0,0.0,0.0
TWN,9,8544,15,202306,5,45.71,1704.12,0.13566753252605626,0,0,0,0.0,0.0
TWN,9,8544,15,202307,6,40.84,1173.5,0.13566753252605626,0,0,0,0.0,0.0
TWN,9,8544,15,202308,7,51.47,1600.67,0.13566753252605626,0,0,0,0.0,0.0
TWN,9,8544,15,202309,8,36.68,1162.84,0.13566753252605626,0,0,0,0.0,0.0
TWN,9,8544,15,202310,9,41.74,1358.28,0.13566753252605626,0,0,0,0.0,0.0
TWN,9,8544,15,202311,10,37.74,1301.59,0.13566753252605626,0,0,0,0.0,0.0
TWN,9,8544,15,202312,11,34.73,1208.9,0.13566753252605626,0,0,0,0.0,0.0
TWN,9,8544,15,202401,12,38.13,1396.7,0.13566753252605626,0,0,0,0.0,0.0
TWN,9,8544,15,202402,13,38.1,1274.74,0.13566753252605626,0,0,0,0.0,0.0
TWN,9,8544,15,202403,14,33.09,1161.13,0.13566753252605626,0,0,0,0.0,0.0
TWN,9,8544,15,202404,15,42.14,1413.93,0.13566753252605626,0,0,0,0.0,0.0
TWN,9,8544,15,202405,16,39.63,1502.95,0.13566753252605626,0,0,0,0.0,0.0
TWN,9,8544,15,202406,17,40.04,1491.36,0.13566753252605626,0,0,0,0.0,0.0
TWN,9,8544,15,202407,18,49.97,1612.32,0.13566753252605626,0,0,0,0.0,0.0
TWN,9,8544,15,202408,19,47.92,1742.38,0.13566753252605626,0,0,0,0.0,0.0
TWN,9,8544,15,202409,20,48.17,1523.35,0.13566753252605626,0,0,0,0.0,0.0
TWN,9,8544,15,202410,21,58.08,1984.54,0.13566753252605626,0,0,0,0.0,0.0
TWN,9,8544,15,202411,22,47.12,1674.41,0.13566753252605626,0,0,0,0.0,0.0
TWN,9,8544,15,202412,23,51.23,1636.99,0.13566753252605626,0,0,0,0.0,0.0
TWN,9,8544,15,202501,24,59.7,2033.71,0.13566753252605626,0,0,0,0.0,0.0
TWN,9,8544,15,202502,25,49.87,1693.05,0.13566753252605626,0,0,0,0.0,0.0
TWN,9,8544,15,202503,26,53.25,1729.29,0.13566753252605626,0,0,0,0.0,0.0
TWN,9,8544,15,202504,27,40.07,1317.65,0.13566753252605626,0,1,0,0.13566753252605626,0.0
TWN,9,8544,15,202505,28,39.77,1339.11,0.13566753252605626,0,1,0,0.13566753252605626,0.0
TWN,9,8544,15,202506,29,43.22,1469.67,0.13566753252605626,0,1,0,0.13566753252605626,0.0
TWN,9,8544,15,202507,30,50.2,1778.81,0.13566753252605626,0,1,0,0.13566753252605626,0.0
TWN,9,8544,15,202508,31,36.74,1302.15,0.13566753252605626,0,1,0,0.13566753252605626,0.0
TWN,9,8544,15,202509,32,39.15,1473.81,0.13566753252605626,0,1,0,0.13566753252605626,0.0
TWN,9,8544,15,202510,33,40.82,1493.37,0.13566753252605626,0,1,0,0.13566753252605626,0.0
TWN,9,8544,15,202511,34,32.17,1138.21,0.13566753252605626,0,1,0,0.13566753252605626,0.0
TWN,9,8544,15,202512,35,41.7,1559.03,0.13566753252605626,0,1,0,0.13566753252605626,0.0
TWN,9,9401,16,202301,0,19.98,2254.85,0.33783279157026774,0,0,0,0.0,0.0
TWN,9,9401,16,202302,1,17.03,1881.13,0.33783279157026774,0,0,0,0.0,0.0
TWN,9,9401,16,202303,2,16.35,1805.29,0.33783279157026774,0,0,0,0.0,0.0
TWN,9,9401,16,202304,3,19.06,2096.58,0.33783279157026774,0,0,0,0.0,0.0
TWN,9,9401,16,202305,4,19.94,2182.96,0.33783279157026774,0,0,0,0.0,0.0
TWN,9,9401,16,202306,5,22.48,2413.26,0.33783279157026774,0,0,0,0.0,0.0
TWN,9,9401,16,202307,6,18.58,1941.52,0.33783279157026774,0,0,0,0.0,0.0
TWN,9,9401,16,202308,7,20.05,2154.97,0.33783279157026774,0,0,0,0.0,0.0
TWN,9,9401,16,202309,8,18.64,1992.68,0.33783279157026774,0,0,0,0.0,0.0
TWN,9,9401,16,202310,9,21.14,2246.64,0.33783279157026774,0,0,0,0.0,0.0
TWN,9,9401,16,202311,10,16.71,1818.29,0.33783279157026774,0,0,0,0.0,0.0
TWN,9,9401,16,202312,11,17.64,1909.13,0.33783279157026774,0,0,0,0.0,0.0
TWN,9,9401,16,202401,12,21.88,2406.05,0.33783279157026774,0,0,0,0.0,0.0
TWN,9,9401,16,202402,13,18.77,2051.21,0.33783279157026774,0,0,0,0.0,0.0
TWN,9,9401,16,202403,14,15.57,1710.31,0.33783279157026774,0,0,0,0.0,0.0
TWN,9,9401,16,202404,15,20.75,2237.91,0.33783279157026774,0,0,0,0.0,0.0
TWN,9,9401,16,202405,16,19.98,2185.61,0.33783279157026774,0,0,0,0.0,0.0
TWN,9,9401,16,202406,17,20.73,2274.11,0.33783279157026774,0,0,0,0.0,0.0
TWN,9,9401,16,202407,18,21.71,2534.32,0.33783279157026774,0,0,0,0.0,0.0
TWN,9,9401,16,202408,19,18.51,2202.48,0.33783279157026774,0,0,0,0.0,0.0
TWN,9,9401,16,202409,20,17.85,2146.28,0.33783279157026774,0,0,0,0.0,0.0
TWN,9,9401,16,202410,21,15.79,1805.32,0.33783279157026774,0,0,0,0.0,0.0
TWN,9,9401,16,202411,22,18.15,2119.89,0.33783279157026774,0,0,0,0.0,0.0
TWN,9,9401,16,202412,23,19.68,2351.01,0.33783279157026774,0,0,0,0.0,0.0
TWN,9,9401,16,202501,24,18.73,2261.23,0.33783279157026774,0,0,0,0.0,0.0
TWN,9,9401,16,202502,25,17.94,2068.13,0.33783279157026774,0,0,0,0.0,0.0
TWN,9,9401,16,202503,26,16.91,2046.61,0.33783279157026774,0,0,0,0.0,0.0
TWN,9,9401,16,202504,27,18.07,2084.6,0.33783279157026774,0,1,0,0.33783279157026774,0.0
TWN,9,9401,16,202505,28,19.96,2300.01,0.33783279157026774,0,1,0,0.33783279157026774,0.0
TWN,9,9401,16,202506,29,19.19,2185.42,0.33783279157026774,0,1,0,0.33783279157026774,0.0
TWN,9,9401,16,202507,30,21.57,2393.89,0.33783279157026774,0,1,0,0.33783279157026774,0.0
TWN,9,9401,16,202508,31,16.42,1814.54,0.33783279157026774,0,1,0,0.33783279157026774,0.0
TWN,9,9401,16,202509,32,15.3,1677.41,0.33783279157026774,0,1,0,0.33783279157026774,0.0
TWN,9,9401,16,202510,33,14.02,1561.37,0.33783279157026774,0,1,0,0.33783279157026774,0.0
TWN,9,9401,16,202511,34,13.88,1588.17,0.33783279157026774,0,1,0,0.33783279157026774,0.0
TWN,9,9401,16,202512,35,15.41,1781.22,0.33783279157026774,0,1,0,0.33783279157026774,0.0
TWN,9,9403,17,202301,0,69.53,14465.17,0.32987861426539994,0,0,0,0.0,0.0
TWN,9,9403,17,202302,1,55.22,11281.91,0.32987861426539994,0,0,0,0.0,0.0
TWN,9,9403,17,202303,2,61.4,12058.1,0.32987861426539994,0,0,0,0.0,0.0
TWN,9,9403,17,202304,3,60.9,12470.26,0.32987861426539994,0,0,0,0.0,0.0
TWN,9,9403,17,202305,4,73.96,15077.37,0.32987861426539994,0,0,0,0.0,0.0
TWN,9,9403,17,202306,5,82.06,16958.04,0.32987861426539994,0,0,0,0.0,0.0
TWN,9,9403,17,202307,6,68.65,14023.93,0.32987861426539994,0,0,0,0.0,0.0
TWN,9,9403,17,202308,7,71.88,14344.15,0.32987861426539994,0,0,0,0.0,0.0
TWN,9,9403,17,202309,8,68.08,13639.45,0.32987861426539994,0,0,0,0.0,0.0
TWN,9,9403,17,202310,9,84.5,16712.16,0.32987861426539994,0,0,0,0.0,0.0
TWN,9,9403,17,202311,10,67.28,13341.66,0.32987861426539994,0,0,0,0.0,0.0
TWN,9,9403,17,202312,11,57.75,11546.35,0.32987861426539994,0,0,0,0.0,0.0
TWN,9,9403,17,202401,12,65.2,13122.52,0.32987861426539994,0,0,0,0.0,0.0
TWN,9,9403,17,202402,13,62.14,12669.05,0.32987861426539994,0,0,0,0.0,0.0
TWN,9,9403,17,202403,14,51.47,10612.52,0.32987861426539994,0,0,0,0.0,0.0
TWN,9,9403,17,202404,15,64.99,12651.65,0.32987861426539994,0,0,0,0.0,0.0
TWN,9,9403,17,202405,16,58.75,11851.36,0.32987861426539994,0,0,0,0.0,0.0
TWN,9,9403,17,202406,17,66.86,13177.48,0.32987861426539994,0,0,0,0.0,0.0
TWN,9,9403,17,202407,18,73.12,15652.58,0.32987861426539994,0,0,0,0.0,0.0
TWN,9,9403,17,202408,19,81.67,17037.51,0.32987861426539994,0,0,0,0.0,0.0
TWN,9,9403,17,202409,20,77.68,16433.26,0.32987861426539994,0,0,0,0.0,0.0
TWN,9,9403,17,202410,21,78.29,16208.55,0.32987861426539994,0,0,0,0.0,0.0
TWN,9,9403,17,202411,22,75.79,16187.58,0.32987861426539994,0,0,0,0.0,0.0
TWN,9,9403,17,202412,23,75.26,15893.66,0.32987861426539994,0,0,0,0.0,0.0
TWN,9,9403,17,202501,24,60.99,12886.2,0.32987861426539994,0,0,0,0.0,0.0
TWN,9,9403,17,202502,25,53.09,11325.82,0.32987861426539994,0,0,0,0.0,0.0
TWN,9,9403,17,202503,26,61.17,12995.07,0.32987861426539994,0,0,0,0.0,0.0
TWN,9,9403,17,202504,27,56.39,11852.66,0.32987861426539994,0,1,0,0.32987861426539994,0.0
TWN,9,9403,17,202505,28,61.22,12838.75,0.32987861426539994,0,1,0,0.32987861426539994,0.0
TWN,9,9403,17,202506,29,57.71,12283.32,0.32987861426539994,0,1,0,0.32987861426539994,0.0
TWN,9,9403,17,202507,30,71.09,13919.07,0.32987861426539994,0,1,0,0.32987861426539994,0.0
TWN,9,9403,17,202508,31,57.26,12729.36,0.32987861426539994,0,1,0,0.32987861426539994,0.0
TWN,9,9403,17,202509,32,46.52,10692.75,0.32987861426539994,0,1,0,0.32987861426539994,0.0
TWN,9,9403,17,202510,33,48.85,11232.1,0.32987861426539994,0,1,0,0.32987861426539994,0.0
TWN,9,9403,17,202511,34,44.41,9711.76,0.32987861426539994,0,1,0,0.32987861426539994,0.0
TWN,9,9403,17,202512,35,47.1,10389.6,0.32987861426539994,0,1,0,0.32987861426539994,0.0
TWN,9,9405,18,202301,0,12.27,868.53,0.5216145392002935,0,0,0,0.0,0.0
TWN,9,9405,18,202302,1,11.23,864.79,0.5216145392002935,0,0,0,0.0,0.0
TWN,9,9405,18,202303,2,11.99,1363.96,0.5216145392002935,0,0,0,0.0,0.0
TWN,9,9405,18,202304,3,11.17,1339.3,0.5216145392002935,0,0,0,0.0,0.0
TWN,9,9405,18,202305,4,12.32,1452.04,0.5216145392002935,0,0,0,0.0,0.0
TWN,9,9405,18,202306,5,10.26,3227.98,0.5216145392002935,0,0,0,0.0,0.0
TWN,9,9405,18,202307,6,12.34,2881.72,0.5216145392002935,0,0,0,0.0,0.0
TWN,9,9405,18,202308,7,10.46,1673.58,0.5216145392002935,0,0,0,0.0,0.0
TWN,9,9405,18,202309,8,9.8,2065.51,0.5216145392002935,0,0,0,0.0,0.0
TWN,9,9405,18,202310,9,11.9,1952.24,0.5216145392002935,0,0,0,0.0,0.0
TWN,9,9405,18,202311,10,11.4,1140.26,0.5216145392002935,0,0,0,0.0,0.0
TWN,9,9405,18,202312,11,12.58,1821.76,0.5216145392002935,0,0,0,0.0,0.0
TWN,9,9405,18,202401,12,12.4,2009.07,0.5216145392002935,0,0,0,0.0,0.0
TWN,9,9405,18,202402,13,12.17,1946.9,0.5216145392002935,0,0,0,0.0,0.0
TWN,9,9405,18,202403,14,12.75,1759.51,0.5216145392002935,0,0,0,0.0,0.0
TWN,9,9405,18,202404,15,11.99,1415.88,0.5216145392002935,0,0,0,0.0,0.0
TWN,9,9405,18,202405,16,12.26,1431.66,0.5216145392002935,0,0,0,0.0,0.0
TWN,9,9405,18,202406,17,12.3,2581.0,0.5216145392002935,0,0,0,0.0,0.0
TWN,9,9405,18,202407,18,12.04,2087.86,0.5216145392002935,0,0,0,0.0,0.0
TWN,9,9405,18,202408,19,12.0,2610.21,0.5216145392002935,0,0,0,0.0,0.0
TWN,9,9405,18,202409,20,10.9,1974.11,0.5216145392002935,0,0,0,0.0,0.0
TWN,9,9405,18,202410,21,9.59,1418.19,0.5216145392002935,0,0,0,0.0,0.0
TWN,9,9405,18,202411,22,10.16,1606.11,0.5216145392002935,0,0,0,0.0,0.0
TWN,9,9405,18,202412,23,13.35,1600.68,0.5216145392002935,0,0,0,0.0,0.0
TWN,9,9405,18,202501,24,12.54,2197.0,0.5216145392002935,0,0,0,0.0,0.0
TWN,9,9405,18,202502,25,10.95,1670.53,0.5216145392002935,0,0,0,0.0,0.0
TWN,9,9405,18,202503,26,10.62,2001.14,0.5216145392002935,0,0,0,0.0,0.0
TWN,9,9405,18,202504,27,11.06,1376.57,0.5216145392002935,0,1,0,0.5216145392002935,0.0
TWN,9,9405,18,202505,28,11.0,978.33,0.5216145392002935,0,1,0,0.5216145392002935,0.0
TWN,9,9405,18,202506,29,11.47,732.14,0.5216145392002935,0,1,0,0.5216145392002935,0.0
TWN,9,9405,18,202507,30,12.87,1145.16,0.5216145392002935,0,1,0,0.5216145392002935,0.0
TWN,9,9405,18,202508,31,8.92,622.54,0.5216145392002935,0,1,0,0.5216145392002935,0.0
TWN,9,9405,18,202509,32,10.41,671.56,0.5216145392002935,0,1,0,0.5216145392002935,0.0
TWN,9,9405,18,202510,33,10.18,583.25,0.5216145392002935,0,1,0,0.5216145392002935,0.0
TWN,9,9405,18,202511,34,10.27,562.08,0.5216145392002935,0,1,0,0.5216145392002935,0.0
TWN,9,9405,18,202512,35,12.39,1046.06,0.5216145392002935,0,1,0,0.5216145392002935,0.0
TWN,9,9503,19,202301,0,13.61,897.67,0.8174924032568407,0,0,0,0.0,0.0
TWN,9,9503,19,202302,1,12.38,816.36,0.8174924032568407,0,0,0,0.0,0.0
TWN,9,9503,19,202303,2,10.28,678.26,0.8174924032568407,0,0,0,0.0,0.0
TWN,9,9503,19,202304,3,13.0,857.34,0.8174924032568407,0,0,0,0.0,0.0
TWN,9,9503,19,202305,4,14.82,977.59,0.8174924032568407,0,0,0,0.0,0.0
TWN,9,9503,19,202306,5,16.62,1096.52,0.8174924032568407,0,0,0,0.0,0.0
TWN,9,9503,19,202307,6,15.53,977.24,0.8174924032568407,0,0,0,0.0,0.0
TWN,9,9503,19,202308,7,15.62,983.09,0.8174924032568407,0,0,0,0.0,0.0
TWN,9,9503,19,202309,8,17.45,1098.17,0.8174924032568407,0,0,0,0.0,0.0
TWN,9,9503,19,202310,9,18.93,1191.58,0.8174924032568407,0,0,0,0.0,0.0
TWN,9,9503,19,202311,10,18.7,1176.95,0.8174924032568407,0,0,0,0.0,0.0
TWN,9,9503,19,202312,11,12.99,822.48,0.8174924032568407,0,0,0,0.0,0.0
TWN,9,9503,19,202401,12,13.84,876.11,0.8174924032568407,0,0,0,0.0,0.0
TWN,9,9503,19,202402,13,13.14,831.96,0.8174924032568407,0,0,0,0.0,0.0
TWN,9,9503,19,202403,14,11.15,705.91,0.8174924032568407,0,0,0,0.0,0.0
TWN,9,9503,19,202404,15,10.06,636.84,0.8174924032568407,0,0,0,0.0,0.0
TWN,9,9503,19,202405,16,13.96,883.99,0.8174924032568407,0,0,0,0.0,0.0
TWN,9,9503,19,202406,17,14.9,943.35,0.8174924032568407,0,0,0,0.0,0.0
TWN,9,9503,19,202407,18,13.55,887.59,0.8174924032568407,0,0,0,0.0,0.0
TWN,9,9503,19,202408,19,11.94,782.16,0.8174924032568407,0,0,0,0.0,0.0
TWN,9,9503,19,202409,20,15.47,1013.64,0.8174924032568407,0,0,0,0.0,0.0
TWN,9,9503,19,202410,21,10.58,693.1,0.8174924032568407,0,0,0,0.0,0.0
TWN,9,9503,19,202411,22,14.49,949.25,0.8174924032568407,0,0,0,0.0,0.0
TWN,9,9503,19,202412,23,13.37,876.1,0.8174924032568407,0,0,0,0.0,0.0
TWN,9,9503,19,202501,24,10.96,718.13,0.8174924032568407,0,0,0,0.0,0.0
TWN,9,9503,19,202502,25,8.84,579.34,0.8174924032568407,0,0,0,0.0,0.0
TWN,9,9503,19,202503,26,12.39,811.65,0.8174924032568407,0,0,0,0.0,0.0
TWN,9,9503,19,202504,27,10.57,692.29,0.8174924032568407,0,1,0,0.8174924032568407,0.0
TWN,9,9503,19,202505,28,11.09,726.12,0.8174924032568407,0,1,0,0.8174924032568407,0.0
TWN,9,9503,19,202506,29,13.9,910.38,0.8174924032568407,0,1,0,0.8174924032568407,0.0
TWN,9,9503,19,202507,30,12.88,843.72,0.8174924032568407,0,1,0,0.8174924032568407,0.0
TWN,9,9503,19,202508,31,12.63,831.48,0.8174924032568407,0,1,0,0.8174924032568407,0.0
TWN,9,9503,19,202509,32,12.43,817.91,0.8174924032568407,0,1,0,0.8174924032568407,0.0
TWN,9,9503,19,202510,33,11.62,764.93,0.8174924032568407,0,1,0,0.8174924032568407,0.0
TWN,9,9503,19,202511,34,12.4,816.02,0.8174924032568407,0,1,0,0.8174924032568407,0.0
TWN,9,9503,19,202512,35,7.73,508.53,0.8174924032568407,0,1,0,0.8174924032568407,0.0
VNM,10,3926,0,202301,0,32.97,5866.68,0.592931327318276,1,0,0,0.0,0.0
VNM,10,3926,0,202302,1,31.17,5518.92,0.592931327318276,1,0,0,0.0,0.0
VNM,10,3926,0,202303,2,34.82,6707.87,0.592931327318276,1,0,0,0.0,0.0
VNM,10,3926,0,202304,3,34.63,7216.51,0.592931327318276,1,0,0,0.0,0.0
VNM,10,3926,0,202305,4,37.42,8335.3,0.592931327318276,1,0,0,0.0,0.0
VNM,10,3926,0,202306,5,42.38,7730.4,0.592931327318276,1,0,0,0.0,0.0
VNM,10,3926,0,202307,6,46.61,9030.01,0.592931327318276,1,0,0,0.0,0.0
VNM,10,3926,0,202308,7,40.61,7478.99,0.592931327318276,1,0,0,0.0,0.0
VNM,10,3926,0,202309,8,42.46,7920.31,0.592931327318276,1,0,0,0.0,0.0
VNM,10,3926,0,202310,9,41.64,7692.57,0.592931327318276,1,0,0,0.0,0.0
VNM,10,3926,0,202311,10,32.58,6307.26,0.592931327318276,1,0,0,0.0,0.0
VNM,10,3926,0,202312,11,29.75,5638.89,0.592931327318276,1,0,0,0.0,0.0
VNM,10,3926,0,202401,12,32.51,5682.76,0.592931327318276,1,0,0,0.0,0.0
VNM,10,3926,0,202402,13,36.97,7026.88,0.592931327318276,1,0,0,0.0,0.0
VNM,10,3926,0,202403,14,40.42,7718.12,0.592931327318276,1,0,0,0.0,0.0
VNM,10,3926,0,202404,15,33.88,2234.5,0.592931327318276,1,0,0,0.0,0.0
VNM,10,3926,0,202405,16,49.04,3357.2,0.592931327318276,1,0,0,0.0,0.0
VNM,10,3926,0,202406,17,46.87,3278.99,0.592931327318276,1,0,0,0.0,0.0
VNM,10,3926,0,202407,18,45.04,3185.67,0.592931327318276,1,0,0,0.0,0.0
VNM,10,3926,0,202408,19,39.31,2762.92,0.592931327318276,1,0,0,0.0,0.0
VNM,10,3926,0,202409,20,43.37,3156.52,0.592931327318276,1,0,0,0.0,0.0
VNM,10,3926,0,202410,21,39.22,2659.59,0.592931327318276,1,0,0,0.0,0.0
VNM,10,3926,0,202411,22,37.63,2586.33,0.592931327318276,1,0,0,0.0,0.0
VNM,10,3926,0,202412,23,36.31,2515.88,0.592931327318276,1,0,0,0.0,0.0
VNM,10,3926,0,202501,24,46.16,3100.88,0.592931327318276,1,0,0,0.0,0.0
VNM,10,3926,0,202502,25,48.52,3190.14,0.592931327318276,1,0,0,0.0,0.0
VNM,10,3926,0,202503,26,47.14,3080.4,0.592931327318276,1,0,0,0.0,0.0
VNM,10,3926,0,202504,27,47.88,3523.05,0.592931327318276,1,1,1,0.592931327318276,0.592931327318276
VNM,10,3926,0,202505,28,55.73,4121.1,0.592931327318276,1,1,1,0.592931327318276,0.592931327318276
VNM,10,3926,0,202506,29,62.49,4760.94,0.592931327318276,1,1,1,0.592931327318276,0.592931327318276
VNM,10,3926,0,202507,30,67.35,4887.49,0.592931327318276,1,1,1,0.592931327318276,0.592931327318276
VNM,10,3926,0,202508,31,76.02,25672.53,0.592931327318276,1,1,1,0.592931327318276,0.592931327318276
VNM,10,3926,0,202509,32,69.31,10816.56,0.592931327318276,1,1,1,0.592931327318276,0.592931327318276
VNM,10,3926,0,202510,33,80.32,12787.93,0.592931327318276,1,1,1,0.592931327318276,0.592931327318276
VNM,10,3926,0,202511,34,68.75,5008.64,0.592931327318276,1,1,1,0.592931327318276,0.592931327318276
VNM,10,3926,0,202512,35,75.52,5274.7,0.592931327318276,1,1,1,0.592931327318276,0.592931327318276
VNM,10,4202,1,202301,0,106.71,5609.28,0.5082599842937704,1,0,0,0.0,0.0
VNM,10,4202,1,202302,1,87.46,5228.14,0.5082599842937704,1,0,0,0.0,0.0
VNM,10,4202,1,202303,2,73.79,3492.04,0.5082599842937704,1,0,0,0.0,0.0
VNM,10,4202,1,202304,3,83.59,4384.29,0.5082599842937704,1,0,0,0.0,0.0
VNM,10,4202,1,202305,4,91.51,4489.22,0.5082599842937704,1,0,0,0.0,0.0
VNM,10,4202,1,202306,5,109.38,5787.83,0.5082599842937704,1,0,0,0.0,0.0
VNM,10,4202,1,202307,6,109.94,5354.43,0.5082599842937704,1,0,0,0.0,0.0
VNM,10,4202,1,202308,7,105.82,5570.98,0.5082599842937704,1,0,0,0.0,0.0
VNM,10,4202,1,202309,8,115.42,6372.02,0.5082599842937704,1,0,0,0.0,0.0
VNM,10,4202,1,202310,9,89.07,4965.67,0.5082599842937704,1,0,0,0.0,0.0
VNM,10,4202,1,202311,10,84.28,4845.18,0.5082599842937704,1,0,0,0.0,0.0
VNM,10,4202,1,202312,11,93.54,4957.55,0.5082599842937704,1,0,0,0.0,0.0
VNM,10,4202,1,202401,12,102.53,5573.3,0.5082599842937704,1,0,0,0.0,0.0
VNM,10,4202,1,202402,13,101.07,5970.75,0.5082599842937704,1,0,0,0.0,0.0
VNM,10,4202,1,202403,14,92.65,5762.38,0.5082599842937704,1,0,0,0.0,0.0
VNM,10,4202,1,202404,15,92.05,3417.17,0.5082599842937704,1,0,0,0.0,0.0
VNM,10,4202,1,202405,16,101.21,3669.65,0.5082599842937704,1,0,0,0.0,0.0
VNM,10,4202,1,202406,17,106.56,3594.24,0.5082599842937704,1,0,0,0.0,0.0
VNM,10,4202,1,202407,18,117.08,4217.89,0.5082599842937704,1,0,0,0.0,0.0
VNM,10,4202,1,202408,19,131.96,4620.66,0.5082599842937704,1,0,0,0.0,0.0
VNM,10,4202,1,202409,20,142.4,4827.61,0.5082599842937704,1,0,0,0.0,0.0
VNM,10,4202,1,202410,21,132.19,4707.22,0.5082599842937704,1,0,0,0.0,0.0
VNM,10,4202,1,202411,22,88.12,3245.12,0.5082599842937704,1,0,0,0.0,0.0
VNM,10,4202,1,202412,23,109.99,4226.54,0.5082599842937704,1,0,0,0.0,0.0
VNM,10,4202,1,202501,24,125.47,4822.03,0.5082599842937704,1,0,0,0.0,0.0
VNM,10,4202,1,202502,25,99.27,3897.12,0.5082599842937704,1,0,0,0.0,0.0
VNM,10,4202,1,202503,26,116.27,4388.78,0.5082599842937704,1,0,0,0.0,0.0
VNM,10,4202,1,202504,27,114.15,4419.59,0.5082599842937704,1,1,1,0.5082599842937704,0.5082599842937704
VNM,10,4202,1,202505,28,122.48,4976.58,0.5082599842937704,1,1,1,0.5082599842937704,0.5082599842937704
VNM,10,4202,1,202506,29,128.21,4718.86,0.5082599842937704,1,1,1,0.5082599842937704,0.5082599842937704
VNM,10,4202,1,202507,30,140.61,5307.16,0.5082599842937704,1,1,1,0.5082599842937704,0.5082599842937704
VNM,10,4202,1,202508,31,140.86,8064.33,0.5082599842937704,1,1,1,0.5082599842937704,0.5082599842937704
VNM,10,4202,1,202509,32,132.08,10567.67,0.5082599842937704,1,1,1,0.5082599842937704,0.5082599842937704
VNM,10,4202,1,202510,33,123.46,8957.25,0.5082599842937704,1,1,1,0.5082599842937704,0.5082599842937704
VNM,10,4202,1,202511,34,119.74,4630.15,0.5082599842937704,1,1,1,0.5082599842937704,0.5082599842937704
VNM,10,4202,1,202512,35,123.84,4731.76,0.5082599842937704,1,1,1,0.5082599842937704,0.5082599842937704
VNM,10,6110,2,202301,0,165.75,7186.44,0.43468577984429585,1,0,0,0.0,0.0
VNM,10,6110,2,202302,1,133.49,5607.82,0.43468577984429585,1,0,0,0.0,0.0
VNM,10,6110,2,202303,2,129.96,5548.03,0.43468577984429585,1,0,0,0.0,0.0
VNM,10,6110,2,202304,3,132.98,6011.2,0.43468577984429585,1,0,0,0.0,0.0
VNM,10,6110,2,202305,4,174.94,8331.8,0.43468577984429585,1,0,0,0.0,0.0
VNM,10,6110,2,202306,5,204.42,9474.8,0.43468577984429585,1,0,0,0.0,0.0
VNM,10,6110,2,202307,6,248.36,12338.06,0.43468577984429585,1,0,0,0.0,0.0
VNM,10,6110,2,202308,7,275.02,13836.58,0.43468577984429585,1,0,0,0.0,0.0
VNM,10,6110,2,202309,8,253.83,12452.56,0.43468577984429585,1,0,0,0.0,0.0
VNM,10,6110,2,202310,9,204.36,10426.45,0.43468577984429585,1,0,0,0.0,0.0
VNM,10,6110,2,202311,10,161.13,8126.12,0.43468577984429585,1,0,0,0.0,0.0
VNM,10,6110,2,202312,11,129.25,6265.83,0.43468577984429585,1,0,0,0.0,0.0
VNM,10,6110,2,202401,12,138.62,6428.08,0.43468577984429585,1,0,0,0.0,0.0
VNM,10,6110,2,202402,13,114.97,5401.62,0.43468577984429585,1,0,0,0.0,0.0
VNM,10,6110,2,202403,14,105.2,4707.42,0.43468577984429585,1,0,0,0.0,0.0
VNM,10,6110,2,202404,15,99.6,3257.59,0.43468577984429585,1,0,0,0.0,0.0
VNM,10,6110,2,202405,16,137.19,4515.19,0.43468577984429585,1,0,0,0.0,0.0
VNM,10,6110,2,202406,17,178.44,5795.83,0.43468577984429585,1,0,0,0.0,0.0
VNM,10,6110,2,202407,18,247.18,8309.72,0.43468577984429585,1,0,0,0.0,0.0
VNM,10,6110,2,202408,19,277.54,9296.36,0.43468577984429585,1,0,0,0.0,0.0
VNM,10,6110,2,202409,20,320.47,10880.15,0.43468577984429585,1,0,0,0.0,0.0
VNM,10,6110,2,202410,21,269.49,9196.92,0.43468577984429585,1,0,0,0.0,0.0
VNM,10,6110,2,202411,22,191.65,6549.42,0.43468577984429585,1,0,0,0.0,0.0
VNM,10,6110,2,202412,23,169.95,5817.99,0.43468577984429585,1,0,0,0.0,0.0
VNM,10,6110,2,202501,24,170.92,5868.89,0.43468577984429585,1,0,0,0.0,0.0
VNM,10,6110,2,202502,25,123.87,4224.81,0.43468577984429585,1,0,0,0.0,0.0
VNM,10,6110,2,202503,26,132.11,4548.5,0.43468577984429585,1,0,0,0.0,0.0
VNM,10,6110,2,202504,27,124.66,4272.87,0.43468577984429585,1,1,1,0.43468577984429585,0.43468577984429585
VNM,10,6110,2,202505,28,167.7,5680.38,0.43468577984429585,1,1,1,0.43468577984429585,0.43468577984429585
VNM,10,6110,2,202506,29,222.19,7400.36,0.43468577984429585,1,1,1,0.43468577984429585,0.43468577984429585
VNM,10,6110,2,202507,30,295.51,9691.33,0.43468577984429585,1,1,1,0.43468577984429585,0.43468577984429585
VNM,10,6110,2,202508,31,298.93,16098.41,0.43468577984429585,1,1,1,0.43468577984429585,0.43468577984429585
VNM,10,6110,2,202509,32,314.31,15657.53,0.43468577984429585,1,1,1,0.43468577984429585,0.43468577984429585
VNM,10,6110,2,202510,33,256.34,12759.49,0.43468577984429585,1,1,1,0.43468577984429585,0.43468577984429585
VNM,10,6110,2,202511,34,199.61,6421.96,0.43468577984429585,1,1,1,0.43468577984429585,0.43468577984429585
VNM,10,6110,2,202512,35,209.14,6791.32,0.43468577984429585,1,1,1,0.43468577984429585,0.43468577984429585
VNM,10,6204,3,202301,0,205.13,8810.84,0.42349635741507496,1,0,0,0.0,0.0
VNM,10,6204,3,202302,1,183.12,7531.83,0.42349635741507496,1,0,0,0.0,0.0
VNM,10,6204,3,202303,2,169.87,6470.22,0.42349635741507496,1,0,0,0.0,0.0
VNM,10,6204,3,202304,3,157.94,6391.83,0.42349635741507496,1,0,0,0.0,0.0
VNM,10,6204,3,202305,4,143.5,6112.79,0.42349635741507496,1,0,0,0.0,0.0
VNM,10,6204,3,202306,5,147.8,6603.94,0.42349635741507496,1,0,0,0.0,0.0
VNM,10,6204,3,202307,6,181.88,7731.07,0.42349635741507496,1,0,0,0.0,0.0
VNM,10,6204,3,202308,7,132.49,5983.39,0.42349635741507496,1,0,0,0.0,0.0
VNM,10,6204,3,202309,8,130.02,6132.23,0.42349635741507496,1,0,0,0.0,0.0
VNM,10,6204,3,202310,9,109.7,4837.07,0.42349635741507496,1,0,0,0.0,0.0
VNM,10,6204,3,202311,10,105.43,5130.35,0.42349635741507496,1,0,0,0.0,0.0
VNM,10,6204,3,202312,11,151.95,6689.35,0.42349635741507496,1,0,0,0.0,0.0
VNM,10,6204,3,202401,12,210.38,9755.54,0.42349635741507496,1,0,0,0.0,0.0
VNM,10,6204,3,202402,13,229.18,10719.29,0.42349635741507496,1,0,0,0.0,0.0
VNM,10,6204,3,202403,14,174.8,7341.15,0.42349635741507496,1,0,0,0.0,0.0
VNM,10,6204,3,202404,15,177.4,4809.88,0.42349635741507496,1,0,0,0.0,0.0
VNM,10,6204,3,202405,16,151.4,4115.3,0.42349635741507496,1,0,0,0.0,0.0
VNM,10,6204,3,202406,17,152.79,4379.3,0.42349635741507496,1,0,0,0.0,0.0
VNM,10,6204,3,202407,18,183.27,5806.44,0.42349635741507496,1,0,0,0.0,0.0
VNM,10,6204,3,202408,19,136.67,4228.55,0.42349635741507496,1,0,0,0.0,0.0
VNM,10,6204,3,202409,20,143.94,4695.24,0.42349635741507496,1,0,0,0.0,0.0
VNM,10,6204,3,202410,21,133.57,4117.7,0.42349635741507496,1,0,0,0.0,0.0
VNM,10,6204,3,202411,22,114.54,3400.08,0.42349635741507496,1,0,0,0.0,0.0
VNM,10,6204,3,202412,23,164.95,5159.13,0.42349635741507496,1,0,0,0.0,0.0
VNM,10,6204,3,202501,24,245.25,7336.48,0.42349635741507496,1,0,0,0.0,0.0
VNM,10,6204,3,202502,25,197.02,5773.5,0.42349635741507496,1,0,0,0.0,0.0
VNM,10,6204,3,202503,26,208.4,6098.72,0.42349635741507496,1,0,0,0.0,0.0
VNM,10,6204,3,202504,27,213.51,6342.3,0.42349635741507496,1,1,1,0.42349635741507496,0.42349635741507496
VNM,10,6204,3,202505,28,166.0,5057.12,0.42349635741507496,1,1,1,0.42349635741507496,0.42349635741507496
VNM,10,6204,3,202506,29,184.41,5974.41,0.42349635741507496,1,1,1,0.42349635741507496,0.42349635741507496
VNM,10,6204,3,202507,30,185.92,5904.81,0.42349635741507496,1,1,1,0.42349635741507496,0.42349635741507496
VNM,10,6204,3,202508,31,146.88,7078.66,0.42349635741507496,1,1,1,0.42349635741507496,0.42349635741507496
VNM,10,6204,3,202509,32,151.83,7060.4,0.42349635741507496,1,1,1,0.42349635741507496,0.42349635741507496
VNM,10,6204,3,202510,33,136.45,5914.26,0.42349635741507496,1,1,1,0.42349635741507496,0.42349635741507496
VNM,10,6204,3,202511,34,114.48,3591.62,0.42349635741507496,1,1,1,0.42349635741507496,0.42349635741507496
VNM,10,6204,3,202512,35,180.45,5588.98,0.42349635741507496,1,1,1,0.42349635741507496,0.42349635741507496
VNM,10,6402,4,202301,0,125.18,5039.33,0.6876787251706538,1,0,0,0.0,0.0
VNM,10,6402,4,202302,1,93.56,3769.32,0.6876787251706538,1,0,0,0.0,0.0
VNM,10,6402,4,202303,2,106.68,4245.22,0.6876787251706538,1,0,0,0.0,0.0
VNM,10,6402,4,202304,3,105.87,4217.83,0.6876787251706538,1,0,0,0.0,0.0
VNM,10,6402,4,202305,4,118.05,4757.66,0.6876787251706538,1,0,0,0.0,0.0
VNM,10,6402,4,202306,5,112.05,4535.95,0.6876787251706538,1,0,0,0.0,0.0
VNM,10,6402,4,202307,6,109.66,4040.84,0.6876787251706538,1,0,0,0.0,0.0
VNM,10,6402,4,202308,7,138.5,5183.49,0.6876787251706538,1,0,0,0.0,0.0
VNM,10,6402,4,202309,8,114.08,4289.67,0.6876787251706538,1,0,0,0.0,0.0
VNM,10,6402,4,202310,9,100.81,3633.01,0.6876787251706538,1,0,0,0.0,0.0
VNM,10,6402,4,202311,10,120.96,4375.83,0.6876787251706538,1,0,0,0.0,0.0
VNM,10,6402,4,202312,11,142.01,4983.15,0.6876787251706538,1,0,0,0.0,0.0
VNM,10,6402,4,202401,12,157.54,5657.26,0.6876787251706538,1,0,0,0.0,0.0
VNM,10,6402,4,202402,13,141.87,5129.13,0.6876787251706538,1,0,0,0.0,0.0
VNM,10,6402,4,202403,14,134.57,4886.21,0.6876787251706538,1,0,0,0.0,0.0
VNM,10,6402,4,202404,15,118.68,4302.86,0.6876787251706538,1,0,0,0.0,0.0
VNM,10,6402,4,202405,16,141.68,5046.61,0.6876787251706538,1,0,0,0.0,0.0
VNM,10,6402,4,202406,17,137.55,4934.25,0.6876787251706538,1,0,0,0.0,0.0
VNM,10,6402,4,202407,18,124.26,4902.33,0.6876787251706538,1,0,0,0.0,0.0
VNM,10,6402,4,202408,19,128.08,5118.77,0.6876787251706538,1,0,0,0.0,0.0
VNM,10,6402,4,202409,20,142.34,5734.22,0.6876787251706538,1,0,0,0.0,0.0
VNM,10,6402,4,202410,21,126.25,4981.74,0.6876787251706538,1,0,0,0.0,0.0
VNM,10,6402,4,202411,22,137.67,5365.21,0.6876787251706538,1,0,0,0.0,0.0
VNM,10,6402,4,202412,23,158.54,6148.11,0.6876787251706538,1,0,0,0.0,0.0
VNM,10,6402,4,202501,24,162.03,6488.33,0.6876787251706538,1,0,0,0.0,0.0
VNM,10,6402,4,202502,25,135.03,5419.93,0.6876787251706538,1,0,0,0.0,0.0
VNM,10,6402,4,202503,26,165.82,6691.28,0.6876787251706538,1,0,0,0.0,0.0
VNM,10,6402,4,202504,27,179.61,7071.61,0.6876787251706538,1,1,1,0.6876787251706538,0.6876787251706538
VNM,10,6402,4,202505,28,173.3,6857.47,0.6876787251706538,1,1,1,0.6876787251706538,0.6876787251706538
VNM,10,6402,4,202506,29,184.09,7337.03,0.6876787251706538,1,1,1,0.6876787251706538,0.6876787251706538
VNM,10,6402,4,202507,30,151.66,6062.7,0.6876787251706538,1,1,1,0.6876787251706538,0.6876787251706538
VNM,10,6402,4,202508,31,176.53,6897.09,0.6876787251706538,1,1,1,0.6876787251706538,0.6876787251706538
VNM,10,6402,4,202509,32,161.05,6303.16,0.6876787251706538,1,1,1,0.6876787251706538,0.6876787251706538
VNM,10,6402,4,202510,33,138.09,5307.2,0.6876787251706538,1,1,1,0.6876787251706538,0.6876787251706538
VNM,10,6402,4,202511,34,148.03,5520.88,0.6876787251706538,1,1,1,0.6876787251706538,0.6876787251706538
VNM,10,6402,4,202512,35,193.14,7231.3,0.6876787251706538,1,1,1,0.6876787251706538,0.6876787251706538
VNM,10,6403,5,202301,0,252.15,6629.73,0.3564216173855382,1,0,0,0.0,0.0
VNM,10,6403,5,202302,1,213.24,5577.87,0.3564216173855382,1,0,0,0.0,0.0
VNM,10,6403,5,202303,2,219.02,5699.41,0.3564216173855382,1,0,0,0.0,0.0
VNM,10,6403,5,202304,3,200.37,5227.59,0.3564216173855382,1,0,0,0.0,0.0
VNM,10,6403,5,202305,4,288.65,7574.97,0.3564216173855382,1,0,0,0.0,0.0
VNM,10,6403,5,202306,5,287.25,7477.05,0.3564216173855382,1,0,0,0.0,0.0
VNM,10,6403,5,202307,6,302.3,6936.24,0.3564216173855382,1,0,0,0.0,0.0
VNM,10,6403,5,202308,7,372.45,8507.88,0.3564216173855382,1,0,0,0.0,0.0
VNM,10,6403,5,202309,8,335.38,7696.15,0.3564216173855382,1,0,0,0.0,0.0
VNM,10,6403,5,202310,9,274.08,6301.4,0.3564216173855382,1,0,0,0.0,0.0
VNM,10,6403,5,202311,10,249.42,5749.94,0.3564216173855382,1,0,0,0.0,0.0
VNM,10,6403,5,202312,11,255.42,5710.46,0.3564216173855382,1,0,0,0.0,0.0
VNM,10,6403,5,202401,12,307.19,6934.22,0.3564216173855382,1,0,0,0.0,0.0
VNM,10,6403,5,202402,13,254.01,5697.97,0.3564216173855382,1,0,0,0.0,0.0
VNM,10,6403,5,202403,14,242.56,5456.48,0.3564216173855382,1,0,0,0.0,0.0
VNM,10,6403,5,202404,15,222.25,4991.29,0.3564216173855382,1,0,0,0.0,0.0
VNM,10,6403,5,202405,16,293.5,6606.07,0.3564216173855382,1,0,0,0.0,0.0
VNM,10,6403,5,202406,17,320.84,7241.74,0.3564216173855382,1,0,0,0.0,0.0
VNM,10,6403,5,202407,18,352.87,7689.61,0.3564216173855382,1,0,0,0.0,0.0
VNM,10,6403,5,202408,19,390.11,8500.64,0.3564216173855382,1,0,0,0.0,0.0
VNM,10,6403,5,202409,20,403.09,8759.35,0.3564216173855382,1,0,0,0.0,0.0
VNM,10,6403,5,202410,21,359.59,7942.76,0.3564216173855382,1,0,0,0.0,0.0
VNM,10,6403,5,202411,22,246.26,5380.88,0.3564216173855382,1,0,0,0.0,0.0
VNM,10,6403,5,202412,23,285.64,6243.21,0.3564216173855382,1,0,0,0.0,0.0
VNM,10,6403,5,202501,24,295.19,6465.02,0.3564216173855382,1,0,0,0.0,0.0
VNM,10,6403,5,202502,25,242.17,5327.25,0.3564216173855382,1,0,0,0.0,0.0
VNM,10,6403,5,202503,26,240.5,5294.44,0.3564216173855382,1,0,0,0.0,0.0
VNM,10,6403,5,202504,27,275.72,6065.14,0.3564216173855382,1,1,1,0.3564216173855382,0.3564216173855382
VNM,10,6403,5,202505,28,315.02,6893.54,0.3564216173855382,1,1,1,0.3564216173855382,0.3564216173855382
VNM,10,6403,5,202506,29,364.81,7941.83,0.3564216173855382,1,1,1,0.3564216173855382,0.3564216173855382
VNM,10,6403,5,202507,30,365.57,7935.83,0.3564216173855382,1,1,1,0.3564216173855382,0.3564216173855382
VNM,10,6403,5,202508,31,392.42,8770.78,0.3564216173855382,1,1,1,0.3564216173855382,0.3564216173855382
VNM,10,6403,5,202509,32,371.5,8362.77,0.3564216173855382,1,1,1,0.3564216173855382,0.3564216173855382
VNM,10,6403,5,202510,33,268.01,6081.45,0.3564216173855382,1,1,1,0.3564216173855382,0.3564216173855382
VNM,10,6403,5,202511,34,261.77,5964.25,0.3564216173855382,1,1,1,0.3564216173855382,0.3564216173855382
VNM,10,6403,5,202512,35,271.46,6133.56,0.3564216173855382,1,1,1,0.3564216173855382,0.3564216173855382
VNM,10,7326,6,202301,0,15.04,5757.87,0.371942620179757,1,0,0,0.0,0.0
VNM,10,7326,6,202302,1,13.29,4804.74,0.371942620179757,1,0,0,0.0,0.0
VNM,10,7326,6,202303,2,8.2,2673.67,0.371942620179757,1,0,0,0.0,0.0
VNM,10,7326,6,202304,3,8.01,2567.69,0.371942620179757,1,0,0,0.0,0.0
VNM,10,7326,6,202305,4,8.53,2362.01,0.371942620179757,1,0,0,0.0,0.0
VNM,10,7326,6,202306,5,5.96,1702.77,0.371942620179757,1,0,0,0.0,0.0
VNM,10,7326,6,202307,6,6.5,1868.45,0.371942620179757,1,0,0,0.0,0.0
VNM,10,7326,6,202308,7,5.72,1484.96,0.371942620179757,1,0,0,0.0,0.0
VNM,10,7326,6,202309,8,6.15,1303.13,0.371942620179757,1,0,0,0.0,0.0
VNM,10,7326,6,202310,9,6.89,1615.91,0.371942620179757,1,0,0,0.0,0.0
VNM,10,7326,6,202311,10,6.23,1709.24,0.371942620179757,1,0,0,0.0,0.0
VNM,10,7326,6,202312,11,7.26,2226.0,0.371942620179757,1,0,0,0.0,0.0
VNM,10,7326,6,202401,12,9.11,2962.58,0.371942620179757,1,0,0,0.0,0.0
VNM,10,7326,6,202402,13,9.31,2818.59,0.371942620179757,1,0,0,0.0,0.0
VNM,10,7326,6,202403,14,6.32,2001.69,0.371942620179757,1,0,0,0.0,0.0
VNM,10,7326,6,202404,15,7.98,2067.58,0.371942620179757,1,0,0,0.0,0.0
VNM,10,7326,6,202405,16,9.29,2359.26,0.371942620179757,1,0,0,0.0,0.0
VNM,10,7326,6,202406,17,7.24,2019.4,0.371942620179757,1,0,0,0.0,0.0
VNM,10,7326,6,202407,18,9.96,3147.36,0.371942620179757,1,0,0,0.0,0.0
VNM,10,7326,6,202408,19,9.27,2368.2,0.371942620179757,1,0,0,0.0,0.0
VNM,10,7326,6,202409,20,10.51,2797.84,0.371942620179757,1,0,0,0.0,0.0
VNM,10,7326,6,202410,21,10.91,2635.13,0.371942620179757,1,0,0,0.0,0.0
VNM,10,7326,6,202411,22,11.8,2882.34,0.371942620179757,1,0,0,0.0,0.0
VNM,10,7326,6,202412,23,13.03,3978.95,0.371942620179757,1,0,0,0.0,0.0
VNM,10,7326,6,202501,24,15.97,4558.55,0.371942620179757,1,0,0,0.0,0.0
VNM,10,7326,6,202502,25,14.89,3947.21,0.371942620179757,1,0,0,0.0,0.0
VNM,10,7326,6,202503,26,13.82,3856.08,0.371942620179757,1,0,0,0.0,0.0
VNM,10,7326,6,202504,27,14.54,3824.71,0.371942620179757,1,1,1,0.371942620179757,0.371942620179757
VNM,10,7326,6,202505,28,11.65,2907.97,0.371942620179757,1,1,1,0.371942620179757,0.371942620179757
VNM,10,7326,6,202506,29,11.05,2983.43,0.371942620179757,1,1,1,0.371942620179757,0.371942620179757
VNM,10,7326,6,202507,30,14.84,3953.83,0.371942620179757,1,1,1,0.371942620179757,0.371942620179757
VNM,10,7326,6,202508,31,12.47,3524.31,0.371942620179757,1,1,1,0.371942620179757,0.371942620179757
VNM,10,7326,6,202509,32,14.27,3701.46,0.371942620179757,1,1,1,0.371942620179757,0.371942620179757
VNM,10,7326,6,202510,33,16.38,4843.54,0.371942620179757,1,1,1,0.371942620179757,0.371942620179757
VNM,10,7326,6,202511,34,14.8,4797.47,0.371942620179757,1,1,1,0.371942620179757,0.371942620179757
VNM,10,7326,6,202512,35,15.36,5848.73,0.371942620179757,1,1,1,0.371942620179757,0.371942620179757
VNM,10,8443,7,202301,0,118.48,4852.73,0.1675662022525517,1,0,0,0.0,0.0
VNM,10,8443,7,202302,1,102.34,4203.93,0.1675662022525517,1,0,0,0.0,0.0
VNM,10,8443,7,202303,2,103.54,4062.16,0.1675662022525517,1,0,0,0.0,0.0
VNM,10,8443,7,202304,3,66.09,2402.65,0.1675662022525517,1,0,0,0.0,0.0
VNM,10,8443,7,202305,4,77.86,2780.42,0.1675662022525517,1,0,0,0.0,0.0
VNM,10,8443,7,202306,5,84.72,2763.07,0.1675662022525517,1,0,0,0.0,0.0
VNM,10,8443,7,202307,6,99.38,3326.76,0.1675662022525517,1,0,0,0.0,0.0
VNM,10,8443,7,202308,7,108.63,3892.48,0.1675662022525517,1,0,0,0.0,0.0
VNM,10,8443,7,202309,8,106.54,3836.88,0.1675662022525517,1,0,0,0.0,0.0
VNM,10,8443,7,202310,9,93.28,3090.97,0.1675662022525517,1,0,0,0.0,0.0
VNM,10,8443,7,202311,10,130.73,4778.74,0.1675662022525517,1,0,0,0.0,0.0
VNM,10,8443,7,202312,11,111.21,4101.63,0.1675662022525517,1,0,0,0.0,0.0
VNM,10,8443,7,202401,12,98.83,3520.66,0.1675662022525517,1,0,0,0.0,0.0
VNM,10,8443,7,202402,13,87.19,2945.91,0.1675662022525517,1,0,0,0.0,0.0
VNM,10,8443,7,202403,14,121.72,4324.72,0.1675662022525517,1,0,0,0.0,0.0
VNM,10,8443,7,202404,15,107.59,3528.01,0.1675662022525517,1,0,0,0.0,0.0
VNM,10,8443,7,202405,16,91.58,3032.57,0.1675662022525517,1,0,0,0.0,0.0
VNM,10,8443,7,202406,17,70.99,2494.34,0.1675662022525517,1,0,0,0.0,0.0
VNM,10,8443,7,202407,18,94.08,3292.83,0.1675662022525517,1,0,0,0.0,0.0
VNM,10,8443,7,202408,19,112.0,4067.16,0.1675662022525517,1,0,0,0.0,0.0
VNM,10,8443,7,202409,20,123.64,4608.17,0.1675662022525517,1,0,0,0.0,0.0
VNM,10,8443,7,202410,21,108.35,3962.3,0.1675662022525517,1,0,0,0.0,0.0
VNM,10,8443,7,202411,22,113.61,4132.87,0.1675662022525517,1,0,0,0.0,0.0
VNM,10,8443,7,202412,23,119.85,4375.84,0.1675662022525517,1,0,0,0.0,0.0
VNM,10,8443,7,202501,24,127.81,4763.02,0.1675662022525517,1,0,0,0.0,0.0
VNM,10,8443,7,202502,25,91.79,3104.26,0.1675662022525517,1,0,0,0.0,0.0
VNM,10,8443,7,202503,26,100.77,3593.45,0.1675662022525517,1,0,0,0.0,0.0
VNM,10,8443,7,202504,27,98.69,3316.14,0.1675662022525517,1,1,1,0.1675662022525517,0.1675662022525517
VNM,10,8443,7,202505,28,116.41,3881.48,0.1675662022525517,1,1,1,0.1675662022525517,0.1675662022525517
VNM,10,8443,7,202506,29,116.38,4294.68,0.1675662022525517,1,1,1,0.1675662022525517,0.1675662022525517
VNM,10,8443,7,202507,30,113.13,4239.29,0.1675662022525517,1,1,1,0.1675662022525517,0.1675662022525517
VNM,10,8443,7,202508,31,109.72,4229.1,0.1675662022525517,1,1,1,0.1675662022525517,0.1675662022525517
VNM,10,8443,7,202509,32,119.1,4642.59,0.1675662022525517,1,1,1,0.1675662022525517,0.1675662022525517
VNM,10,8443,7,202510,33,97.2,3641.48,0.1675662022525517,1,1,1,0.1675662022525517,0.1675662022525517
VNM,10,8443,7,202511,34,103.97,4052.57,0.1675662022525517,1,1,1,0.1675662022525517,0.1675662022525517
VNM,10,8443,7,202512,35,102.62,3877.53,0.1675662022525517,1,1,1,0.1675662022525517,0.1675662022525517
VNM,10,8471,8,202301,0,326.86,1306.18,0.39643031296790476,1,0,0,0.0,0.0
VNM,10,8471,8,202302,1,380.63,1493.44,0.39643031296790476,1,0,0,0.0,0.0
VNM,10,8471,8,202303,2,635.56,2390.72,0.39643031296790476,1,0,0,0.0,0.0
VNM,10,8471,8,202304,3,498.13,1919.59,0.39643031296790476,1,0,0,0.0,0.0
VNM,10,8471,8,202305,4,736.35,2776.95,0.39643031296790476,1,0,0,0.0,0.0
VNM,10,8471,8,202306,5,835.46,2988.55,0.39643031296790476,1,0,0,0.0,0.0
VNM,10,8471,8,202307,6,800.04,2870.49,0.39643031296790476,1,0,0,0.0,0.0
VNM,10,8471,8,202308,7,881.57,3203.92,0.39643031296790476,1,0,0,0.0,0.0
VNM,10,8471,8,202309,8,931.16,3324.28,0.39643031296790476,1,0,0,0.0,0.0
VNM,10,8471,8,202310,9,1169.68,4073.13,0.39643031296790476,1,0,0,0.0,0.0
VNM,10,8471,8,202311,10,1272.32,4510.78,0.39643031296790476,1,0,0,0.0,0.0
VNM,10,8471,8,202312,11,1018.89,3640.36,0.39643031296790476,1,0,0,0.0,0.0
VNM,10,8471,8,202401,12,983.91,3562.87,0.39643031296790476,1,0,0,0.0,0.0
VNM,10,8471,8,202402,13,1170.61,4025.32,0.39643031296790476,1,0,0,0.0,0.0
VNM,10,8471,8,202403,14,1175.91,4027.11,0.39643031296790476,1,0,0,0.0,0.0
VNM,10,8471,8,202404,15,1233.38,4342.76,0.39643031296790476,1,0,0,0.0,0.0
VNM,10,8471,8,202405,16,1517.08,5377.65,0.39643031296790476,1,0,0,0.0,0.0
VNM,10,8471,8,202406,17,1450.86,5032.12,0.39643031296790476,1,0,0,0.0,0.0
VNM,10,8471,8,202407,18,1548.56,5365.48,0.39643031296790476,1,0,0,0.0,0.0
VNM,10,8471,8,202408,19,1357.68,4764.7,0.39643031296790476,1,0,0,0.0,0.0
VNM,10,8471,8,202409,20,1420.81,5062.54,0.39643031296790476,1,0,0,0.0,0.0
VNM,10,8471,8,202410,21,1386.75,5031.45,0.39643031296790476,1,0,0,0.0,0.0
VNM,10,8471,8,202411,22,1413.86,4958.15,0.39643031296790476,1,0,0,0.0,0.0
VNM,10,8471,8,202412,23,1314.86,4649.26,0.39643031296790476,1,0,0,0.0,0.0
VNM,10,8471,8,202501,24,1636.76,5731.11,0.39643031296790476,1,0,0,0.0,0.0
VNM,10,8471,8,202502,25,1483.89,5064.05,0.39643031296790476,1,0,0,0.0,0.0
VNM,10,8471,8,202503,26,2651.69,9151.07,0.39643031296790476,1,0,0,0.0,0.0
VNM,10,8471,8,202504,27,2935.97,10240.8,0.39643031296790476,1,1,1,0.39643031296790476,0.39643031296790476
VNM,10,8471,8,202505,28,3563.19,12283.59,0.39643031296790476,1,1,1,0.39643031296790476,0.39643031296790476
VNM,10,8471,8,202506,29,4056.88,14267.56,0.39643031296790476,1,1,1,0.39643031296790476,0.39643031296790476
VNM,10,8471,8,202507,30,3664.16,12612.78,0.39643031296790476,1,1,1,0.39643031296790476,0.39643031296790476
VNM,10,8471,8,202508,31,2917.79,10115.44,0.39643031296790476,1,1,1,0.39643031296790476,0.39643031296790476
VNM,10,8471,8,202509,32,2997.21,10349.25,0.39643031296790476,1,1,1,0.39643031296790476,0.39643031296790476
VNM,10,8471,8,202510,33,2980.08,10391.04,0.39643031296790476,1,1,1,0.39643031296790476,0.39643031296790476
VNM,10,8471,8,202511,34,2723.79,9478.69,0.39643031296790476,1,1,1,0.39643031296790476,0.39643031296790476
VNM,10,8471,8,202512,35,2762.23,9765.74,0.39643031296790476,1,1,1,0.39643031296790476,0.39643031296790476
VNM,10,8473,9,202301,0,95.76,360.67,0.20922547448162448,1,0,0,0.0,0.0
VNM,10,8473,9,202302,1,90.85,372.13,0.20922547448162448,1,0,0,0.0,0.0
VNM,10,8473,9,202303,2,149.67,600.75,0.20922547448162448,1,0,0,0.0,0.0
VNM,10,8473,9,202304,3,117.95,472.67,0.20922547448162448,1,0,0,0.0,0.0
VNM,10,8473,9,202305,4,114.63,429.81,0.20922547448162448,1,0,0,0.0,0.0
VNM,10,8473,9,202306,5,191.8,695.88,0.20922547448162448,1,0,0,0.0,0.0
VNM,10,8473,9,202307,6,278.42,1061.0,0.20922547448162448,1,0,0,0.0,0.0
VNM,10,8473,9,202308,7,134.98,510.53,0.20922547448162448,1,0,0,0.0,0.0
VNM,10,8473,9,202309,8,241.16,913.0,0.20922547448162448,1,0,0,0.0,0.0
VNM,10,8473,9,202310,9,290.28,1094.81,0.20922547448162448,1,0,0,0.0,0.0
VNM,10,8473,9,202311,10,246.65,926.42,0.20922547448162448,1,0,0,0.0,0.0
VNM,10,8473,9,202312,11,391.77,1500.56,0.20922547448162448,1,0,0,0.0,0.0
VNM,10,8473,9,202401,12,180.2,699.81,0.20922547448162448,1,0,0,0.0,0.0
VNM,10,8473,9,202402,13,222.88,861.95,0.20922547448162448,1,0,0,0.0,0.0
VNM,10,8473,9,202403,14,479.05,1836.08,0.20922547448162448,1,0,0,0.0,0.0
VNM,10,8473,9,202404,15,315.26,1215.24,0.20922547448162448,1,0,0,0.0,0.0
VNM,10,8473,9,202405,16,497.04,1913.18,0.20922547448162448,1,0,0,0.0,0.0
VNM,10,8473,9,202406,17,437.12,1674.81,0.20922547448162448,1,0,0,0.0,0.0
VNM,10,8473,9,202407,18,509.02,1915.52,0.20922547448162448,1,0,0,0.0,0.0
VNM,10,8473,9,202408,19,623.09,2329.56,0.20922547448162448,1,0,0,0.0,0.0
VNM,10,8473,9,202409,20,740.71,2783.11,0.20922547448162448,1,0,0,0.0,0.0
VNM,10,8473,9,202410,21,555.88,2097.92,0.20922547448162448,1,0,0,0.0,0.0
VNM,10,8473,9,202411,22,808.09,3081.79,0.20922547448162448,1,0,0,0.0,0.0
VNM,10,8473,9,202412,23,970.98,3654.9,0.20922547448162448,1,0,0,0.0,0.0
VNM,10,8473,9,202501,24,767.68,2894.27,0.20922547448162448,1,0,0,0.0,0.0
VNM,10,8473,9,202502,25,713.57,2686.87,0.20922547448162448,1,0,0,0.0,0.0
VNM,10,8473,9,202503,26,1210.03,4514.26,0.20922547448162448,1,0,0,0.0,0.0
VNM,10,8473,9,202504,27,788.65,2954.35,0.20922547448162448,1,1,1,0.20922547448162448,0.20922547448162448
VNM,10,8473,9,202505,28,841.85,3170.16,0.20922547448162448,1,1,1,0.20922547448162448,0.20922547448162448
VNM,10,8473,9,202506,29,990.85,3741.29,0.20922547448162448,1,1,1,0.20922547448162448,0.20922547448162448
VNM,10,8473,9,202507,30,1024.5,3870.23,0.20922547448162448,1,1,1,0.20922547448162448,0.20922547448162448
VNM,10,8473,9,202508,31,1103.76,4378.61,0.20922547448162448,1,1,1,0.20922547448162448,0.20922547448162448
VNM,10,8473,9,202509,32,1317.39,5270.07,0.20922547448162448,1,1,1,0.20922547448162448,0.20922547448162448
VNM,10,8473,9,202510,33,1148.47,4564.92,0.20922547448162448,1,1,1,0.20922547448162448,0.20922547448162448
VNM,10,8473,9,202511,34,1578.02,6293.95,0.20922547448162448,1,1,1,0.20922547448162448,0.20922547448162448
VNM,10,8473,9,202512,35,2169.69,8604.5,0.20922547448162448,1,1,1,0.20922547448162448,0.20922547448162448
VNM,10,8504,10,202301,0,159.26,2764.26,0.20349559537261644,1,0,0,0.0,0.0
VNM,10,8504,10,202302,1,123.62,2172.73,0.20349559537261644,1,0,0,0.0,0.0
VNM,10,8504,10,202303,2,126.55,2179.27,0.20349559537261644,1,0,0,0.0,0.0
VNM,10,8504,10,202304,3,120.24,2123.19,0.20349559537261644,1,0,0,0.0,0.0
VNM,10,8504,10,202305,4,118.86,2087.39,0.20349559537261644,1,0,0,0.0,0.0
VNM,10,8504,10,202306,5,135.33,2356.46,0.20349559537261644,1,0,0,0.0,0.0
VNM,10,8504,10,202307,6,118.02,1890.62,0.20349559537261644,1,0,0,0.0,0.0
VNM,10,8504,10,202308,7,135.95,2161.78,0.20349559537261644,1,0,0,0.0,0.0
VNM,10,8504,10,202309,8,135.68,2154.21,0.20349559537261644,1,0,0,0.0,0.0
VNM,10,8504,10,202310,9,126.12,2018.05,0.20349559537261644,1,0,0,0.0,0.0
VNM,10,8504,10,202311,10,116.67,1836.12,0.20349559537261644,1,0,0,0.0,0.0
VNM,10,8504,10,202312,11,116.41,1809.51,0.20349559537261644,1,0,0,0.0,0.0
VNM,10,8504,10,202401,12,122.41,1914.34,0.20349559537261644,1,0,0,0.0,0.0
VNM,10,8504,10,202402,13,127.6,2010.31,0.20349559537261644,1,0,0,0.0,0.0
VNM,10,8504,10,202403,14,136.35,2166.04,0.20349559537261644,1,0,0,0.0,0.0
VNM,10,8504,10,202404,15,146.14,2266.89,0.20349559537261644,1,0,0,0.0,0.0
VNM,10,8504,10,202405,16,114.22,1803.2,0.20349559537261644,1,0,0,0.0,0.0
VNM,10,8504,10,202406,17,109.32,1748.42,0.20349559537261644,1,0,0,0.0,0.0
VNM,10,8504,10,202407,18,148.8,2346.12,0.20349559537261644,1,0,0,0.0,0.0
VNM,10,8504,10,202408,19,158.65,2456.41,0.20349559537261644,1,0,0,0.0,0.0
VNM,10,8504,10,202409,20,170.26,2673.5,0.20349559537261644,1,0,0,0.0,0.0
VNM,10,8504,10,202410,21,152.61,2406.85,0.20349559537261644,1,0,0,0.0,0.0
VNM,10,8504,10,202411,22,133.82,2129.0,0.20349559537261644,1,0,0,0.0,0.0
VNM,10,8504,10,202412,23,137.88,2171.66,0.20349559537261644,1,0,0,0.0,0.0
VNM,10,8504,10,202501,24,151.56,2392.6,0.20349559537261644,1,0,0,0.0,0.0
VNM,10,8504,10,202502,25,125.47,2006.87,0.20349559537261644,1,0,0,0.0,0.0
VNM,10,8504,10,202503,26,176.51,2783.2,0.20349559537261644,1,0,0,0.0,0.0
VNM,10,8504,10,202504,27,179.66,2890.0,0.20349559537261644,1,1,1,0.20349559537261644,0.20349559537261644
VNM,10,8504,10,202505,28,155.61,2466.68,0.20349559537261644,1,1,1,0.20349559537261644,0.20349559537261644
VNM,10,8504,10,202506,29,177.33,2784.74,0.20349559537261644,1,1,1,0.20349559537261644,0.20349559537261644
VNM,10,8504,10,202507,30,231.68,3621.55,0.20349559537261644,1,1,1,0.20349559537261644,0.20349559537261644
VNM,10,8504,10,202508,31,190.92,3220.69,0.20349559537261644,1,1,1,0.20349559537261644,0.20349559537261644
VNM,10,8504,10,202509,32,193.22,4246.36,0.20349559537261644,1,1,1,0.20349559537261644,0.20349559537261644
VNM,10,8504,10,202510,33,170.5,2874.94,0.20349559537261644,1,1,1,0.20349559537261644,0.20349559537261644
VNM,10,8504,10,202511,34,151.67,2578.91,0.20349559537261644,1,1,1,0.20349559537261644,0.20349559537261644
VNM,10,8504,10,202512,35,168.68,2875.47,0.20349559537261644,1,1,1,0.20349559537261644,0.20349559537261644
VNM,10,8516,11,202301,0,6.85,283.15,0.6255708163552058,1,0,0,0.0,0.0
VNM,10,8516,11,202302,1,6.14,207.28,0.6255708163552058,1,0,0,0.0,0.0
VNM,10,8516,11,202303,2,7.19,282.83,0.6255708163552058,1,0,0,0.0,0.0
VNM,10,8516,11,202304,3,8.58,489.88,0.6255708163552058,1,0,0,0.0,0.0
VNM,10,8516,11,202305,4,8.03,317.26,0.6255708163552058,1,0,0,0.0,0.0
VNM,10,8516,11,202306,5,6.98,314.35,0.6255708163552058,1,0,0,0.0,0.0
VNM,10,8516,11,202307,6,7.06,347.0,0.6255708163552058,1,0,0,0.0,0.0
VNM,10,8516,11,202308,7,12.8,716.35,0.6255708163552058,1,0,0,0.0,0.0
VNM,10,8516,11,202309,8,11.0,560.91,0.6255708163552058,1,0,0,0.0,0.0
VNM,10,8516,11,202310,9,15.37,864.77,0.6255708163552058,1,0,0,0.0,0.0
VNM,10,8516,11,202311,10,11.49,608.3,0.6255708163552058,1,0,0,0.0,0.0
VNM,10,8516,11,202312,11,10.81,620.78,0.6255708163552058,1,0,0,0.0,0.0
VNM,10,8516,11,202401,12,9.56,414.0,0.6255708163552058,1,0,0,0.0,0.0
VNM,10,8516,11,202402,13,10.6,351.31,0.6255708163552058,1,0,0,0.0,0.0
VNM,10,8516,11,202403,14,5.62,217.3,0.6255708163552058,1,0,0,0.0,0.0
VNM,10,8516,11,202404,15,7.49,266.0,0.6255708163552058,1,0,0,0.0,0.0
VNM,10,8516,11,202405,16,8.2,274.87,0.6255708163552058,1,0,0,0.0,0.0
VNM,10,8516,11,202406,17,9.71,438.92,0.6255708163552058,1,0,0,0.0,0.0
VNM,10,8516,11,202407,18,10.74,575.08,0.6255708163552058,1,0,0,0.0,0.0
VNM,10,8516,11,202408,19,19.16,1127.47,0.6255708163552058,1,0,0,0.0,0.0
VNM,10,8516,11,202409,20,21.21,1414.01,0.6255708163552058,1,0,0,0.0,0.0
VNM,10,8516,11,202410,21,21.94,1571.49,0.6255708163552058,1,0,0,0.0,0.0
VNM,10,8516,11,202411,22,20.7,1424.54,0.6255708163552058,1,0,0,0.0,0.0
VNM,10,8516,11,202412,23,12.83,668.96,0.6255708163552058,1,0,0,0.0,0.0
VNM,10,8516,11,202501,24,13.07,683.08,0.6255708163552058,1,0,0,0.0,0.0
VNM,10,8516,11,202502,25,12.96,816.13,0.6255708163552058,1,0,0,0.0,0.0
VNM,10,8516,11,202503,26,16.89,1108.43,0.6255708163552058,1,0,0,0.0,0.0
VNM,10,8516,11,202504,27,19.56,1312.28,0.6255708163552058,1,1,1,0.6255708163552058,0.6255708163552058
VNM,10,8516,11,202505,28,25.31,1996.36,0.6255708163552058,1,1,1,0.6255708163552058,0.6255708163552058
VNM,10,8516,11,202506,29,28.78,2408.16,0.6255708163552058,1,1,1,0.6255708163552058,0.6255708163552058
VNM,10,8516,11,202507,30,43.87,3627.2,0.6255708163552058,1,1,1,0.6255708163552058,0.6255708163552058
VNM,10,8516,11,202508,31,67.21,5883.16,0.6255708163552058,1,1,1,0.6255708163552058,0.6255708163552058
VNM,10,8516,11,202509,32,80.79,6943.14,0.6255708163552058,1,1,1,0.6255708163552058,0.6255708163552058
VNM,10,8516,11,202510,33,81.05,6909.01,0.6255708163552058,1,1,1,0.6255708163552058,0.6255708163552058
VNM,10,8516,11,202511,34,88.87,7359.8,0.6255708163552058,1,1,1,0.6255708163552058,0.6255708163552058
VNM,10,8516,11,202512,35,68.32,6163.1,0.6255708163552058,1,1,1,0.6255708163552058,0.6255708163552058
VNM,10,8517,12,202301,0,1828.5,7661.54,0.49320772139853813,1,0,0,0.0,0.0
VNM,10,8517,12,202302,1,1755.86,4957.06,0.49320772139853813,1,0,0,0.0,0.0
VNM,10,8517,12,202303,2,1502.01,5317.53,0.49320772139853813,1,0,0,0.0,0.0
VNM,10,8517,12,202304,3,1701.33,4927.02,0.49320772139853813,1,0,0,0.0,0.0
VNM,10,8517,12,202305,4,1374.78,5043.33,0.49320772139853813,1,0,0,0.0,0.0
VNM,10,8517,12,202306,5,1255.14,3869.07,0.49320772139853813,1,0,0,0.0,0.0
VNM,10,8517,12,202307,6,1616.56,4191.23,0.49320772139853813,1,0,0,0.0,0.0
VNM,10,8517,12,202308,7,1521.38,4195.35,0.49320772139853813,1,0,0,0.0,0.0
VNM,10,8517,12,202309,8,1897.83,4985.16,0.49320772139853813,1,0,0,0.0,0.0
VNM,10,8517,12,202310,9,1703.08,5085.13,0.49320772139853813,1,0,0,0.0,0.0
VNM,10,8517,12,202311,10,1711.45,5160.62,0.49320772139853813,1,0,0,0.0,0.0
VNM,10,8517,12,202312,11,1289.67,4493.44,0.49320772139853813,1,0,0,0.0,0.0
VNM,10,8517,12,202401,12,964.25,3101.73,0.49320772139853813,1,0,0,0.0,0.0
VNM,10,8517,12,202402,13,771.61,2938.18,0.49320772139853813,1,0,0,0.0,0.0
VNM,10,8517,12,202403,14,882.78,3399.9,0.49320772139853813,1,0,0,0.0,0.0
VNM,10,8517,12,202404,15,1072.5,4174.92,0.49320772139853813,1,0,0,0.0,0.0
VNM,10,8517,12,202405,16,1091.17,4506.47,0.49320772139853813,1,0,0,0.0,0.0
VNM,10,8517,12,202406,17,1329.22,4841.81,0.49320772139853813,1,0,0,0.0,0.0
VNM,10,8517,12,202407,18,1080.66,4578.02,0.49320772139853813,1,0,0,0.0,0.0
VNM,10,8517,12,202408,19,1165.83,4768.96,0.49320772139853813,1,0,0,0.0,0.0
VNM,10,8517,12,202409,20,1816.28,5897.14,0.49320772139853813,1,0,0,0.0,0.0
VNM,10,8517,12,202410,21,1614.87,6180.48,0.49320772139853813,1,0,0,0.0,0.0
VNM,10,8517,12,202411,22,1600.97,6572.67,0.49320772139853813,1,0,0,0.0,0.0
VNM,10,8517,12,202412,23,1237.95,4707.92,0.49320772139853813,1,0,0,0.0,0.0
VNM,10,8517,12,202501,24,1718.26,5334.9,0.49320772139853813,1,0,0,0.0,0.0
VNM,10,8517,12,202502,25,1892.28,6078.03,0.49320772139853813,1,0,0,0.0,0.0
VNM,10,8517,12,202503,26,2157.88,7003.97,0.49320772139853813,1,0,0,0.0,0.0
VNM,10,8517,12,202504,27,2339.88,8340.89,0.49320772139853813,1,1,1,0.49320772139853813,0.49320772139853813
VNM,10,8517,12,202505,28,2352.16,8500.83,0.49320772139853813,1,1,1,0.49320772139853813,0.49320772139853813
VNM,10,8517,12,202506,29,2284.02,12298.23,0.49320772139853813,1,1,1,0.49320772139853813,0.49320772139853813
VNM,10,8517,12,202507,30,2688.27,6566.0,0.49320772139853813,1,1,1,0.49320772139853813,0.49320772139853813
VNM,10,8517,12,202508,31,2379.49,5682.46,0.49320772139853813,1,1,1,0.49320772139853813,0.49320772139853813
VNM,10,8517,12,202509,32,2715.19,6939.57,0.49320772139853813,1,1,1,0.49320772139853813,0.49320772139853813
VNM,10,8517,12,202510,33,3761.39,10004.47,0.49320772139853813,1,1,1,0.49320772139853813,0.49320772139853813
VNM,10,8517,12,202511,34,3248.71,8820.61,0.49320772139853813,1,1,1,0.49320772139853813,0.49320772139853813
VNM,10,8517,12,202512,35,3618.88,9854.33,0.49320772139853813,1,1,1,0.49320772139853813,0.49320772139853813
VNM,10,8528,13,202301,0,100.25,2849.14,0.3347814968181058,1,0,0,0.0,0.0
VNM,10,8528,13,202302,1,85.2,2370.74,0.3347814968181058,1,0,0,0.0,0.0
VNM,10,8528,13,202303,2,104.42,3002.37,0.3347814968181058,1,0,0,0.0,0.0
VNM,10,8528,13,202304,3,130.1,3680.27,0.3347814968181058,1,0,0,0.0,0.0
VNM,10,8528,13,202305,4,129.77,3657.5,0.3347814968181058,1,0,0,0.0,0.0
VNM,10,8528,13,202306,5,158.87,4825.14,0.3347814968181058,1,0,0,0.0,0.0
VNM,10,8528,13,202307,6,161.3,4711.66,0.3347814968181058,1,0,0,0.0,0.0
VNM,10,8528,13,202308,7,113.14,3326.02,0.3347814968181058,1,0,0,0.0,0.0
VNM,10,8528,13,202309,8,178.43,5248.57,0.3347814968181058,1,0,0,0.0,0.0
VNM,10,8528,13,202310,9,200.47,6155.18,0.3347814968181058,1,0,0,0.0,0.0
VNM,10,8528,13,202311,10,162.45,4784.43,0.3347814968181058,1,0,0,0.0,0.0
VNM,10,8528,13,202312,11,107.91,2984.03,0.3347814968181058,1,0,0,0.0,0.0
VNM,10,8528,13,202401,12,123.69,3383.93,0.3347814968181058,1,0,0,0.0,0.0
VNM,10,8528,13,202402,13,135.17,3581.9,0.3347814968181058,1,0,0,0.0,0.0
VNM,10,8528,13,202403,14,103.64,2458.81,0.3347814968181058,1,0,0,0.0,0.0
VNM,10,8528,13,202404,15,153.7,4518.75,0.3347814968181058,1,0,0,0.0,0.0
VNM,10,8528,13,202405,16,150.36,4257.09,0.3347814968181058,1,0,0,0.0,0.0
VNM,10,8528,13,202406,17,172.18,4812.59,0.3347814968181058,1,0,0,0.0,0.0
VNM,10,8528,13,202407,18,179.25,5476.47,0.3347814968181058,1,0,0,0.0,0.0
VNM,10,8528,13,202408,19,154.96,4507.83,0.3347814968181058,1,0,0,0.0,0.0
VNM,10,8528,13,202409,20,244.06,8075.03,0.3347814968181058,1,0,0,0.0,0.0
VNM,10,8528,13,202410,21,283.18,9563.35,0.3347814968181058,1,0,0,0.0,0.0
VNM,10,8528,13,202411,22,185.53,6028.94,0.3347814968181058,1,0,0,0.0,0.0
VNM,10,8528,13,202412,23,112.7,3242.45,0.3347814968181058,1,0,0,0.0,0.0
VNM,10,8528,13,202501,24,160.29,4976.05,0.3347814968181058,1,0,0,0.0,0.0
VNM,10,8528,13,202502,25,150.6,4875.9,0.3347814968181058,1,0,0,0.0,0.0
VNM,10,8528,13,202503,26,154.18,4478.77,0.3347814968181058,1,0,0,0.0,0.0
VNM,10,8528,13,202504,27,244.45,7830.34,0.3347814968181058,1,1,1,0.3347814968181058,0.3347814968181058
VNM,10,8528,13,202505,28,266.08,8402.4,0.3347814968181058,1,1,1,0.3347814968181058,0.3347814968181058
VNM,10,8528,13,202506,29,300.72,9219.2,0.3347814968181058,1,1,1,0.3347814968181058,0.3347814968181058
VNM,10,8528,13,202507,30,329.45,9529.36,0.3347814968181058,1,1,1,0.3347814968181058,0.3347814968181058
VNM,10,8528,13,202508,31,343.14,10555.37,0.3347814968181058,1,1,1,0.3347814968181058,0.3347814968181058
VNM,10,8528,13,202509,32,357.5,10588.27,0.3347814968181058,1,1,1,0.3347814968181058,0.3347814968181058
VNM,10,8528,13,202510,33,337.58,10075.71,0.3347814968181058,1,1,1,0.3347814968181058,0.3347814968181058
VNM,10,8528,13,202511,34,293.07,8504.0,0.3347814968181058,1,1,1,0.3347814968181058,0.3347814968181058
VNM,10,8528,13,202512,35,261.86,7055.68,0.3347814968181058,1,1,1,0.3347814968181058,0.3347814968181058
VNM,10,8541,14,202301,0,420.38,69143.59,0.03397421317087017,1,0,0,0.0,0.0
VNM,10,8541,14,202302,1,450.74,74988.78,0.03397421317087017,1,0,0,0.0,0.0
VNM,10,8541,14,202303,2,431.99,70861.01,0.03397421317087017,1,0,0,0.0,0.0
VNM,10,8541,14,202304,3,458.14,76366.92,0.03397421317087017,1,0,0,0.0,0.0
VNM,10,8541,14,202305,4,392.56,64184.67,0.03397421317087017,1,0,0,0.0,0.0
VNM,10,8541,14,202306,5,377.83,61774.17,0.03397421317087017,1,0,0,0.0,0.0
VNM,10,8541,14,202307,6,486.08,86141.37,0.03397421317087017,1,0,0,0.0,0.0
VNM,10,8541,14,202308,7,424.68,75528.3,0.03397421317087017,1,0,0,0.0,0.0
VNM,10,8541,14,202309,8,374.22,64995.65,0.03397421317087017,1,0,0,0.0,0.0
VNM,10,8541,14,202310,9,461.99,80779.99,0.03397421317087017,1,0,0,0.0,0.0
VNM,10,8541,14,202311,10,426.88,74803.73,0.03397421317087017,1,0,0,0.0,0.0
VNM,10,8541,14,202312,11,545.35,104506.86,0.03397421317087017,1,0,0,0.0,0.0
VNM,10,8541,14,202401,12,488.58,92935.67,0.03397421317087017,1,0,0,0.0,0.0
VNM,10,8541,14,202402,13,578.0,111044.78,0.03397421317087017,1,0,0,0.0,0.0
VNM,10,8541,14,202403,14,675.75,130479.81,0.03397421317087017,1,0,0,0.0,0.0
VNM,10,8541,14,202404,15,807.43,154296.62,0.03397421317087017,1,0,0,0.0,0.0
VNM,10,8541,14,202405,16,714.96,132946.57,0.03397421317087017,1,0,0,0.0,0.0
VNM,10,8541,14,202406,17,746.1,135026.6,0.03397421317087017,1,0,0,0.0,0.0
VNM,10,8541,14,202407,18,557.87,182856.55,0.03397421317087017,1,0,0,0.0,0.0
VNM,10,8541,14,202408,19,382.59,124152.44,0.03397421317087017,1,0,0,0.0,0.0
VNM,10,8541,14,202409,20,412.89,135515.75,0.03397421317087017,1,0,0,0.0,0.0
VNM,10,8541,14,202410,21,205.23,64139.52,0.03397421317087017,1,0,0,0.0,0.0
VNM,10,8541,14,202411,22,164.51,48782.35,0.03397421317087017,1,0,0,0.0,0.0
VNM,10,8541,14,202412,23,112.24,30574.94,0.03397421317087017,1,0,0,0.0,0.0
VNM,10,8541,14,202501,24,123.51,30755.08,0.03397421317087017,1,0,0,0.0,0.0
VNM,10,8541,14,202502,25,135.68,33659.99,0.03397421317087017,1,0,0,0.0,0.0
VNM,10,8541,14,202503,26,141.57,37392.86,0.03397421317087017,1,0,0,0.0,0.0
VNM,10,8541,14,202504,27,111.06,25882.52,0.03397421317087017,1,1,1,0.03397421317087017,0.03397421317087017
VNM,10,8541,14,202505,28,131.23,32996.93,0.03397421317087017,1,1,1,0.03397421317087017,0.03397421317087017
VNM,10,8541,14,202506,29,177.14,50437.98,0.03397421317087017,1,1,1,0.03397421317087017,0.03397421317087017
VNM,10,8541,14,202507,30,103.67,22712.97,0.03397421317087017,1,1,1,0.03397421317087017,0.03397421317087017
VNM,10,8541,14,202508,31,72.09,23708.49,0.03397421317087017,1,1,1,0.03397421317087017,0.03397421317087017
VNM,10,8541,14,202509,32,55.46,17989.43,0.03397421317087017,1,1,1,0.03397421317087017,0.03397421317087017
VNM,10,8541,14,202510,33,43.59,5625.72,0.03397421317087017,1,1,1,0.03397421317087017,0.03397421317087017
VNM,10,8541,14,202511,34,33.04,3764.75,0.03397421317087017,1,1,1,0.03397421317087017,0.03397421317087017
VNM,10,8541,14,202512,35,45.13,6250.06,0.03397421317087017,1,1,1,0.03397421317087017,0.03397421317087017
VNM,10,8544,15,202301,0,128.69,8016.74,0.13566753252605626,1,0,0,0.0,0.0
VNM,10,8544,15,202302,1,103.59,6765.53,0.13566753252605626,1,0,0,0.0,0.0
VNM,10,8544,15,202303,2,114.91,6416.0,0.13566753252605626,1,0,0,0.0,0.0
VNM,10,8544,15,202304,3,119.7,8104.6,0.13566753252605626,1,0,0,0.0,0.0
VNM,10,8544,15,202305,4,123.98,7051.77,0.13566753252605626,1,0,0,0.0,0.0
VNM,10,8544,15,202306,5,124.0,6456.23,0.13566753252605626,1,0,0,0.0,0.0
VNM,10,8544,15,202307,6,141.69,7062.33,0.13566753252605626,1,0,0,0.0,0.0
VNM,10,8544,15,202308,7,158.27,7657.37,0.13566753252605626,1,0,0,0.0,0.0
VNM,10,8544,15,202309,8,157.63,7146.99,0.13566753252605626,1,0,0,0.0,0.0
VNM,10,8544,15,202310,9,151.69,6102.22,0.13566753252605626,1,0,0,0.0,0.0
VNM,10,8544,15,202311,10,161.09,6929.84,0.13566753252605626,1,0,0,0.0,0.0
VNM,10,8544,15,202312,11,127.53,4816.12,0.13566753252605626,1,0,0,0.0,0.0
VNM,10,8544,15,202401,12,162.8,5909.45,0.13566753252605626,1,0,0,0.0,0.0
VNM,10,8544,15,202402,13,140.19,5110.28,0.13566753252605626,1,0,0,0.0,0.0
VNM,10,8544,15,202403,14,134.59,5995.11,0.13566753252605626,1,0,0,0.0,0.0
VNM,10,8544,15,202404,15,142.64,6489.88,0.13566753252605626,1,0,0,0.0,0.0
VNM,10,8544,15,202405,16,150.07,6123.61,0.13566753252605626,1,0,0,0.0,0.0
VNM,10,8544,15,202406,17,148.88,6003.09,0.13566753252605626,1,0,0,0.0,0.0
VNM,10,8544,15,202407,18,174.54,7623.08,0.13566753252605626,1,0,0,0.0,0.0
VNM,10,8544,15,202408,19,173.96,7258.04,0.13566753252605626,1,0,0,0.0,0.0
VNM,10,8544,15,202409,20,171.94,7669.05,0.13566753252605626,1,0,0,0.0,0.0
VNM,10,8544,15,202410,21,176.77,7753.35,0.13566753252605626,1,0,0,0.0,0.0
VNM,10,8544,15,202411,22,165.17,6782.17,0.13566753252605626,1,0,0,0.0,0.0
VNM,10,8544,15,202412,23,163.27,6366.2,0.13566753252605626,1,0,0,0.0,0.0
VNM,10,8544,15,202501,24,211.94,10063.83,0.13566753252605626,1,0,0,0.0,0.0
VNM,10,8544,15,202502,25,173.71,8072.15,0.13566753252605626,1,0,0,0.0,0.0
VNM,10,8544,15,202503,26,214.96,11441.81,0.13566753252605626,1,0,0,0.0,0.0
VNM,10,8544,15,202504,27,216.0,11926.51,0.13566753252605626,1,1,1,0.13566753252605626,0.13566753252605626
VNM,10,8544,15,202505,28,214.03,10465.66,0.13566753252605626,1,1,1,0.13566753252605626,0.13566753252605626
VNM,10,8544,15,202506,29,233.53,11032.87,0.13566753252605626,1,1,1,0.13566753252605626,0.13566753252605626
VNM,10,8544,15,202507,30,251.87,12608.07,0.13566753252605626,1,1,1,0.13566753252605626,0.13566753252605626
VNM,10,8544,15,202508,31,235.71,10186.87,0.13566753252605626,1,1,1,0.13566753252605626,0.13566753252605626
VNM,10,8544,15,202509,32,222.84,9483.16,0.13566753252605626,1,1,1,0.13566753252605626,0.13566753252605626
VNM,10,8544,15,202510,33,273.11,10642.6,0.13566753252605626,1,1,1,0.13566753252605626,0.13566753252605626
VNM,10,8544,15,202511,34,252.15,10583.1,0.13566753252605626,1,1,1,0.13566753252605626,0.13566753252605626
VNM,10,8544,15,202512,35,261.01,10377.53,0.13566753252605626,1,1,1,0.13566753252605626,0.13566753252605626
VNM,10,9401,16,202301,0,379.37,49682.4,0.33783279157026774,1,0,0,0.0,0.0
VNM,10,9401,16,202302,1,329.29,43013.59,0.33783279157026774,1,0,0,0.0,0.0
VNM,10,9401,16,202303,2,290.92,37617.57,0.33783279157026774,1,0,0,0.0,0.0
VNM,10,9401,16,202304,3,355.36,46163.43,0.33783279157026774,1,0,0,0.0,0.0
VNM,10,9401,16,202305,4,383.45,50309.73,0.33783279157026774,1,0,0,0.0,0.0
VNM,10,9401,16,202306,5,392.96,51776.09,0.33783279157026774,1,0,0,0.0,0.0
VNM,10,9401,16,202307,6,357.48,46405.4,0.33783279157026774,1,0,0,0.0,0.0
VNM,10,9401,16,202308,7,385.59,48797.43,0.33783279157026774,1,0,0,0.0,0.0
VNM,10,9401,16,202309,8,343.08,42818.31,0.33783279157026774,1,0,0,0.0,0.0
VNM,10,9401,16,202310,9,381.73,48297.71,0.33783279157026774,1,0,0,0.0,0.0
VNM,10,9401,16,202311,10,405.85,51650.01,0.33783279157026774,1,0,0,0.0,0.0
VNM,10,9401,16,202312,11,443.58,55365.6,0.33783279157026774,1,0,0,0.0,0.0
VNM,10,9401,16,202401,12,429.23,53641.18,0.33783279157026774,1,0,0,0.0,0.0
VNM,10,9401,16,202402,13,456.86,57976.73,0.33783279157026774,1,0,0,0.0,0.0
VNM,10,9401,16,202403,14,424.8,52899.02,0.33783279157026774,1,0,0,0.0,0.0
VNM,10,9401,16,202404,15,389.29,48672.9,0.33783279157026774,1,0,0,0.0,0.0
VNM,10,9401,16,202405,16,492.36,61625.03,0.33783279157026774,1,0,0,0.0,0.0
VNM,10,9401,16,202406,17,451.91,58184.51,0.33783279157026774,1,0,0,0.0,0.0
VNM,10,9401,16,202407,18,491.7,68419.9,0.33783279157026774,1,0,0,0.0,0.0
VNM,10,9401,16,202408,19,468.77,63505.46,0.33783279157026774,1,0,0,0.0,0.0
VNM,10,9401,16,202409,20,513.25,70741.84,0.33783279157026774,1,0,0,0.0,0.0
VNM,10,9401,16,202410,21,542.75,74393.05,0.33783279157026774,1,0,0,0.0,0.0
VNM,10,9401,16,202411,22,509.62,71253.27,0.33783279157026774,1,0,0,0.0,0.0
VNM,10,9401,16,202412,23,542.36,76706.12,0.33783279157026774,1,0,0,0.0,0.0
VNM,10,9401,16,202501,24,542.85,76379.88,0.33783279157026774,1,0,0,0.0,0.0
VNM,10,9401,16,202502,25,507.86,71414.25,0.33783279157026774,1,0,0,0.0,0.0
VNM,10,9401,16,202503,26,528.66,73369.77,0.33783279157026774,1,0,0,0.0,0.0
VNM,10,9401,16,202504,27,519.96,72644.34,0.33783279157026774,1,1,1,0.33783279157026774,0.33783279157026774
VNM,10,9401,16,202505,28,500.58,69481.36,0.33783279157026774,1,1,1,0.33783279157026774,0.33783279157026774
VNM,10,9401,16,202506,29,520.83,73410.34,0.33783279157026774,1,1,1,0.33783279157026774,0.33783279157026774
VNM,10,9401,16,202507,30,505.57,69358.71,0.33783279157026774,1,1,1,0.33783279157026774,0.33783279157026774
VNM,10,9401,16,202508,31,500.45,68002.51,0.33783279157026774,1,1,1,0.33783279157026774,0.33783279157026774
VNM,10,9401,16,202509,32,456.9,62729.54,0.33783279157026774,1,1,1,0.33783279157026774,0.33783279157026774
VNM,10,9401,16,202510,33,480.67,66389.97,0.33783279157026774,1,1,1,0.33783279157026774,0.33783279157026774
VNM,10,9401,16,202511,34,489.11,67670.04,0.33783279157026774,1,1,1,0.33783279157026774,0.33783279157026774
VNM,10,9401,16,202512,35,568.38,80067.83,0.33783279157026774,1,1,1,0.33783279157026774,0.33783279157026774
VNM,10,9403,17,202301,0,680.97,176714.72,0.32987861426539994,1,0,0,0.0,0.0
VNM,10,9403,17,202302,1,497.86,128432.98,0.32987861426539994,1,0,0,0.0,0.0
VNM,10,9403,17,202303,2,376.56,95778.67,0.32987861426539994,1,0,0,0.0,0.0
VNM,10,9403,17,202304,3,540.28,138314.09,0.32987861426539994,1,0,0,0.0,0.0
VNM,10,9403,17,202305,4,603.37,154955.15,0.32987861426539994,1,0,0,0.0,0.0
VNM,10,9403,17,202306,5,595.96,154041.11,0.32987861426539994,1,0,0,0.0,0.0
VNM,10,9403,17,202307,6,563.74,141753.71,0.32987861426539994,1,0,0,0.0,0.0
VNM,10,9403,17,202308,7,593.77,149532.43,0.32987861426539994,1,0,0,0.0,0.0
VNM,10,9403,17,202309,8,555.26,138935.62,0.32987861426539994,1,0,0,0.0,0.0
VNM,10,9403,17,202310,9,597.96,151075.24,0.32987861426539994,1,0,0,0.0,0.0
VNM,10,9403,17,202311,10,598.48,152800.9,0.32987861426539994,1,0,0,0.0,0.0
VNM,10,9403,17,202312,11,612.44,157029.57,0.32987861426539994,1,0,0,0.0,0.0
VNM,10,9403,17,202401,12,583.31,149368.13,0.32987861426539994,1,0,0,0.0,0.0
VNM,10,9403,17,202402,13,686.55,175933.12,0.32987861426539994,1,0,0,0.0,0.0
VNM,10,9403,17,202403,14,597.16,153324.18,0.32987861426539994,1,0,0,0.0,0.0
VNM,10,9403,17,202404,15,531.81,134456.57,0.32987861426539994,1,0,0,0.0,0.0
VNM,10,9403,17,202405,16,705.12,179961.39,0.32987861426539994,1,0,0,0.0,0.0
VNM,10,9403,17,202406,17,667.23,168058.18,0.32987861426539994,1,0,0,0.0,0.0
VNM,10,9403,17,202407,18,706.63,188666.64,0.32987861426539994,1,0,0,0.0,0.0
VNM,10,9403,17,202408,19,686.21,183133.65,0.32987861426539994,1,0,0,0.0,0.0
VNM,10,9403,17,202409,20,805.14,213327.35,0.32987861426539994,1,0,0,0.0,0.0
VNM,10,9403,17,202410,21,814.13,217121.06,0.32987861426539994,1,0,0,0.0,0.0
VNM,10,9403,17,202411,22,745.58,198485.31,0.32987861426539994,1,0,0,0.0,0.0
VNM,10,9403,17,202412,23,765.84,203113.26,0.32987861426539994,1,0,0,0.0,0.0
VNM,10,9403,17,202501,24,794.18,211854.0,0.32987861426539994,1,0,0,0.0,0.0
VNM,10,9403,17,202502,25,746.17,198083.33,0.32987861426539994,1,0,0,0.0,0.0
VNM,10,9403,17,202503,26,667.36,177809.33,0.32987861426539994,1,0,0,0.0,0.0
VNM,10,9403,17,202504,27,696.98,185577.84,0.32987861426539994,1,1,1,0.32987861426539994,0.32987861426539994
VNM,10,9403,17,202505,28,694.96,184330.21,0.32987861426539994,1,1,1,0.32987861426539994,0.32987861426539994
VNM,10,9403,17,202506,29,698.67,185833.95,0.32987861426539994,1,1,1,0.32987861426539994,0.32987861426539994
VNM,10,9403,17,202507,30,711.56,189686.3,0.32987861426539994,1,1,1,0.32987861426539994,0.32987861426539994
VNM,10,9403,17,202508,31,679.54,182724.22,0.32987861426539994,1,1,1,0.32987861426539994,0.32987861426539994
VNM,10,9403,17,202509,32,632.28,171132.06,0.32987861426539994,1,1,1,0.32987861426539994,0.32987861426539994
VNM,10,9403,17,202510,33,595.15,160230.39,0.32987861426539994,1,1,1,0.32987861426539994,0.32987861426539994
VNM,10,9403,17,202511,34,632.42,169991.73,0.32987861426539994,1,1,1,0.32987861426539994,0.32987861426539994
VNM,10,9403,17,202512,35,746.61,196267.65,0.32987861426539994,1,1,1,0.32987861426539994,0.32987861426539994
VNM,10,9405,18,202301,0,39.56,1738.63,0.5216145392002935,1,0,0,0.0,0.0
VNM,10,9405,18,202302,1,42.4,1759.68,0.5216145392002935,1,0,0,0.0,0.0
VNM,10,9405,18,202303,2,33.98,1477.22,0.5216145392002935,1,0,0,0.0,0.0
VNM,10,9405,18,202304,3,33.45,1413.69,0.5216145392002935,1,0,0,0.0,0.0
VNM,10,9405,18,202305,4,38.12,1655.55,0.5216145392002935,1,0,0,0.0,0.0
VNM,10,9405,18,202306,5,44.09,1868.94,0.5216145392002935,1,0,0,0.0,0.0
VNM,10,9405,18,202307,6,49.18,2222.22,0.5216145392002935,1,0,0,0.0,0.0
VNM,10,9405,18,202308,7,68.78,2865.1,0.5216145392002935,1,0,0,0.0,0.0
VNM,10,9405,18,202309,8,51.97,2264.55,0.5216145392002935,1,0,0,0.0,0.0
VNM,10,9405,18,202310,9,56.78,2229.6,0.5216145392002935,1,0,0,0.0,0.0
VNM,10,9405,18,202311,10,50.03,2029.63,0.5216145392002935,1,0,0,0.0,0.0
VNM,10,9405,18,202312,11,46.16,1996.44,0.5216145392002935,1,0,0,0.0,0.0
VNM,10,9405,18,202401,12,52.77,2255.28,0.5216145392002935,1,0,0,0.0,0.0
VNM,10,9405,18,202402,13,65.06,2789.05,0.5216145392002935,1,0,0,0.0,0.0
VNM,10,9405,18,202403,14,57.85,2474.4,0.5216145392002935,1,0,0,0.0,0.0
VNM,10,9405,18,202404,15,53.41,2196.17,0.5216145392002935,1,0,0,0.0,0.0
VNM,10,9405,18,202405,16,56.23,2313.85,0.5216145392002935,1,0,0,0.0,0.0
VNM,10,9405,18,202406,17,60.83,2443.88,0.5216145392002935,1,0,0,0.0,0.0
VNM,10,9405,18,202407,18,81.74,3752.77,0.5216145392002935,1,0,0,0.0,0.0
VNM,10,9405,18,202408,19,85.56,4097.83,0.5216145392002935,1,0,0,0.0,0.0
VNM,10,9405,18,202409,20,85.35,3851.06,0.5216145392002935,1,0,0,0.0,0.0
VNM,10,9405,18,202410,21,78.93,4913.27,0.5216145392002935,1,0,0,0.0,0.0
VNM,10,9405,18,202411,22,71.69,3281.65,0.5216145392002935,1,0,0,0.0,0.0
VNM,10,9405,18,202412,23,74.53,3967.05,0.5216145392002935,1,0,0,0.0,0.0
VNM,10,9405,18,202501,24,74.47,3640.27,0.5216145392002935,1,0,0,0.0,0.0
VNM,10,9405,18,202502,25,78.14,3730.34,0.5216145392002935,1,0,0,0.0,0.0
VNM,10,9405,18,202503,26,70.36,3785.74,0.5216145392002935,1,0,0,0.0,0.0
VNM,10,9405,18,202504,27,69.49,3207.88,0.5216145392002935,1,1,1,0.5216145392002935,0.5216145392002935
VNM,10,9405,18,202505,28,75.41,3541.53,0.5216145392002935,1,1,1,0.5216145392002935,0.5216145392002935
VNM,10,9405,18,202506,29,78.12,3666.36,0.5216145392002935,1,1,1,0.5216145392002935,0.5216145392002935
VNM,10,9405,18,202507,30,99.84,4642.36,0.5216145392002935,1,1,1,0.5216145392002935,0.5216145392002935
VNM,10,9405,18,202508,31,107.2,5232.12,0.5216145392002935,1,1,1,0.5216145392002935,0.5216145392002935
VNM,10,9405,18,202509,32,101.53,4984.42,0.5216145392002935,1,1,1,0.5216145392002935,0.5216145392002935
VNM,10,9405,18,202510,33,85.04,4131.7,0.5216145392002935,1,1,1,0.5216145392002935,0.5216145392002935
VNM,10,9405,18,202511,34,89.89,4522.2,0.5216145392002935,1,1,1,0.5216145392002935,0.5216145392002935
VNM,10,9405,18,202512,35,103.76,5416.13,0.5216145392002935,1,1,1,0.5216145392002935,0.5216145392002935
VNM,10,9503,19,202301,0,106.06,6996.73,0.8174924032568407,1,0,0,0.0,0.0
VNM,10,9503,19,202302,1,88.6,5844.64,0.8174924032568407,1,0,0,0.0,0.0
VNM,10,9503,19,202303,2,58.37,3850.46,0.8174924032568407,1,0,0,0.0,0.0
VNM,10,9503,19,202304,3,59.67,3936.26,0.8174924032568407,1,0,0,0.0,0.0
VNM,10,9503,19,202305,4,67.3,4439.72,0.8174924032568407,1,0,0,0.0,0.0
VNM,10,9503,19,202306,5,86.18,5685.35,0.8174924032568407,1,0,0,0.0,0.0
VNM,10,9503,19,202307,6,127.33,8013.92,0.8174924032568407,1,0,0,0.0,0.0
VNM,10,9503,19,202308,7,153.66,9670.84,0.8174924032568407,1,0,0,0.0,0.0
VNM,10,9503,19,202309,8,160.18,10081.41,0.8174924032568407,1,0,0,0.0,0.0
VNM,10,9503,19,202310,9,194.82,12261.88,0.8174924032568407,1,0,0,0.0,0.0
VNM,10,9503,19,202311,10,139.92,8806.08,0.8174924032568407,1,0,0,0.0,0.0
VNM,10,9503,19,202312,11,73.76,4669.58,0.8174924032568407,1,0,0,0.0,0.0
VNM,10,9503,19,202401,12,97.98,6203.23,0.8174924032568407,1,0,0,0.0,0.0
VNM,10,9503,19,202402,13,86.67,5487.3,0.8174924032568407,1,0,0,0.0,0.0
VNM,10,9503,19,202403,14,68.66,4346.58,0.8174924032568407,1,0,0,0.0,0.0
VNM,10,9503,19,202404,15,78.09,4943.58,0.8174924032568407,1,0,0,0.0,0.0
VNM,10,9503,19,202405,16,80.77,5113.78,0.8174924032568407,1,0,0,0.0,0.0
VNM,10,9503,19,202406,17,96.88,6133.39,0.8174924032568407,1,0,0,0.0,0.0
VNM,10,9503,19,202407,18,121.93,7986.95,0.8174924032568407,1,0,0,0.0,0.0
VNM,10,9503,19,202408,19,168.25,11021.24,0.8174924032568407,1,0,0,0.0,0.0
VNM,10,9503,19,202409,20,246.49,16145.96,0.8174924032568407,1,0,0,0.0,0.0
VNM,10,9503,19,202410,21,266.25,17440.57,0.8174924032568407,1,0,0,0.0,0.0
VNM,10,9503,19,202411,22,195.19,12785.81,0.8174924032568407,1,0,0,0.0,0.0
VNM,10,9503,19,202412,23,120.01,7860.81,0.8174924032568407,1,0,0,0.0,0.0
VNM,10,9503,19,202501,24,129.28,8468.58,0.8174924032568407,1,0,0,0.0,0.0
VNM,10,9503,19,202502,25,132.34,8668.82,0.8174924032568407,1,0,0,0.0,0.0
VNM,10,9503,19,202503,26,111.27,7288.93,0.8174924032568407,1,0,0,0.0,0.0
VNM,10,9503,19,202504,27,121.04,7928.77,0.8174924032568407,1,1,1,0.8174924032568407,0.8174924032568407
VNM,10,9503,19,202505,28,116.79,7650.47,0.8174924032568407,1,1,1,0.8174924032568407,0.8174924032568407
VNM,10,9503,19,202506,29,122.78,8042.85,0.8174924032568407,1,1,1,0.8174924032568407,0.8174924032568407
VNM,10,9503,19,202507,30,144.75,9481.39,0.8174924032568407,1,1,1,0.8174924032568407,0.8174924032568407
VNM,10,9503,19,202508,31,182.16,11987.67,0.8174924032568407,1,1,1,0.8174924032568407,0.8174924032568407
VNM,10,9503,19,202509,32,253.11,16656.83,0.8174924032568407,1,1,1,0.8174924032568407,0.8174924032568407
VNM,10,9503,19,202510,33,283.86,18680.14,0.8174924032568407,1,1,1,0.8174924032568407,0.8174924032568407
VNM,10,9503,19,202511,34,213.43,14045.28,0.8174924032568407,1,1,1,0.8174924032568407,0.8174924032568407
VNM,10,9503,19,202512,35,142.09,9350.73,0.8174924032568407,1,1,1,0.8174924032568407,0.8174924032568407
